Id,Geography,under_5_per,five_to_17_per,child_per,Id2,per_25_64_assoc_plus,per_25_64_bach_plus,per_25_64_grad,per_25_34_assoc_plus,per_25_34_bach_plus,per_25_34_grad,enrolled_3_4,per_high_wage,Neighborhood
1400000US21111000200,"Census Tract 2, Jefferson County, Kentucky",0.2679738562091503,0.5201465201465202,0.4295774647887324,21111000200,0.0977751756440281,0.0234192037470726,0.00351288056206089,0.07207207207207207,0.03963963963963964,0,64.0,0.20606826801517067,Portland
1400000US21111000300,"Census Tract 3, Jefferson County, Kentucky",0.46842105263157896,0.4804177545691906,0.47643979057591623,21111000300,0.15337423312883436,0.032975460122699383,0.00843558282208589,0.08259587020648967,0.05604719764011799,0,60.7,0.17490952955367914,Portland
1400000US21111000400,"Census Tract 4, Jefferson County, Kentucky",0.5313531353135313,0.33866666666666667,0.3795518207282913,21111000400,0.2027632561613144,0.10231516056758776,0.045929798356982826,0.19272727272727272,0.05454545454545454,0.016363636363636365,29.9,0.26329113924050634,Chickasaw-Shawnee
1400000US21111000600,"Census Tract 6, Jefferson County, Kentucky",0.5738636363636364,0.6844919786096256,0.649090909090909,21111000600,0.1297229219143577,0.06926952141057935,0.047858942065491183,0.07142857142857142,0.02040816326530612,0.02040816326530612,35.1,0.15873015873015872,Russell
1400000US21111000700,"Census Tract 7, Jefferson County, Kentucky",0.8630952380952381,0.49146757679180886,0.5742705570291777,21111000700,0.17556783302639656,0.10497237569060773,0.04419889502762431,0,0,0,33.3,0.23378995433789954,Chickasaw-Shawnee
1400000US21111000800,"Census Tract 8, Jefferson County, Kentucky",0.09523809523809523,0.3465909090909091,0.2803347280334728,21111000800,0.19412288512911843,0.12733748886910062,0.05075690115761353,0.2392638036809816,0.049079754601226995,0,88.0,0.23459459459459459,Chickasaw-Shawnee
1400000US21111000900,"Census Tract 9, Jefferson County, Kentucky",0.6728971962616822,0.3605577689243028,0.4154351395730706,21111000900,0.21052631578947367,0.11061552185548618,0.09901873327386262,0.40350877192982454,0.17192982456140352,0.17192982456140352,39.0,0.1638981173864895,Chickasaw-Shawnee
1400000US21111001000,"Census Tract 10, Jefferson County, Kentucky",0.5860655737704918,0.5673671199011124,0.5716999050332384,21111001e3,0.13930722891566266,0.12424698795180723,0.050451807228915665,0.19197707736389685,0.19197707736389685,0.07449856733524356,47.1,0.1420940170940171,California-Parkland
1400000US21111001100,"Census Tract 11, Jefferson County, Kentucky",0.4230769230769231,0.2113095238095238,0.25644028103044497,21111001100,0.2972665148063781,0.25341685649202733,0.11560364464692482,0.2054380664652568,0.2054380664652568,0.054380664652567974,12.5,0.2674772036474164,Chickasaw-Shawnee
1400000US21111001200,"Census Tract 12, Jefferson County, Kentucky",0.2611111111111111,0.21132075471698114,0.223943661971831,21111001200,0.19494344644045242,0.09314703925482369,0.05189620758483034,0.06134969325153374,0,0,34.5,0.26719840478564305,Chickasaw-Shawnee
1400000US21111001400,"Census Tract 14, Jefferson County, Kentucky",0.34959349593495936,0.47642079806529625,0.46,21111001400,0.2685539403213466,0.17750573833205815,0.08186687069625095,0.25161290322580643,0.14193548387096774,0,47.6,0.3120772946859903,Algonquin-Park Hill-Park Duvalle
1400000US21111001500,"Census Tract 15, Jefferson County, Kentucky",0.38620689655172413,0.8490566037735849,0.7311072056239016,21111001500,0.2,0.125,0.02625,0.35904255319148937,0.300531914893617,0,100.0,0.3656429942418426,Algonquin-Park Hill-Park Duvalle
1400000US21111001600,"Census Tract 16, Jefferson County, Kentucky",0.7207207207207207,0.5158227848101266,0.5464333781965006,21111001600,0.1357429718875502,0.09558232931726908,0.06746987951807229,0.08668730650154799,0.08668730650154799,0,56.1,0.18331374853113983,Algonquin-Park Hill-Park Duvalle
1400000US21111001700,"Census Tract 17, Jefferson County, Kentucky",0.5732484076433121,0.40350877192982454,0.45143884892086333,21111001700,0.21272365805168986,0.05467196819085487,0.040755467196819085,0.38768115942028986,0.06884057971014493,0.06884057971014493,64.6,0.10497237569060773,California-Parkland
1400000US21111001800,"Census Tract 18, Jefferson County, Kentucky",0.7165775401069518,0.5302593659942363,0.5955056179775281,21111001800,0.16526946107784432,0.10658682634730539,0.03952095808383234,0.23715415019762845,0.16996047430830039,0.07905138339920949,26.1,0.10383386581469649,California-Parkland
1400000US21111002100,"Census Tract 21, Jefferson County, Kentucky",0.7362637362637363,0.7091254752851711,0.7161016949152542,21111002100,0.08135072908672294,0.039907904834996163,0.019953952417498082,0.034055727554179564,0.034055727554179564,0.034055727554179564,10.4,0.2538940809968847,Portland
1400000US21111002300,"Census Tract 23, Jefferson County, Kentucky",0.6294416243654822,0.49019607843137253,0.522093023255814,21111002300,0.08762057877813505,0.04421221864951769,0,0.12200956937799043,0.05741626794258373,0,24.6,0.18242343541944075,Portland
1400000US21111002400,"Census Tract 24, Jefferson County, Kentucky",0.4722689075630252,0.3705080545229244,0.4136947218259629,21111002400,0.1598499061913696,0.12307692307692308,0.06641651031894934,0.11231393775372124,0.023004059539918808,0.023004059539918808,37.6,0.3178511471740347,Russell
1400000US21111002700,"Census Tract 27, Jefferson County, Kentucky",0.5416666666666666,0.6017857142857143,0.5879120879120879,21111002700,0.14500326583932072,0.062050947093403,0.040496407576747225,0.15778251599147122,0.07036247334754797,0,100.0,0.1,California-Parkland
1400000US21111002800,"Census Tract 28, Jefferson County, Kentucky",0.4270833333333333,0.3935483870967742,0.4014778325123153,21111002800,0.14272030651340997,0.06800766283524905,0.019157088122605363,0.2391304347826087,0.12422360248447205,0.012422360248447204,100.0,0.1422087745839637,Algonquin-Park Hill-Park Duvalle
1400000US21111003000,"Census Tract 30, Jefferson County, Kentucky",1,0.8803329864724245,0.9226630800268998,21111003e3,0.05573770491803279,0.024918032786885248,0.01377049180327869,0.03739837398373984,0.03739837398373984,0.02926829268292683,48.8,0.06702412868632708,Russell
1400000US21111003500,"Census Tract 35, Jefferson County, Kentucky",1,0.8194993412384717,0.8810763888888888,21111003500,0.125,0.075,0.040740740740740744,0.14221218961625282,0.1038374717832957,0.0835214446952596,32.3,0.1616795366795367,Algonquin-Park Hill-Park Duvalle
1400000US21111003600,"Census Tract 36, Jefferson County, Kentucky",0.6710526315789473,0.6959016393442623,0.6909448818897638,21111003600,0.18760757314974183,0.10705679862306368,0.06815834767641997,0.16266944734098018,0.09801876955161627,0.013555787278415016,33.3,0.2031729785056295,South Central Louisville
1400000US21111003700,"Census Tract 37, Jefferson County, Kentucky",0.32894736842105265,0.4221556886227545,0.40487804878048783,21111003700,0.09739524348810873,0.08154020385050963,0.057757644394110984,0.06153846153846154,0.035897435897435895,0.035897435897435895,42.5,0.22014925373134328,South Central Louisville
1400000US21111003800,"Census Tract 38, Jefferson County, Kentucky",0.21611721611721613,0.1482889733840304,0.17146433041301626,21111003800,0.20822210357714896,0.13347570742124934,0.08756006406833956,0.4199475065616798,0.3228346456692913,0.15223097112860892,0.0,0.2451564828614009,South Central Louisville
1400000US21111003900,"Census Tract 39, Jefferson County, Kentucky",0.8786764705882353,0.5186522262334536,0.6074342701722575,21111003900,0.16180904522613065,0.0592964824120603,0.04120603015075377,0.0967741935483871,0.0777988614800759,0.009487666034155597,45.1,0.2592838196286472,South Central Louisville
1400000US21111004000,"Census Tract 40, Jefferson County, Kentucky",0,0.18571428571428572,0.15522388059701492,21111004e3,0.12342342342342343,0.06846846846846846,0.02702702702702703,0.300561797752809,0.1544943820224719,0.047752808988764044,48.5,0.18823529411764706,South Central Louisville
1400000US21111004100,"Census Tract 41, Jefferson County, Kentucky",0.5110132158590308,0.501984126984127,0.5047879616963065,21111004100,0.17472375690607736,0.08701657458563536,0.03038674033149171,0.2680221811460259,0.16635859519408502,0.014787430683918669,23.9,0.21996124031007752,South Central Louisville
1400000US21111004301,"Census Tract 43.01, Jefferson County, Kentucky",0.47983014861995754,0.6248382923673997,0.569935691318328,21111004301,0.1686592655849701,0.10888129803586678,0.05807002561912895,0.17638036809815952,0.0736196319018405,0.013803680981595092,33.0,0.16828849456210646,South Central Louisville
1400000US21111004302,"Census Tract 43.02, Jefferson County, Kentucky",0.47619047619047616,0.2608695652173913,0.3324538258575198,21111004302,0.07625,0.04625,0.0375,0.11711711711711711,0.0990990990990991,0.06756756756756757,0.0,0.20704845814977973,South Louisville
1400000US21111004400,"Census Tract 44, Jefferson County, Kentucky",0.23529411764705882,0.2113144758735441,0.21776155717761558,21111004400,0.28028609745194455,0.19892713455520786,0.09342869915064819,0.34976525821596244,0.2699530516431925,0.04929577464788732,39.7,0.23147208121827412,South Louisville
1400000US21111004500,"Census Tract 45, Jefferson County, Kentucky",0.494949494949495,0.41186161449752884,0.4391592920353982,21111004500,0.2076749435665914,0.13318284424379231,0.09367945823927765,0.11699779249448124,0.04194260485651214,0.04194260485651214,11.0,0.2828451882845188,South Louisville
1400000US21111004600,"Census Tract 46, Jefferson County, Kentucky",0.19383259911894274,0.3150684931506849,0.2777777777777778,21111004600,0.3184198000951928,0.25321275583055686,0.10518800571156592,0.42021276595744683,0.3528368794326241,0.13829787234042554,58.4,0.32581322140608604,South Louisville
1400000US21111004900,"Census Tract 49, Jefferson County, Kentucky",1,0.8289473684210527,0.8547486033519553,21111004900,0.2575452716297787,0.19718309859154928,0.1199195171026157,0.2632183908045977,0.2160919540229885,0.1482758620689655,0.0,0.4781021897810219,Downtown-Old Louisville-University
1400000US21111005000,"Census Tract 50, Jefferson County, Kentucky",0.2916666666666667,0.1891891891891892,0.2178988326848249,21111005e3,0.20685111989459815,0.15019762845849802,0.08432147562582346,0.33480176211453744,0.22026431718061673,0.10572687224669604,0.0,0.2932330827067669,Downtown-Old Louisville-University
1400000US21111005100,"Census Tract 51, Jefferson County, Kentucky",NaN,0.04950495049504951,0.04950495049504951,21111005100,0.3762855414398064,0.33756805807622503,0.27404718693284935,0.30601092896174864,0.30601092896174864,0.16393442622950818,-,0.42086586231369766,Downtown-Old Louisville-University
1400000US21111005200,"Census Tract 52, Jefferson County, Kentucky",0.4473684210526316,0.03278688524590164,0.11548556430446194,21111005200,0.4762954796030871,0.43274531422271223,0.2552370452039691,0.5703703703703704,0.48,0.14222222222222222,61.8,0.39453125,Downtown-Old Louisville-University
1400000US21111005300,"Census Tract 53, Jefferson County, Kentucky",0,0.5921052631578947,0.391304347826087,21111005300,0.5651105651105651,0.4914004914004914,0.31203931203931207,0.589622641509434,0.5188679245283019,0.25471698113207547,20.8,0.26015625,Downtown-Old Louisville-University
1400000US21111005600,"Census Tract 56, Jefferson County, Kentucky",0.5795454545454546,0.3601003764115433,0.4381568310428456,21111005600,0.13656387665198239,0.11600587371512482,0.05775819872736172,0.09475218658892129,0.09475218658892129,0,55.1,0.22428419936373276,South Louisville
1400000US21111005900,"Census Tract 59, Jefferson County, Kentucky",0.36883116883116884,0.4651898734177215,0.4122681883024251,21111005900,0.2636165577342048,0.23529411764705882,0.11764705882352941,0.5219730941704036,0.5049327354260089,0.23766816143497757,39.9,0.2628163530175211,Phoenix Hill-Smoketown-Shelby Park
1400000US21111006200,"Census Tract 62, Jefferson County, Kentucky",0.8657407407407407,0.6466876971608833,0.7354596622889306,21111006200,0.12256586483390607,0.08705612829324169,0.05154639175257732,0.1532567049808429,0.1532567049808429,0.07279693486590039,38.5,0.30357142857142855,Phoenix Hill-Smoketown-Shelby Park
1400000US21111006300,"Census Tract 63, Jefferson County, Kentucky",0.49230769230769234,0.35195530726256985,0.38934426229508196,21111006300,0.44454148471615723,0.39650655021834064,0.14847161572052403,0.569937369519833,0.5219206680584552,0.12317327766179541,25.0,0.32040816326530613,Germantown
1400000US21111006400,"Census Tract 64, Jefferson County, Kentucky",0.2976190476190476,0.22560975609756098,0.25,21111006400,0.5860585197934596,0.5034423407917383,0.24010327022375216,0.5456521739130434,0.4543478260869565,0.2217391304347826,72.0,0.5135640785781104,Highlands
1400000US21111006500,"Census Tract 65, Jefferson County, Kentucky",0.625,0.7314439946018894,0.6971637694419031,21111006500,0.2004675628287551,0.15663354763296317,0.07948568088836938,0.29533678756476683,0.21934369602763384,0.1070811744386874,53.4,0.21413276231263384,Phoenix Hill-Smoketown-Shelby Park
1400000US21111006600,"Census Tract 66, Jefferson County, Kentucky",0.6037735849056604,0.6206896551724138,0.6126126126126126,21111006600,0.49184782608695654,0.4492753623188406,0.276268115942029,0.5050251256281407,0.4296482412060301,0.16331658291457288,0.0,0.5758106923751095,Downtown-Old Louisville-University
1400000US21111006800,"Census Tract 68, Jefferson County, Kentucky",0.11258278145695365,0.28717948717948716,0.21098265895953758,21111006800,0.5051464766429137,0.4093428345209818,0.20190023752969122,0.6328125,0.55078125,0.224609375,89.5,0.4323104693140794,Germantown
1400000US21111006900,"Census Tract 69, Jefferson County, Kentucky",0.07092198581560284,0.27467811158798283,0.19786096256684493,21111006900,0.42383209207853756,0.32159783344617465,0.1922816519972918,0.3962536023054755,0.3270893371757925,0.15706051873198848,53.8,0.4772545889864326,Germantown
1400000US21111007000,"Census Tract 70, Jefferson County, Kentucky",0.15625,0.1776061776061776,0.16851441241685144,21111007e3,0.5228859581070597,0.4484096198603569,0.20403413498836306,0.6699029126213593,0.5946601941747572,0.24271844660194175,37.2,0.4532671629445823,Germantown
1400000US21111007100,"Census Tract 71, Jefferson County, Kentucky",0,0.625,0.3988183161004431,21111007100,0.3820704375667022,0.2945570971184632,0.1511917467093561,0.532258064516129,0.4965437788018433,0.20967741935483872,64.4,0.40831408775981526,Germantown
1400000US21111007400,"Census Tract 74, Jefferson County, Kentucky",0.2753623188405797,0.1951219512195122,0.22395833333333334,21111007400,0.6172839506172839,0.5568551007147499,0.2599090318388564,0.7450980392156863,0.7,0.24313725490196078,36.7,0.6062052505966588,Butchertown-Clifton-Crescent Hill
1400000US21111007501,"Census Tract 75.01, Jefferson County, Kentucky",0.009433962264150943,0.021413276231263382,0.018370607028753993,21111007501,0.8424630147940824,0.8184726109556177,0.536985205917633,0.8043478260869565,0.7789855072463768,0.532608695652174,83.5,0.678448275862069,Northeast Jefferson
1400000US21111007502,"Census Tract 75.02, Jefferson County, Kentucky",0.045871559633027525,0.052873563218390804,0.051470588235294115,21111007502,0.7102486812358704,0.6563677467972872,0.42614920874152223,0.6075471698113207,0.5735849056603773,0.21509433962264152,49.3,0.6386661038412832,Northeast Jefferson
1400000US21111007601,"Census Tract 76.01, Jefferson County, Kentucky",0.05454545454545454,0.11976047904191617,0.09386281588447654,21111007601,0.7348295926849543,0.6450540315876975,0.3798836242726517,0.8119469026548672,0.7035398230088495,0.16150442477876106,50.0,0.5864734299516908,Butchertown-Clifton-Crescent Hill
1400000US21111007602,"Census Tract 76.02, Jefferson County, Kentucky",0.4260355029585799,0.38461538461538464,0.40093240093240096,21111007602,0.47654537483559845,0.42744410346339323,0.24857518632178868,0.6199756394640682,0.5980511571254568,0.315468940316687,58.3,0.42820773930753564,Butchertown-Clifton-Crescent Hill
1400000US21111007603,"Census Tract 76.03, Jefferson County, Kentucky",0.17482517482517482,0.04054054054054054,0.10652920962199312,21111007603,0.6645285439384221,0.5894804361770366,0.28992944194996795,0.7366906474820144,0.7035971223021583,0.2517985611510791,80.0,0.5237776289350301,Butchertown-Clifton-Crescent Hill
1400000US21111007700,"Census Tract 77, Jefferson County, Kentucky",0.3146551724137931,0.0779816513761468,0.1601796407185629,21111007700,0.7644970414201183,0.7005917159763314,0.3757396449704142,0.786692759295499,0.7592954990215264,0.19960861056751467,87.6,0.6120857699805068,Butchertown-Clifton-Crescent Hill
1400000US21111007800,"Census Tract 78, Jefferson County, Kentucky",0,0.07615230460921844,0.0572289156626506,21111007800,0.7106824925816023,0.5974282888229476,0.3264094955489614,0.7665706051873199,0.6268011527377522,0.2824207492795389,56.3,0.4914572864321608,Butchertown-Clifton-Crescent Hill
1400000US21111007900,"Census Tract 79, Jefferson County, Kentucky",0,0.1005586592178771,0.0728744939271255,21111007900,0.7058823529411765,0.6805555555555556,0.39215686274509803,0.765807962529274,0.7447306791569087,0.33489461358313816,47.5,0.567654123298639,Butchertown-Clifton-Crescent Hill
1400000US21111008100,"Census Tract 81, Jefferson County, Kentucky",0,0.14470284237726097,0.12147505422993492,21111008100,0.52082336045955,0.4427955959789373,0.2350406893250359,0.7803468208092486,0.653179190751445,0.342485549132948,25.7,0.4479911942762796,Butchertown-Clifton-Crescent Hill
1400000US21111008200,"Census Tract 82, Jefferson County, Kentucky",0.391304347826087,0.04700854700854701,0.1254125412541254,21111008200,0.7421934501142422,0.7162985529322163,0.4044173648134044,0.8227344992050875,0.8052464228934817,0.38553259141494434,54.2,0.612952968388589,Highlands
1400000US21111008300,"Census Tract 83, Jefferson County, Kentucky",0,0.034934497816593885,0.02346041055718475,21111008300,0.6995600251414205,0.6297925832809553,0.37083595223130106,0.6053921568627451,0.5906862745098039,0.15441176470588236,44.0,0.5854755784061697,Highlands
1400000US21111008400,"Census Tract 84, Jefferson County, Kentucky",0.09333333333333334,0.03125,0.05251141552511415,21111008400,0.6785145888594164,0.6514588859416446,0.3427055702917772,0.7520661157024794,0.7355371900826446,0.3504132231404959,80.0,0.5744927536231884,Highlands
1400000US21111008500,"Census Tract 85, Jefferson County, Kentucky",0,0.1456953642384106,0.08906882591093117,21111008500,0.7305348679756263,0.6790792146242384,0.42924847664184157,0.6992619926199262,0.6494464944649446,0.2785977859778598,100.0,0.6354029062087186,Highlands
1400000US21111008700,"Census Tract 87, Jefferson County, Kentucky",0,0,0,21111008700,0.8170731707317073,0.7736585365853659,0.5190243902439025,0.7891373801916933,0.7891373801916933,0.33226837060702874,71.9,0.6098654708520179,Highlands
1400000US21111008800,"Census Tract 88, Jefferson County, Kentucky",0,0,0,21111008800,0.7959295929592959,0.7585258525852585,0.48184818481848185,0.9014084507042254,0.8826291079812206,0.4107981220657277,70.5,0.6139339968569932,Highlands
1400000US21111008900,"Census Tract 89, Jefferson County, Kentucky",0.06204379562043796,0.07653061224489796,0.07057057057057058,21111008900,0.7622478386167147,0.7031700288184438,0.4514889529298751,0.7392120075046904,0.6941838649155723,0.2964352720450281,71.2,0.6042143838754008,Southeast Louisville
1400000US21111009000,"Census Tract 90, Jefferson County, Kentucky",0.4463667820069204,0.18785578747628084,0.24348473566641846,21111009e3,0.30532544378698223,0.21715976331360948,0.12781065088757396,0.24208566108007448,0.16759776536312848,0.0037243947858473,0.0,0.21864406779661016,South Louisville
1400000US21111009103,"Census Tract 91.03, Jefferson County, Kentucky",0.6015037593984962,0.2360655737704918,0.3470319634703196,21111009103,0.10893246187363835,0.05773420479302832,0.02287581699346405,0.060240963855421686,0.060240963855421686,0.012048192771084338,40.0,0.185121107266436,South Louisville
1400000US21111009105,"Census Tract 91.05, Jefferson County, Kentucky",0.7662835249042146,0.48,0.540453074433657,21111009105,0.2017220172201722,0.14760147601476015,0.10516605166051661,0.17592592592592593,0.009259259259259259,0.009259259259259259,0.0,0.20480225988700565,South Louisville
1400000US21111009106,"Census Tract 91.06, Jefferson County, Kentucky",0.06862745098039216,0.07506361323155217,0.07326007326007326,21111009106,0.21897559298728086,0.15331729116534892,0.06978343073221038,0.21842105263157896,0.17105263157894737,0.09078947368421053,23.0,0.3701863354037267,South Louisville
1400000US21111009300,"Census Tract 93, Jefferson County, Kentucky",0.049586776859504134,0.12401574803149606,0.1,21111009300,0.4983642311886587,0.4049436568520538,0.19229371137768084,0.6980392156862745,0.6222222222222222,0.23921568627450981,16.7,0.4188034188034188,Southeast Louisville
1400000US21111009400,"Census Tract 94, Jefferson County, Kentucky",0.4636118598382749,0.34115523465703973,0.37187288708586885,21111009400,0.4050697084917617,0.30975918884664133,0.1891001267427123,0.3917525773195876,0.28209934395501407,0.1105904404873477,53.5,0.4127779517694958,Southeast Louisville
1400000US21111009600,"Census Tract 96, Jefferson County, Kentucky",0.3215339233038348,0.4276729559748428,0.38357843137254904,21111009600,0.7491408934707904,0.7109106529209622,0.4428694158075601,0.7540983606557377,0.7540983606557377,0.3255269320843091,59.4,0.725925925925926,Southeast Louisville
1400000US21111009700,"Census Tract 97, Jefferson County, Kentucky",0.008695652173913044,0.11501597444089456,0.06998158379373849,21111009700,0.618437900128041,0.5172855313700384,0.29897567221510885,0.6088794926004228,0.5391120507399577,0.20507399577167018,96.7,0.5962938451356717,Southeast Louisville
1400000US21111009800,"Census Tract 98, Jefferson County, Kentucky",0,0,0,21111009800,0.7005685407454201,0.6632975363234365,0.30195830701200255,0.7442348008385744,0.6876310272536688,0.23689727463312368,89.1,0.6116838487972509,St. Matthews
1400000US21111009900,"Census Tract 99, Jefferson County, Kentucky",0.019704433497536946,0.07236842105263158,0.05128205128205128,21111009900,0.5864661654135338,0.5344611528822055,0.2681704260651629,0.580078125,0.55859375,0.216796875,49.4,0.47311178247734137,St. Matthews
1400000US21111010001,"Census Tract 100.01, Jefferson County, Kentucky",0.037037037037037035,0.09760956175298804,0.08104196816208394,21111010001,0.6993185689948893,0.6571550255536627,0.40417376490630325,0.7065727699530516,0.6643192488262911,0.27230046948356806,77.8,0.6010661928031986,St. Matthews
1400000US21111010004,"Census Tract 100.04, Jefferson County, Kentucky",0.35148514851485146,0.2523148148148148,0.28391167192429023,21111010004,0.4673867885334441,0.4233485666805152,0.165351059410054,0.44970414201183434,0.41301775147928993,0.05325443786982249,91.7,0.36521022258862323,Northeast Jefferson
1400000US21111010005,"Census Tract 100.05, Jefferson County, Kentucky",0.025380710659898477,0.22784810126582278,0.15009746588693956,21111010005,0.4624413145539906,0.37167449139280123,0.18192488262910797,0.47334410339256866,0.32148626817447495,0.11308562197092084,36.7,0.4302904564315353,Northeast Jefferson
1400000US21111010006,"Census Tract 100.06, Jefferson County, Kentucky",0.1746031746031746,0.20964360587002095,0.19753086419753085,21111010006,0.5510543840177581,0.46614872364039955,0.22197558268590456,0.5497512437810945,0.4701492537313433,0.14427860696517414,48.8,0.4559643255295429,Northeast Jefferson
1400000US21111010007,"Census Tract 100.07, Jefferson County, Kentucky",0,0.007168458781362007,0.005031446540880503,21111010007,0.6864734299516908,0.6082125603864734,0.30579710144927535,0.7620253164556962,0.6506329113924051,0.2,81.9,0.5273359840954275,Northeast Jefferson
1400000US21111010008,"Census Tract 100.08, Jefferson County, Kentucky",0.0375,0.050340136054421766,0.048044692737430165,21111010008,0.6655518394648829,0.5774804905239688,0.31438127090301005,0.6441102756892231,0.5488721804511278,0.2756892230576441,39.1,0.5354872881355932,Northeast Jefferson
1400000US21111010102,"Census Tract 101.02, Jefferson County, Kentucky",0,0.0049261083743842365,0.0038071065989847717,21111010102,0.726298875200857,0.6770219603642207,0.38671665773968933,0.7595628415300546,0.6994535519125683,0.30327868852459017,72.0,0.641914191419142,Northeast Jefferson
1400000US21111010103,"Census Tract 101.03, Jefferson County, Kentucky",0.2111111111111111,0.14412811387900357,0.1658653846153846,21111010103,0.5491895966830004,0.46136449302676213,0.1752732755371278,0.6420664206642066,0.559040590405904,0.08487084870848709,70.3,0.4133388225607246,Northeast Jefferson
1400000US21111010104,"Census Tract 101.04, Jefferson County, Kentucky",0.11976047904191617,0.1875,0.16263736263736264,21111010104,0.5538373424971363,0.49140893470790376,0.18900343642611683,0.6342281879194631,0.6023489932885906,0.18624161073825504,38.5,0.40878754171301446,Northeast Jefferson
1400000US21111010307,"Census Tract 103.07, Jefferson County, Kentucky",0.053125,0.1128747795414462,0.09131905298759865,21111010307,0.6959567016873607,0.6290990130531677,0.32601082457815983,0.655688622754491,0.6317365269461078,0.19610778443113772,67.9,0.5617328519855596,Northeast Jefferson
1400000US21111010309,"Census Tract 103.09, Jefferson County, Kentucky",0.0091324200913242,0.03416856492027335,0.02917046490428441,21111010309,0.7212783171521036,0.6537216828478964,0.4279935275080906,0.432712215320911,0.37888198757763975,0.21739130434782608,77.3,0.5659764514819327,Northeast Jefferson
1400000US21111010311,"Census Tract 103.11, Jefferson County, Kentucky",0.15682281059063136,0.2082343626286619,0.19384264538198404,21111010311,0.53430749682338,0.4409148665819568,0.22384582803896655,0.6303871439006574,0.4799123447772096,0.1329437545653762,76.0,0.466728280961183,Northeast Jefferson
1400000US21111010312,"Census Tract 103.12, Jefferson County, Kentucky",0,0,0,21111010312,0.7909887359198998,0.7528160200250313,0.4493116395494368,0.9803921568627451,0.9803921568627451,0.3137254901960784,0.0,0.5679012345679012,Northeast Jefferson
1400000US21111010313,"Census Tract 103.13, Jefferson County, Kentucky",0,0.04755784061696658,0.03923647932131495,21111010313,0.7769028871391076,0.7042869641294838,0.44663167104111984,0.9241379310344827,0.8793103448275862,0.5379310344827586,91.2,0.6894467689446769,Northeast Jefferson
1400000US21111010314,"Census Tract 103.14, Jefferson County, Kentucky",0,0,0,21111010314,0.6998886414253898,0.6391982182628062,0.38474387527839643,0.776255707762557,0.7397260273972602,0.4520547945205479,54.1,0.5996435996435996,Northeast Jefferson
1400000US21111010315,"Census Tract 103.15, Jefferson County, Kentucky",0.2576419213973799,0.04020100502512563,0.10048426150121065,21111010315,0.724622030237581,0.6630669546436285,0.36825053995680346,0.665943600867679,0.665943600867679,0.14967462039045554,57.8,0.5882719900187149,Northeast Jefferson
1400000US21111010316,"Census Tract 103.16, Jefferson County, Kentucky",0,0.058159722222222224,0.04734982332155477,21111010316,0.7622298065984073,0.6575654152445961,0.41827834660599167,0.7666666666666667,0.6033333333333334,0.2866666666666667,71.7,0.614570097416349,Northeast Jefferson
1400000US21111010317,"Census Tract 103.17, Jefferson County, Kentucky",0.007633587786259542,0.0022346368715083797,0.003457216940363008,21111010317,0.7513877874702617,0.6923076923076923,0.4028548770816812,0.8417085427135679,0.8090452261306532,0.3391959798994975,72.1,0.6031598513011153,Northeast Jefferson
1400000US21111010318,"Census Tract 103.18, Jefferson County, Kentucky",0.02464788732394366,0.04639175257731959,0.04146730462519936,21111010318,0.804282368685179,0.7290063566410171,0.4523251923720308,0.8469945355191257,0.7584699453551913,0.32131147540983607,94.3,0.6277685950413223,Northeast Jefferson
1400000US21111010319,"Census Tract 103.19, Jefferson County, Kentucky",0.23529411764705882,0.2218091697645601,0.22536496350364962,21111010319,0.6238207547169812,0.5448113207547169,0.2755503144654088,0.7085253456221198,0.5875576036866359,0.25921658986175117,75.4,0.5249088699878494,Northeast Jefferson
1400000US21111010320,"Census Tract 103.20, Jefferson County, Kentucky",0.03278688524590164,0.0273224043715847,0.02927400468384075,21111010320,0.546494281452014,0.4604674291397315,0.2779711586275485,0.5305810397553516,0.4525993883792049,0.16819571865443425,63.6,0.49131274131274133,Northeast Jefferson
1400000US21111010402,"Census Tract 104.02, Jefferson County, Kentucky",0.1992619926199262,0.07758620689655173,0.10266159695817491,21111010402,0.6935011709601874,0.5576697892271663,0.303864168618267,0.6761006289308176,0.5880503144654088,0.13522012578616352,63.8,0.5426008968609866,Floyd's Fork
1400000US21111010403,"Census Tract 104.03, Jefferson County, Kentucky",0.05263157894736842,0.018151815181518153,0.02282453637660485,21111010403,0.7148253068932956,0.6440037771482531,0.3829084041548631,0.8149171270718232,0.6878453038674033,0.1850828729281768,31.1,0.6187961985216474,Northeast Jefferson
1400000US21111010405,"Census Tract 104.05, Jefferson County, Kentucky",0.004366812227074236,0.2115987460815047,0.1568627450980392,21111010405,0.5906480721903199,0.4721082854799016,0.27440525020508616,0.6075778078484438,0.43437077131258456,0.11772665764546685,9.3,0.5854922279792746,Northeast Jefferson
1400000US21111010406,"Census Tract 104.06, Jefferson County, Kentucky",0.19325153374233128,0.17386934673366833,0.17865253595760788,21111010406,0.7002715546503734,0.6327223353699932,0.3662593346911066,0.9267782426778243,0.8221757322175732,0.30962343096234307,100.0,0.523269456394212,Northeast Jefferson
1400000US21111010500,"Census Tract 105, Jefferson County, Kentucky",0,0.056862745098039215,0.045171339563862926,21111010500,0.5664798777381559,0.46663270504330107,0.2857870606214977,0.692929292929293,0.593939393939394,0.2545454545454545,30.4,0.5554479418886199,St. Matthews
1400000US21111010601,"Census Tract 106.01, Jefferson County, Kentucky",0.497737556561086,0.025,0.23353293413173654,21111010601,0.7164846077457795,0.6405163853028798,0.3113207547169811,0.6880630630630631,0.6497747747747747,0.26463963963963966,64.9,0.5562805872756933,St. Matthews
1400000US21111010602,"Census Tract 106.02, Jefferson County, Kentucky",0.2099644128113879,0.4553191489361702,0.32170542635658916,21111010602,0.6409235668789809,0.5636942675159236,0.25119426751592355,0.6996699669966997,0.6031353135313532,0.20132013201320131,36.0,0.47653142402545745,St. Matthews
1400000US21111010701,"Census Tract 107.01, Jefferson County, Kentucky",0,0.043478260869565216,0.029484029484029485,21111010701,0.8279525950143032,0.7789129546383327,0.47609317531671436,0.8478835978835979,0.8478835978835979,0.2605820105820106,100.0,0.5902716914986854,J-Town
1400000US21111010702,"Census Tract 107.02, Jefferson County, Kentucky",0.12269938650306748,0.06752873563218391,0.08512720156555773,21111010702,0.6323076923076923,0.5612307692307692,0.2956923076923077,0.751937984496124,0.6891472868217055,0.30387596899224806,62.1,0.5893210283454186,J-Town
1400000US21111010705,"Census Tract 107.05, Jefferson County, Kentucky",0,0.006738544474393531,0.004492362982929021,21111010705,0.6955380577427821,0.6319626713327501,0.3648293963254593,0.6664184661206255,0.6344005956813105,0.23231571109456442,29.5,0.5415766738660908,J-Town
1400000US21111010706,"Census Tract 107.06, Jefferson County, Kentucky",0,0.11751662971175167,0.07748538011695906,21111010706,0.6277157956547269,0.5237815619495009,0.2595419847328244,0.6086021505376344,0.5010752688172043,0.12688172043010754,63.2,0.5135135135135135,J-Town
1400000US21111010800,"Census Tract 108, Jefferson County, Kentucky",0.19444444444444445,0.21548821548821548,0.20512820512820512,21111010800,0.6485355648535565,0.5308577405857741,0.2672594142259414,0.6968325791855203,0.6229260935143288,0.248868778280543,21.3,0.5445757250268528,Southeast Louisville
1400000US21111010901,"Census Tract 109.01, Jefferson County, Kentucky",0.5098743267504489,0.24480369515011546,0.3939393939393939,21111010901,0.3252032520325203,0.24575018477457503,0.1130820399113082,0.5,0.38804347826086955,0.06630434782608696,53.0,0.4947456914670029,Southeast Louisville
1400000US21111010902,"Census Tract 109.02, Jefferson County, Kentucky",0.09904153354632587,0.12636505460218408,0.11740041928721175,21111010902,0.5448868071818892,0.38953942232630756,0.15651834504293521,0.6691331923890064,0.5338266384778013,0.2156448202959831,44.5,0.3753512645523886,Southeast Louisville
1400000US21111011002,"Census Tract 110.02, Jefferson County, Kentucky",0.19699248120300752,0.4370629370629371,0.33223900196979644,21111011002,0.32580997451765564,0.2111394248270841,0.08918820531488897,0.3941541186891054,0.25066430469441986,0.0912311780336581,40.6,0.32021996615905246,Buechel-Newburg-Indian Trail
1400000US21111011003,"Census Tract 110.03, Jefferson County, Kentucky",0.0603448275862069,0.03003003003003003,0.04043392504930966,21111011003,0.36380597014925375,0.310634328358209,0.125,0.45510455104551045,0.3296432964329643,0.11685116851168512,55.8,0.37945981993998,Southeast Louisville
1400000US21111011004,"Census Tract 110.04, Jefferson County, Kentucky",0.4731774415405777,0.19909502262443438,0.3424460431654676,21111011004,0.42205833053972514,0.32886356017432117,0.1535367080120684,0.5566778900112234,0.500561167227834,0.18967452300785634,15.7,0.37670514165792235,Southeast Louisville
1400000US21111011005,"Census Tract 110.05, Jefferson County, Kentucky",0.14285714285714285,0.16666666666666666,0.16104868913857678,21111011005,0.30526315789473685,0.23157894736842105,0.13746130030959752,0.32722513089005234,0.25392670157068065,0.1387434554973822,83.3,0.29555416405760804,J-Town
1400000US21111011102,"Census Tract 111.02, Jefferson County, Kentucky",0,0.06586021505376344,0.039902280130293157,21111011102,0.45308788598574823,0.3916270783847981,0.18794536817102137,0.6256983240223464,0.5690343176376695,0.26975259377494015,77.9,0.4050473186119874,J-Town
1400000US21111011106,"Census Tract 111.06, Jefferson County, Kentucky",0.12312312312312312,0.24373379429559205,0.19967087218869994,21111011106,0.39140875133404485,0.2702774813233725,0.16088580576307365,0.6308169596690796,0.4446742502585315,0.2781799379524302,41.7,0.3099330032041946,J-Town
1400000US21111011109,"Census Tract 111.09, Jefferson County, Kentucky",0.09090909090909091,0.017316017316017316,0.02909090909090909,21111011109,0.41895261845386533,0.3059019118869493,0.17290108063175394,0.31095406360424027,0.2579505300353357,0.09187279151943463,38.2,0.4117647058823529,Fern Creek
1400000US21111011110,"Census Tract 111.10, Jefferson County, Kentucky",0.09491525423728814,0.02612330198537095,0.04233226837060703,21111011110,0.5247584541062802,0.4057971014492754,0.18689613526570048,0.5015337423312883,0.43098159509202455,0.0843558282208589,74.2,0.40210330961954843,Fern Creek
1400000US21111011111,"Census Tract 111.11, Jefferson County, Kentucky",0,0,0,21111011111,0.5009993337774816,0.4417055296469021,0.20519653564290474,0.43843031123139375,0.38836265223274696,0.04059539918809202,0.0,0.4728356116368735,J-Town
1400000US21111011112,"Census Tract 111.12, Jefferson County, Kentucky",0.32061068702290074,0.1861198738170347,0.20915032679738563,21111011112,0.5600794438927508,0.4493545183714002,0.1861966236345581,0.7595505617977528,0.6426966292134831,0.16404494382022472,100.0,0.4791979949874687,J-Town
1400000US21111011113,"Census Tract 111.13, Jefferson County, Kentucky",0.21153846153846154,0.026041666666666668,0.0481651376146789,21111011113,0.5426300578034682,0.4624277456647399,0.22976878612716764,0.6448598130841121,0.5420560747663551,0.04672897196261682,-,0.5485762144053601,J-Town
1400000US21111011114,"Census Tract 111.14, Jefferson County, Kentucky",0.2384937238493724,0.14190981432360741,0.16515609264853978,21111011114,0.580934101087652,0.4523352527191299,0.25879718490083176,0.6644591611479028,0.6313465783664459,0.36423841059602646,53.8,0.48744619799139166,J-Town
1400000US21111011200,"Census Tract 112, Jefferson County, Kentucky",0.4262734584450402,0.4369369369369369,0.4331087584215592,21111011200,0.29512098373661244,0.18722729075763586,0.10670368901229671,0.3400673400673401,0.15039281705948374,0.050505050505050504,10.5,0.294017094017094,Southeast Louisville
1400000US21111011301,"Census Tract 113.01, Jefferson County, Kentucky",0.10126582278481013,0.32044198895027626,0.25384615384615383,21111011301,0.2519747235387046,0.21011058451816747,0.08135860979462875,0.32608695652173914,0.27445652173913043,0,60.3,0.22416974169741696,Buechel-Newburg-Indian Trail
1400000US21111011302,"Census Tract 113.02, Jefferson County, Kentucky",0.45529573590096284,0.5137174211248285,0.494279176201373,21111011302,0.18381679389312977,0.08916030534351145,0.05526717557251908,0.22322899505766064,0.10296540362438221,0.0815485996705107,24.2,0.3265383163457909,Buechel-Newburg-Indian Trail
1400000US21111011403,"Census Tract 114.03, Jefferson County, Kentucky",0.4177215189873418,0.26859504132231404,0.3052959501557632,21111011403,0.1922222222222222,0.09444444444444444,0.04555555555555556,0.26223776223776224,0.14335664335664336,0.06293706293706294,31.6,0.41611624834874505,Buechel-Newburg-Indian Trail
1400000US21111011404,"Census Tract 114.04, Jefferson County, Kentucky",0.47126436781609193,0.38827258320126784,0.4125560538116592,21111011404,0.20162519045200608,0.12138141188420518,0.056881665820213305,0.14042553191489363,0.10070921985815603,0.04397163120567376,28.5,0.2713846153846154,Buechel-Newburg-Indian Trail
1400000US21111011405,"Census Tract 114.05, Jefferson County, Kentucky",0.5869565217391305,0.3302938196555218,0.4172806430006698,21111011405,0.27639344262295085,0.1377049180327869,0.08295081967213115,0.199442119944212,0.026499302649930265,0,15.2,0.2222222222222222,Buechel-Newburg-Indian Trail
1400000US21111011406,"Census Tract 114.06, Jefferson County, Kentucky",0.39669421487603307,0.15765765765765766,0.24198250728862974,21111011406,0.2791649611133852,0.17478510028653296,0.054441260744985676,0.33228346456692914,0.26614173228346455,0.029921259842519685,35.6,0.26286836935166996,Buechel-Newburg-Indian Trail
1400000US21111011505,"Census Tract 115.05, Jefferson County, Kentucky",0.09605488850771869,0.23990772779700115,0.1820689655172414,21111011505,0.43946188340807174,0.3487206541809549,0.17462410973357953,0.5153550863723608,0.3378119001919386,0.1362763915547025,17.7,0.3338888888888889,Highview-Okolona
1400000US21111011506,"Census Tract 115.06, Jefferson County, Kentucky",0.19899244332493704,0.29385574354407834,0.26907894736842103,21111011506,0.47845096814490945,0.35821361648969396,0.17426608369768895,0.5013850415512465,0.4224376731301939,0.0817174515235457,49.6,0.44068400427502674,Fern Creek
1400000US21111011508,"Census Tract 115.08, Jefferson County, Kentucky",0.23003194888178913,0.041044776119402986,0.09400179051029543,21111011508,0.5456498388829216,0.44790547798066593,0.19119226638023631,0.5966149506346967,0.5726375176304654,0.07193229901269393,75.9,0.4102654867256637,Highview-Okolona
1400000US21111011509,"Census Tract 115.09, Jefferson County, Kentucky",0.3639344262295082,0.19547657512116318,0.2510822510822511,21111011509,0.30387205387205385,0.2117003367003367,0.07702020202020202,0.3638814016172507,0.22776280323450135,0.03773584905660377,17.4,0.2640495867768595,Fern Creek
1400000US21111011513,"Census Tract 115.13, Jefferson County, Kentucky",0,0.15384615384615385,0.12738853503184713,21111011513,0.37856808610201215,0.23865231633130557,0.09546092653252222,0.5025125628140703,0.21105527638190955,0.09547738693467336,27.8,0.35441714584422374,Highview-Okolona
1400000US21111011514,"Census Tract 115.14, Jefferson County, Kentucky",0.03875968992248062,0.20157068062827224,0.1359375,21111011514,0.4221996958945768,0.30157121135326914,0.1388748099341105,0.4293381037567084,0.39713774597495527,0.14311270125223613,47.0,0.40738569753810083,Highview-Okolona
1400000US21111011515,"Census Tract 115.15, Jefferson County, Kentucky",0,0.10442678774120318,0.07711651299245599,21111011515,0.3567753001715266,0.23293310463121783,0.09331046312178387,0.38450074515648286,0.3025335320417288,0.05365126676602087,31.9,0.3576427255985267,Fern Creek
1400000US21111011516,"Census Tract 115.16, Jefferson County, Kentucky",0.17531305903398928,0.10338680926916222,0.1392857142857143,21111011516,0.4100833664152441,0.2985311631599841,0.1317983326716951,0.43665436654366546,0.32226322263222634,0.10209102091020911,9.0,0.3584018801410106,Fern Creek
1400000US21111011517,"Census Tract 115.17, Jefferson County, Kentucky",0.02079002079002079,0.06660823838737949,0.0530209617755857,21111011517,0.5476546160740962,0.42515685688676425,0.19300866447564985,0.6166902404526167,0.5332390381895332,0.12305516265912306,66.5,0.46906127376999696,Floyd's Fork
1400000US21111011518,"Census Tract 115.18, Jefferson County, Kentucky",0,0,0,21111011518,0.7197452229299363,0.6355272469922152,0.2908704883227176,0.8176470588235294,0.7176470588235294,0.1411764705882353,62.9,0.5290275761973875,Floyd's Fork
1400000US21111011519,"Census Tract 115.19, Jefferson County, Kentucky",0,0.028105167724388033,0.021877205363443897,21111011519,0.5236451501553331,0.3955816361753538,0.17500862961684502,0.634965034965035,0.558041958041958,0.16083916083916083,53.9,0.5358919687277897,Floyd's Fork
1400000US21111011520,"Census Tract 115.20, Jefferson County, Kentucky",0.08530805687203792,0,0.017374517374517374,21111011520,0.5365853658536586,0.44,0.2697560975609756,0.748062015503876,0.5348837209302325,0.15503875968992248,64.2,0.5398837823560486,Floyd's Fork
1400000US21111011601,"Census Tract 116.01, Jefferson County, Kentucky",0,0.03636363636363636,0.027128862094951016,21111011601,0.7201384881708021,0.6295441431044432,0.3678592036930179,0.7958236658932715,0.7958236658932715,0.23201856148491878,70.7,0.5440702781844803,Floyd's Fork
1400000US21111011603,"Census Tract 116.03, Jefferson County, Kentucky",0,0,0,21111011603,0.38517946738710923,0.31184870706291007,0.17367811655731377,0.42011834319526625,0.358974358974359,0.14792899408284024,80.2,0.46894803548795944,Floyd's Fork
1400000US21111011604,"Census Tract 116.04, Jefferson County, Kentucky",0.0423728813559322,0,0.009487666034155597,21111011604,0.561711079943899,0.4586255259467041,0.2973352033660589,0.5227272727272727,0.48484848484848486,0.1893939393939394,35.8,0.4899919935948759,Floyd's Fork
1400000US21111011706,"Census Tract 117.06, Jefferson County, Kentucky",0.07142857142857142,0,0.02167630057803468,21111011706,0.3008385744234801,0.23270440251572327,0.10796645702306079,0.5333333333333333,0.4888888888888889,0.19444444444444445,14.6,0.42951541850220265,Highview-Okolona
1400000US21111011707,"Census Tract 117.07, Jefferson County, Kentucky",0.284375,0.10597519729425028,0.15327257663628832,21111011707,0.3262642740619902,0.166721044045677,0.06525285481239804,0.5529411764705883,0.2911764705882353,0.1264705882352941,32.9,0.30183454482519906,Highview-Okolona
1400000US21111011708,"Census Tract 117.08, Jefferson County, Kentucky",0.13636363636363635,0.029435813573180702,0.0484196368527236,21111011708,0.436212504517528,0.3339356704011565,0.14275388507408746,0.45768566493955093,0.37305699481865284,0.06735751295336788,76.6,0.43356643356643354,Floyd's Fork
1400000US21111011709,"Census Tract 117.09, Jefferson County, Kentucky",0.15037593984962405,0.044274809160305344,0.06218274111675127,21111011709,0.4,0.29806451612903223,0.14881720430107526,0.21148036253776434,0.12084592145015106,0.015105740181268883,75.4,0.49389920424403183,Floyd's Fork
1400000US21111011710,"Census Tract 117.10, Jefferson County, Kentucky",0.2302158273381295,0.32798165137614677,0.28991596638655465,21111011710,0.2700551132884262,0.19595835884874463,0.060012247397428047,0.35676625659050965,0.35676625659050965,0.03690685413005272,70.8,0.2347767253044655,Highview-Okolona
1400000US21111011711,"Census Tract 117.11, Jefferson County, Kentucky",0.031862745098039214,0.06969026548672566,0.057926829268292686,21111011711,0.3238124805960882,0.2275690779261099,0.12915243713132568,0.37056928034371645,0.2738990332975295,0.18474758324382384,46.2,0.3546284224250326,Highview-Okolona
1400000US21111011712,"Census Tract 117.12, Jefferson County, Kentucky",0.44574780058651026,0.08047945205479452,0.21513513513513513,21111011712,0.23807274444969295,0.15446386395843173,0.10486537553141237,0.3023255813953488,0.2248062015503876,0.08527131782945736,37.1,0.31339031339031337,Highview-Okolona
1400000US21111011713,"Census Tract 117.13, Jefferson County, Kentucky",0.47058823529411764,0.27115384615384613,0.33964646464646464,21111011713,0.1966996699669967,0.12409240924092409,0.07920792079207921,0.2413162705667276,0.113345521023766,0,76.3,0.3013595166163142,Highview-Okolona
1400000US21111011800,"Census Tract 118, Jefferson County, Kentucky",0.15,0.3505747126436782,0.3130841121495327,21111011800,0.2844996729888816,0.1935905820797907,0.071288423806409415,0.3825136612021858,0.31876138433515483,0.061930783242258654,56.4,0.19191270860077023,Buechel-Newburg-Indian Trail
1400000US21111011901,"Census Tract 119.01, Jefferson County, Kentucky",0.5174825174825175,0.7065868263473054,0.6193548387096774,21111011901,0.05660377358490566,0.05450733752620545,0.04821802935010482,0,0,0,0.0,0.07510729613733906,Fairdale
1400000US21111011904,"Census Tract 119.04, Jefferson County, Kentucky",0.3448275862068966,0.4255725190839695,0.41407528641571195,21111011904,0.29534313725490197,0.16911764705882354,0.09865196078431372,0.3247863247863248,0.14102564102564102,0.08333333333333333,80.4,0.24064171122994651,Highview-Okolona
1400000US21111011905,"Census Tract 119.05, Jefferson County, Kentucky",0.39197530864197533,0.49276361130255,0.46164840400190565,21111011905,0.2446660482374768,0.1461038961038961,0.030844155844155844,0.3331085637221848,0.20161834120026972,0.022926500337154418,20.9,0.3062750333778371,Highview-Okolona
1400000US21111011906,"Census Tract 119.06, Jefferson County, Kentucky",0.7157894736842105,0.8132854578096947,0.7802850356294537,21111011906,0.22339304531085352,0.16859852476290832,0.08798735511064278,0.1960431654676259,0.1672661870503597,0.04316546762589928,7.9,0.289873417721519,Highview-Okolona
1400000US21111011907,"Census Tract 119.07, Jefferson County, Kentucky",0,0.10344827586206896,0.08088235294117647,21111011907,0.31750741839762614,0.18567189487070793,0.08266214497668503,0.5058139534883721,0.31589147286821706,0.09883720930232558,60.9,0.32716358179089544,Highview-Okolona
1400000US21111012001,"Census Tract 120.01, Jefferson County, Kentucky",0.3902439024390244,0.30957683741648107,0.34103260869565216,21111012001,0.205204021289178,0.08752217622708457,0.03725606150206978,0.3153409090909091,0.13352272727272727,0.045454545454545456,31.1,0.26013264554163595,Fairdale
1400000US21111012002,"Census Tract 120.02, Jefferson County, Kentucky",0.643312101910828,0.1732418524871355,0.27297297297297296,21111012002,0.1902497027348395,0.08531510107015458,0.016349583828775268,0.12375,0.10125,0,93.0,0.26990360585505174,Fairdale
1400000US21111012003,"Census Tract 120.03, Jefferson County, Kentucky",0.583547557840617,0.32075471698113206,0.40709459459459457,21111012003,0.2231958762886598,0.14690721649484537,0.05618556701030928,0.3167701863354037,0.22153209109730848,0.057971014492753624,64.4,0.30810092961487384,Fairdale
1400000US21111012103,"Census Tract 121.03, Jefferson County, Kentucky",0.1506849315068493,0.11085450346420324,0.12089810017271158,21111012103,0.20072115384615385,0.08954326923076923,0.034254807692307696,0.17819148936170212,0.1356382978723404,0,47.3,0.2891478514202476,Valley Station
1400000US21111012104,"Census Tract 121.04, Jefferson County, Kentucky",0.5555555555555556,0.2288135593220339,0.3030869971936389,21111012104,0.1758130081300813,0.09603658536585366,0.028963414634146343,0.2,0.10925925925925926,0.024074074074074074,10.3,0.18199608610567514,Valley Station
1400000US21111012105,"Census Tract 121.05, Jefferson County, Kentucky",0.16417910447761194,0.16589861751152074,0.16531440162271804,21111012105,0.18521665250637212,0.13211554800339848,0.059473237043330504,0.30640243902439024,0.2698170731707317,0.0625,27.3,0.3226524254561638,Valley Station
1400000US21111012106,"Census Tract 121.06, Jefferson County, Kentucky",0.01383399209486166,0.11045655375552282,0.0842274678111588,21111012106,0.3291896869244936,0.19313996316758747,0.0679097605893186,0.31339285714285714,0.21964285714285714,0.059821428571428574,39.9,0.30746043707611154,Valley Station
1400000US21111012107,"Census Tract 121.07, Jefferson County, Kentucky",0.4912891986062718,0.354020979020979,0.38155136268343814,21111012107,0.1596806387225549,0.06121091151031271,0.018296739853626082,0.24048913043478262,0.08695652173913043,0.020380434782608696,50.5,0.29359908010732083,Valley Station
1400000US21111012202,"Census Tract 122.02, Jefferson County, Kentucky",0.3530701754385965,0.1796042617960426,0.22429378531073446,21111012202,0.17351335823039357,0.12640045963803503,0.04424016087331226,0.28311258278145696,0.2251655629139073,0.07450331125827815,17.5,0.21653279785809906,South Louisville
1400000US21111012203,"Census Tract 122.03, Jefferson County, Kentucky",0.08064516129032258,0.18870056497175142,0.15672235481304694,21111012203,0.3116238317757009,0.20414719626168223,0.09667056074766354,0.40214477211796246,0.40214477211796246,0.19436997319034852,62.7,0.43126421839454016,Pleasure Ridge Park
1400000US21111012204,"Census Tract 122.04, Jefferson County, Kentucky",0.2153846153846154,0.17465224111282843,0.18146718146718147,21111012204,0.3221719457013575,0.21809954751131222,0.1253393665158371,0.5008319467554077,0.30615640599001664,0.10316139767054909,79.3,0.3697068403908795,South Louisville
1400000US21111012301,"Census Tract 123.01, Jefferson County, Kentucky",0.06321839080459771,0.12326869806094183,0.11160714285714286,21111012301,0.32127192982456143,0.2138157894736842,0.1299342105263158,0.35,0.18666666666666668,0.016666666666666666,82.0,0.3609022556390977,South Louisville
1400000US21111012302,"Census Tract 123.02, Jefferson County, Kentucky",0.5702479338842975,0.14826021180030258,0.21355498721227623,21111012302,0.27880690737833597,0.1497645211930926,0.0750392464678179,0.14542020774315392,0.013220018885741265,0,30.4,0.2829977628635347,South Louisville
1400000US21111012406,"Census Tract 124.06, Jefferson County, Kentucky",0.06947890818858561,0.1191588785046729,0.10325655281969817,21111012406,0.22346368715083798,0.13243509694380545,0.05652316792638843,0.34609720176730485,0.2974963181148748,0.07952871870397643,9.4,0.2727580372250423,Pleasure Ridge Park
1400000US21111012407,"Census Tract 124.07, Jefferson County, Kentucky",0.2379182156133829,0.24538545059717698,0.24369747899159663,21111012407,0.30138938368364804,0.1414321339508372,0.06661916636978982,0.3802612481857765,0.19013062409288825,0.033381712626995644,58.3,0.3168235775685632,Pleasure Ridge Park
1400000US21111012408,"Census Tract 124.08, Jefferson County, Kentucky",0.047619047619047616,0.048295454545454544,0.04814004376367615,21111012408,0.2100456621004566,0.1050228310502283,0.0441400304414003,0.3464566929133858,0.16535433070866143,0,62.3,0.28230088495575223,Pleasure Ridge Park
1400000US21111012409,"Census Tract 124.09, Jefferson County, Kentucky",0.2079207920792079,0.3888888888888889,0.3099352051835853,21111012409,0.1556786703601108,0.09030470914127424,0.060941828254847646,0.1747787610619469,0.06415929203539823,0.03761061946902655,52.4,0.2112970711297071,Valley Station
1400000US21111012410,"Census Tract 124.10, Jefferson County, Kentucky",0.13523131672597866,0.04121863799283154,0.07270560190703218,21111012410,0.30065666041275796,0.15619136960600374,0.08442776735459662,0.3094170403587444,0.2533632286995516,0.15246636771300448,16.0,0.3718477762494269,Pleasure Ridge Park
1400000US21111012411,"Census Tract 124.11, Jefferson County, Kentucky",0.04461942257217848,0.027842227378190254,0.031660692951015534,21111012411,0.30288226673180263,0.19345383488031265,0.09013190034196385,0.385499557913351,0.20778072502210435,0.09814323607427056,66.3,0.3905224093634028,Pleasure Ridge Park
1400000US21111012501,"Census Tract 125.01, Jefferson County, Kentucky",0.668918918918919,0.14772727272727273,0.33495145631067963,21111012501,0.21634615384615385,0.12225274725274725,0.06799450549450549,0.3832599118942731,0.31277533039647576,0.10572687224669604,0.0,0.21787709497206703,Shively
1400000US21111012502,"Census Tract 125.02, Jefferson County, Kentucky",0.05214723926380368,0.5497835497835498,0.42,21111012502,0.21344717182497333,0.1415866239772323,0.025613660618996798,0.2579933847850055,0.23042998897464168,0.04299889746416759,0.0,0.33376792698826596,Pleasure Ridge Park
1400000US21111012503,"Census Tract 125.03, Jefferson County, Kentucky",0.21070234113712374,0.18723404255319148,0.19635890767230169,21111012503,0.22540802823114248,0.09836788707543008,0.0458756065284517,0.24187725631768953,0.15282791817087846,0.06377858002406739,65.1,0.2278679937139864,Shively
1400000US21111012601,"Census Tract 126.01, Jefferson County, Kentucky",0.2868421052631579,0.3702749140893471,0.34974093264248707,21111012601,0.24849480021893816,0.10645867542419267,0.060207991242474,0.13356164383561644,0.08561643835616438,0.023972602739726026,100.0,0.25466838377334194,Shively
1400000US21111012603,"Census Tract 126.03, Jefferson County, Kentucky",0.1590909090909091,0.3596330275229358,0.33175355450236965,21111012603,0.19605077574047955,0.09026798307475317,0.07545839210155147,0.15492957746478872,0.10211267605633803,0.07042253521126761,47.1,0.20294882914137033,Shively
1400000US21111012604,"Census Tract 126.04, Jefferson County, Kentucky",0.47924528301886793,0.20591233435270132,0.2640449438202247,21111012604,0.16139353003910417,0.10095982936366868,0.0540348382509776,0.3125,0.23660714285714285,0.08258928571428571,46.5,0.2930658525948539,Shively
1400000US21111012701,"Census Tract 127.01, Jefferson County, Kentucky",0.44785276073619634,0.14624505928853754,0.2644230769230769,21111012701,0.15979381443298968,0.06654170571696345,0.022492970946579195,0.10216110019646366,0.0550098231827112,0,62.1,0.24868766404199474,Shively
1400000US21111012702,"Census Tract 127.02, Jefferson County, Kentucky",0.5135135135135135,0.2391304347826087,0.33925049309664695,21111012702,0.15546639919759278,0.06519558676028084,0.0320962888665998,0.15555555555555556,0.044444444444444446,0,14.9,0.2728592162554427,Shively
1400000US21111012703,"Census Tract 127.03, Jefferson County, Kentucky",0.48172757475083056,0.256478999106345,0.30422535211267604,21111012703,0.24135702746365106,0.13893376413570274,0.06655896607431341,0.5821596244131455,0.40062597809076683,0.1752738654147105,31.8,0.24685853263072557,Pleasure Ridge Park
1400000US21111012801,"Census Tract 128.01, Jefferson County, Kentucky",0.5949367088607594,0.5343283582089552,0.5458937198067633,21111012801,0.21066666666666667,0.11666666666666667,0.05333333333333334,0.19689119170984457,0.11658031088082901,0,41.7,0.15435139573070608,Shively
1400000US21111012802,"Census Tract 128.02, Jefferson County, Kentucky",0.18253968253968253,0.5923217550274223,0.5156017830609212,21111012802,0.25741890959282265,0.14354727398205658,0.06073153899240856,0.2561307901907357,0.02452316076294278,0,38.9,0.27450980392156865,South Central Louisville
1400000US21111013100,"Census Tract 131, Jefferson County, Kentucky",0,0,0,21111013100,0.8112874779541446,0.7654320987654321,0.4858906525573192,0.7222222222222222,0.7094017094017094,0.3547008547008547,72.4,0.6490125673249552,Southeast Louisville
1400000US21111980100,"Census Tract 9801, Jefferson County, Kentucky",NaN,NaN,NaN,21111980100,NaN,NaN,NaN,NaN,NaN,NaN,-,NaN,Airport
