GEO.id,GEO.id2,GEO.display-label,HD01_VD01,HD02_VD01,HD01_VD02,HD02_VD02,HD01_VD03,HD02_VD03,HD01_VD04,HD02_VD04,HD01_VD05,HD02_VD05,HD01_VD06,HD02_VD06,HD01_VD07,HD02_VD07,HD01_VD08,HD02_VD08,HD01_VD09,HD02_VD09,HD01_VD10,HD02_VD10,HD01_VD11,HD02_VD11,HD01_VD12,HD02_VD12,HD01_VD13,HD02_VD13,HD01_VD14,HD02_VD14,HD01_VD15,HD02_VD15,HD01_VD16,HD02_VD16,HD01_VD17,HD02_VD17,HD01_VD18,HD02_VD18,HD01_VD19,HD02_VD19
Id,Id2,Geography,Estimate; Total:,Margin of Error; Total:,Estimate; Male:,Margin of Error; Male:,Estimate; Male: - Less than 9th grade,Margin of Error; Male: - Less than 9th grade,"Estimate; Male: - 9th to 12th grade, no diploma","Margin of Error; Male: - 9th to 12th grade, no diploma",Estimate; Male: - Regular high school diploma,Margin of Error; Male: - Regular high school diploma,Estimate; Male: - GED or alternative credential,Margin of Error; Male: - GED or alternative credential,"Estimate; Male: - Some college, no degree","Margin of Error; Male: - Some college, no degree",Estimate; Male: - Associate's degree,Margin of Error; Male: - Associate's degree,Estimate; Male: - Bachelor's degree,Margin of Error; Male: - Bachelor's degree,Estimate; Male: - Graduate degree,Margin of Error; Male: - Graduate degree,Estimate; Female:,Margin of Error; Female:,Estimate; Female: - Less than 9th grade,Margin of Error; Female: - Less than 9th grade,"Estimate; Female: - 9th to 12th grade, no diploma","Margin of Error; Female: - 9th to 12th grade, no diploma",Estimate; Female: - Regular high school diploma,Margin of Error; Female: - Regular high school diploma,Estimate; Female: - GED or alternative credential,Margin of Error; Female: - GED or alternative credential,"Estimate; Female: - Some college, no degree","Margin of Error; Female: - Some college, no degree",Estimate; Female: - Associate's degree,Margin of Error; Female: - Associate's degree,Estimate; Female: - Bachelor's degree,Margin of Error; Female: - Bachelor's degree,Estimate; Female: - Graduate degree,Margin of Error; Female: - Graduate degree
0500000US01003,01003,"Baldwin County, Alabama",10675,666,5102,440,324,314,623,411,2336,542,441,370,1211,485,0,184,37,67,130,202,5573,364,279,242,915,416,1448,673,389,432,1571,653,519,401,76,100,376,321
0500000US01015,01015,"Calhoun County, Alabama",14051,394,5883,337,345,198,943,426,1514,506,401,316,1572,613,282,202,392,282,434,314,8168,150,785,294,835,319,2492,599,260,167,1308,416,1024,514,848,393,616,353
0500000US01051,01051,"Elmore County, Alabama",10880,561,4687,262,197,161,713,401,2042,647,535,301,672,426,293,312,225,177,10,21,6193,610,168,159,550,414,1695,648,681,630,1684,866,780,666,474,280,161,273
0500000US01055,01055,"Etowah County, Alabama",9594,388,4206,287,314,149,803,356,1532,416,99,126,1043,424,53,79,250,183,112,118,5388,249,486,212,738,399,1937,465,248,141,1042,417,256,218,629,351,52,65
0500000US01069,01069,"Houston County, Alabama",16447,112,7180,89,516,173,1661,354,2443,379,343,139,1294,316,366,143,413,286,144,58,9267,48,723,153,1287,245,2568,330,466,164,2413,358,681,197,683,230,446,310
0500000US01073,01073,"Jefferson County, Alabama",175334,750,74902,318,2383,607,9263,1444,23011,2309,3022,757,20277,1967,5581,1159,7192,1372,4173,1087,100432,665,2622,677,9206,1762,21441,1982,3121,781,32606,2524,11365,1661,13506,2040,6565,1237
0500000US01077,01077,"Lauderdale County, Alabama",5590,613,2569,450,143,110,305,199,499,466,352,345,876,387,63,79,0,184,331,437,3021,393,294,221,509,292,407,246,121,98,1006,460,140,117,146,193,398,281
0500000US01081,01081,"Lee County, Alabama",19726,712,8629,561,801,727,2035,809,2699,1079,393,277,919,530,621,506,647,406,514,409,11097,401,903,462,2029,689,2925,774,443,301,2526,832,807,412,871,492,593,396
0500000US01083,01083,"Limestone County, Alabama",8122,368,4117,488,44,95,823,367,1446,523,133,91,1401,436,124,161,50,98,96,139,4005,420,159,223,921,663,781,457,345,337,623,472,176,214,712,413,288,247
0500000US01089,01089,"Madison County, Alabama",49857,1035,22132,502,758,403,2033,671,5239,1286,1328,678,5009,967,1472,594,4077,964,2216,693,27725,732,528,243,2438,787,3972,861,1090,437,6924,1013,2270,727,5798,1136,4705,870
0500000US01097,01097,"Mobile County, Alabama",86758,713,37697,648,1822,655,5395,979,14601,1525,1882,635,8246,1252,2742,745,1851,749,1158,414,49061,260,2122,510,6183,1333,13851,1681,1651,622,12770,1445,4458,920,5138,964,2888,636
0500000US01101,01101,"Montgomery County, Alabama",74625,630,32517,364,2998,827,3639,891,7693,1084,1766,687,9039,1380,2255,729,3651,1121,1476,478,42108,344,2360,775,5497,1182,8756,1539,1760,671,10488,1571,3162,794,6472,1228,3613,1119
0500000US01103,01103,"Morgan County, Alabama",9131,462,4403,324,245,268,903,466,1287,532,252,214,756,418,98,131,813,833,49,86,4728,315,142,170,1391,599,921,446,169,216,937,626,867,573,282,282,19,34
0500000US01115,01115,"St. Clair County, Alabama",5528,511,2566,357,224,148,653,279,474,310,12,26,252,170,244,327,600,396,107,189,2962,393,301,463,552,434,563,432,286,390,615,477,87,130,384,373,174,296
0500000US01117,01117,"Shelby County, Alabama",13983,424,5946,424,364,282,600,420,1476,569,260,241,1446,605,290,330,1044,466,466,248,8037,184,138,190,586,339,1380,427,156,198,2095,596,595,406,1792,641,1295,498
0500000US01121,01121,"Talladega County, Alabama",17143,579,8108,440,794,455,1744,690,2814,702,662,319,1423,615,315,323,238,256,118,137,9035,274,413,192,1435,499,3026,736,139,151,1952,567,1003,433,852,469,215,214
0500000US01125,01125,"Tuscaloosa County, Alabama",33644,419,14574,234,1075,447,2326,751,4298,888,649,341,4140,1078,801,512,1188,558,97,110,19070,336,224,196,2516,807,4783,987,780,387,5183,1032,1117,454,2840,872,1627,649
0500000US02020,02020,"Anchorage Municipality, Alaska",10937,836,6281,626,168,234,510,411,1638,676,554,339,2041,738,255,218,674,461,441,307,4656,595,566,557,151,198,785,567,69,132,787,433,295,220,1831,720,172,202
0500000US04013,04013,"Maricopa County, Arizona",121825,2416,60670,1733,2782,882,5133,1354,11803,1913,2383,666,17255,1960,6299,1270,9402,1657,5613,1192,61155,1432,2165,787,4048,916,9734,1785,2878,1040,21564,1842,7044,1507,9218,1312,4504,1187
0500000US04019,04019,"Pima County, Arizona",21862,877,12214,372,417,300,1505,550,1561,557,807,379,3606,827,1804,638,1657,630,857,422,9648,759,306,278,826,421,2077,638,417,346,2765,658,1299,688,1091,405,867,394
0500000US04021,04021,"Pinal County, Arizona",11678,748,7055,736,307,203,571,309,1063,519,282,175,2797,978,715,457,918,731,402,539,4623,845,69,116,66,110,1162,722,174,216,1409,778,478,428,1150,532,115,100
0500000US05031,05031,"Craighead County, Arkansas",6266,410,2969,467,139,213,609,389,1135,467,29,51,676,392,324,355,57,86,0,184,3297,242,195,187,276,230,728,403,50,85,1065,423,524,380,321,235,138,159
0500000US05045,05045,"Faulkner County, Arkansas",6695,459,2949,468,10,17,265,239,844,512,109,124,389,310,0,184,1031,643,301,289,3746,319,10,18,298,226,924,471,0,184,714,413,404,369,1261,718,135,173
0500000US05069,05069,"Jefferson County, Arkansas",24536,256,11158,113,571,262,1962,631,4090,828,467,257,2168,721,548,444,1044,457,308,282,13378,193,1218,420,817,288,4145,854,208,157,3235,739,564,289,1975,552,1216,520
0500000US05119,05119,"Pulaski County, Arkansas",81963,598,35634,336,2038,894,3147,783,12691,1602,2109,857,7370,1235,1542,657,5319,1392,1418,529,46329,473,1363,595,4924,1134,12984,1873,1605,626,12953,1789,3150,864,6071,1473,3279,1009
0500000US06001,06001,"Alameda County, California",123657,1763,54778,1192,1560,627,4496,1232,12602,1929,1989,585,15468,1545,4787,1165,9703,1870,4173,910,68879,1087,2057,653,5488,1124,13823,1691,1739,656,22455,2218,5815,1143,11031,1429,6471,1202
0500000US06013,06013,"Contra Costa County, California",63723,2029,28022,971,624,340,1773,644,6492,1178,775,497,10121,1622,3823,1211,2875,817,1539,610,35701,1344,366,264,2169,856,7205,1188,299,212,12667,2071,5472,1354,4849,1014,2674,850
0500000US06019,06019,"Fresno County, California",27347,718,13621,270,656,316,1565,614,4030,974,685,387,4895,1057,672,363,754,427,364,283,13726,549,814,253,1491,576,3181,762,427,352,4607,810,1704,693,784,375,718,369
0500000US06029,06029,"Kern County, California",27110,1560,14728,1253,1110,593,2339,620,3674,945,950,339,4685,1253,617,309,651,375,702,509,12382,706,662,319,2057,664,2314,725,421,325,3534,879,1195,702,1551,631,648,420
0500000US06031,06031,"Kings County, California",7360,566,5429,491,125,103,1090,378,775,380,800,319,2207,652,76,115,347,383,9,21,1931,361,25,41,80,106,514,329,71,122,289,225,139,214,358,288,455,373
0500000US06037,06037,"Los Angeles County, California",556466,5199,251150,2912,7488,1292,24066,2697,60148,3714,6839,1133,72526,3752,21484,2074,40489,2993,18110,2057,305316,3319,6835,1224,24659,2300,65993,3683,2962,802,101860,4743,27844,2071,46798,3560,28365,2013
0500000US06039,06039,"Madera County, California",4307,596,937,498,46,77,281,247,408,365,0,197,89,121,48,86,65,72,0,197,3370,625,257,156,568,214,959,494,347,208,947,460,160,140,132,213,0,197
0500000US06047,06047,"Merced County, California",5693,447,3189,368,122,98,219,152,669,440,396,380,836,373,463,330,218,203,266,408,2504,273,198,185,119,129,241,228,0,197,1010,407,454,300,470,402,12,22
0500000US06053,06053,"Monterey County, California",9037,668,6087,500,183,137,974,405,996,437,615,434,1769,550,507,298,753,393,290,223,2950,384,287,231,38,62,557,320,71,122,795,445,233,205,627,352,342,231
0500000US06059,06059,"Orange County, California",32681,1380,17025,949,415,499,848,464,2652,887,144,132,5539,1131,1590,631,3575,1002,2262,914,15656,868,502,346,176,153,2860,931,124,202,6097,1307,1794,955,2582,675,1521,576
0500000US06065,06065,"Riverside County, California",86001,1602,42111,988,888,490,3606,908,10674,1748,1338,477,13616,1823,4520,1139,4901,1202,2568,698,43890,1084,673,409,2558,791,10362,1639,1149,444,13975,1731,5926,1223,5687,989,3560,758
0500000US06067,06067,"Sacramento County, California",88584,1827,42343,1229,978,466,4147,1256,7737,1663,2866,929,18110,1859,2340,757,4723,1170,1442,550,46241,1404,1392,561,4476,1120,9867,1555,1401,661,17700,1861,4224,973,5537,1295,1644,630
0500000US06071,06071,"San Bernardino County, California",107358,2269,50795,1054,1483,644,5722,1607,10606,1814,1078,627,16660,2206,6126,1228,6321,1518,2799,762,56563,1630,2450,1262,5119,1296,8956,1537,1028,499,21393,1957,6909,1514,6210,1240,4498,1080
0500000US06073,06073,"San Diego County, California",99902,2142,53842,1123,806,307,2585,808,13121,2001,1735,554,18794,2158,5878,1429,6973,1358,3950,940,46060,1719,1495,516,3642,977,9643,1580,842,423,14326,1526,5921,1405,7260,1350,2931,867
0500000US06075,06075,"San Francisco County, California",33716,1140,17739,892,549,354,1659,675,4180,1199,936,815,5419,1159,1010,461,2926,947,1060,490,15977,759,1094,550,1541,648,3676,803,416,298,4083,1027,1190,427,2131,923,1846,863
0500000US06077,06077,"San Joaquin County, California",29795,1006,14704,456,432,303,2296,869,2525,741,559,425,4795,989,1510,621,1836,611,751,593,15091,791,379,249,1214,569,3163,762,359,243,5442,1226,1648,672,1953,614,933,442
0500000US06081,06081,"San Mateo County, California",14722,1008,7602,476,551,307,828,625,1911,666,268,246,2451,807,196,174,935,493,462,298,7120,814,383,205,490,356,1073,439,238,183,2514,899,670,292,1262,545,490,262
0500000US06083,06083,"Santa Barbara County, California",5719,724,2997,430,191,225,340,258,545,336,299,137,741,316,164,137,570,366,147,133,2722,541,162,159,133,130,501,421,23,40,767,492,488,378,491,312,157,183
0500000US06085,06085,"Santa Clara County, California",31651,1148,16647,917,423,266,926,419,1849,674,281,300,4771,1161,2126,771,3191,805,3080,781,15004,614,494,325,637,386,1933,636,371,402,4709,909,2006,688,3144,833,1710,606
0500000US06095,06095,"Solano County, California",39053,1262,19465,750,595,334,1952,571,3924,877,746,387,6882,995,2536,796,2080,770,750,427,19588,805,372,258,875,423,4376,1139,309,219,8171,1286,2024,500,2765,644,696,346
0500000US06097,06097,"Sonoma County, California",5280,766,3038,541,346,307,567,279,277,296,0,197,596,332,131,152,492,455,629,594,2242,484,164,176,119,148,365,290,0,197,589,321,316,193,485,323,204,222
0500000US06099,06099,"Stanislaus County, California",7556,891,3886,385,56,97,437,343,1491,504,182,189,974,480,274,199,354,409,118,185,3670,632,68,113,204,169,527,307,0,197,1155,455,755,421,909,596,52,87
0500000US06111,06111,"Ventura County, California",10244,962,5297,674,0,197,396,336,1224,389,205,307,1388,569,529,300,1105,437,450,306,4947,507,147,146,206,188,787,323,25,51,1620,575,775,305,794,341,593,303
0500000US08001,08001,"Adams County, Colorado",7857,815,4107,665,44,71,222,199,1319,547,249,280,1401,512,347,213,73,116,452,392,3750,418,232,259,304,235,720,404,0,189,2029,531,248,251,67,119,150,216
0500000US08005,08005,"Arapahoe County, Colorado",36728,899,18324,637,202,169,736,411,3640,915,938,509,5657,1246,1584,548,3508,1039,2059,701,18404,634,635,356,922,469,3213,872,551,335,5713,920,1733,562,3804,996,1833,533
0500000US08031,08031,"Denver County, Colorado",41070,901,19824,588,993,578,1332,581,4182,900,902,433,6531,1115,748,410,3010,902,2126,1021,21246,771,799,428,2235,803,4745,952,1038,521,7492,1160,1209,426,2498,688,1230,487
0500000US08041,08041,"El Paso County, Colorado",23661,1381,12942,993,476,344,529,449,2720,995,107,127,4856,1110,1485,625,1654,570,1115,546,10719,690,337,233,710,345,1840,678,278,208,3327,845,1932,610,1258,411,1037,404
0500000US09001,09001,"Fairfield County, Connecticut",64182,2041,28222,1032,1007,464,2460,799,8609,1636,1413,605,6745,1376,1143,608,5015,1267,1830,701,35960,1419,887,523,2929,717,10720,1536,1209,536,9441,1751,2955,895,4428,1165,3391,911
0500000US09003,09003,"Hartford County, Connecticut",73133,1686,33956,993,1951,666,4192,950,11275,1515,2492,710,5843,1192,2291,894,3651,1083,2261,791,39177,1284,2357,646,3903,921,10062,1218,1527,596,10138,1238,3898,986,4263,1041,3029,873
0500000US09007,09007,"Middlesex County, Connecticut",5311,794,1992,501,43,72,87,104,448,373,101,170,735,494,109,134,156,172,313,273,3319,535,101,138,463,304,1176,421,0,193,320,256,355,270,623,434,281,212
0500000US09009,09009,"New Haven County, Connecticut",65545,1148,29155,638,1850,635,3556,649,9687,1386,1425,617,6948,1205,1447,548,2573,929,1669,663,36390,860,1278,498,3430,906,11349,1640,2037,749,7747,1244,3221,967,4423,1088,2905,857
0500000US09011,09011,"New London County, Connecticut",8943,905,4634,735,88,112,827,501,1909,718,265,237,747,511,113,148,399,350,286,248,4309,402,29,49,719,471,1104,477,349,270,1487,543,221,192,265,251,135,174
0500000US10001,10001,"Kent County, Delaware",23472,484,10644,284,425,295,1244,593,3851,858,306,211,2530,861,473,349,1435,568,380,263,12828,376,388,270,1855,887,3194,891,583,374,2182,748,767,516,2672,1064,1187,627
0500000US10003,10003,"New Castle County, Delaware",81576,1334,36518,684,813,396,3396,898,12581,1873,1980,689,8658,1394,1950,692,5104,1278,2036,528,45058,958,633,269,4225,810,12282,1548,1551,538,13451,1607,2066,559,6488,1364,4362,994
0500000US10005,10005,"Sussex County, Delaware",16360,524,7469,408,418,215,1296,355,3569,616,628,288,748,327,291,253,301,159,218,217,8891,338,406,255,1568,528,3002,687,229,204,1838,578,764,519,831,347,253,141
0500000US11001,11001,"District of Columbia, District of Columbia",208894,1589,90750,998,4750,1154,12286,1509,24533,2539,5570,1186,19042,1643,3700,1045,12155,1553,8714,1469,118144,912,4281,977,14049,1817,32095,2528,4946,998,27506,2070,5521,968,15200,1752,14546,1692
0500000US12001,12001,"Alachua County, Florida",27745,555,12369,330,392,238,1661,659,4109,1096,1199,675,2880,696,559,344,965,521,604,447,15376,364,472,318,1760,618,3930,1286,560,319,3933,1071,1467,615,2353,962,901,536
0500000US12005,12005,"Bay County, Florida",11260,761,5592,640,334,316,515,486,1690,661,224,245,1568,562,467,371,479,307,315,276,5668,317,133,141,673,475,1422,483,444,340,1892,557,373,258,373,205,358,343
0500000US12009,12009,"Brevard County, Florida",34537,1361,15734,829,872,606,3498,1155,3824,1104,286,235,3450,962,726,458,2079,960,999,570,18803,895,1564,679,1934,640,6412,1399,556,503,3869,1039,1113,516,1568,565,1787,811
0500000US12011,12011,"Broward County, Florida",303969,3158,134745,1723,10296,1553,14837,2239,41014,3124,6406,1759,27766,2768,11361,1871,15427,2230,7638,1607,169224,2385,12650,2081,15829,2348,48581,3885,4102,1128,32067,3092,18269,2725,22995,2517,14731,1927
0500000US12015,12015,"Charlotte County, Florida",5003,1355,2732,726,345,288,245,214,622,339,73,103,301,263,203,220,545,440,398,499,2271,984,75,102,345,273,341,264,112,145,723,423,167,283,475,487,33,59
0500000US12021,12021,"Collier County, Florida",12699,919,6184,562,1773,908,748,740,1512,742,340,376,685,483,296,306,696,436,134,219,6515,637,1684,494,1241,709,2064,727,138,128,829,473,407,297,152,163,0,211
0500000US12023,12023,"Columbia County, Florida",7128,1157,3448,978,676,561,334,264,622,454,458,427,1035,649,0,211,237,278,86,143,3680,426,211,251,332,243,510,391,0,211,1842,830,190,196,238,218,357,323
0500000US12031,12031,"Duval County, Florida",151905,1584,67163,1015,3045,1054,9418,1719,22482,2273,3512,1191,14271,1878,5439,1450,7079,1410,1917,633,84742,1033,2258,670,8642,1483,21943,2531,3637,1653,24319,2125,7619,1353,10682,1227,5642,1300
0500000US12033,12033,"Escambia County, Florida",39339,1115,17337,788,1041,379,2306,757,6965,1168,762,408,2627,789,1767,895,797,595,1072,809,22002,582,1010,467,2416,624,7614,1187,550,265,5048,981,2384,803,2175,820,805,303
0500000US12053,12053,"Hernando County, Florida",5991,770,2739,380,0,211,328,241,969,484,91,139,482,295,549,296,320,225,0,211,3252,625,0,211,404,306,605,410,88,104,534,381,689,413,817,325,115,113
0500000US12055,12055,"Highlands County, Florida",5707,631,2291,347,498,360,258,193,590,387,31,61,511,340,187,198,129,138,87,147,3416,577,348,322,311,225,295,235,61,117,1195,709,857,711,93,151,256,348
0500000US12057,12057,"Hillsborough County, Florida",124470,2300,56963,1306,2992,829,6872,1296,15379,2098,3008,865,13823,1894,4507,1175,6043,1523,4339,1137,67507,1581,1915,686,6839,1182,17150,1896,2601,692,16601,2041,7563,1478,9286,1776,5552,918
0500000US12061,12061,"Indian River County, Florida",7560,910,3441,579,308,240,1180,870,1100,659,154,168,342,302,177,268,7,18,173,208,4119,617,180,174,1309,815,1304,626,130,166,871,591,185,315,140,114,0,211
0500000US12069,12069,"Lake County, Florida",19243,970,8613,540,298,169,1912,762,2526,825,624,523,1097,602,584,499,985,632,587,476,10630,674,416,308,1761,759,2685,914,169,201,2377,909,1586,877,1019,617,617,443
0500000US12071,12071,"Lee County, Florida",30542,875,14346,566,985,580,2177,751,4983,1195,467,372,3935,1050,605,425,927,524,267,222,16196,408,1340,545,3152,957,4581,1265,525,319,2946,855,1635,968,1296,549,721,396
0500000US12073,12073,"Leon County, Florida",44360,737,19625,461,684,324,2267,792,3695,829,971,462,5754,1074,1501,606,3217,868,1536,610,24735,470,646,347,2435,725,4254,1004,878,377,7428,1168,1698,768,3706,909,3690,838
0500000US12081,12081,"Manatee County, Florida",15567,913,6552,632,315,246,1203,598,2891,686,252,204,827,380,290,298,593,364,181,146,9015,445,305,237,993,522,3119,781,190,211,2692,818,655,380,819,487,242,192
0500000US12083,12083,"Marion County, Florida",24624,1296,11447,1148,866,558,2185,773,3522,1074,250,140,2365,1046,730,550,1132,580,397,216,13177,617,460,419,1325,490,3722,977,266,188,4207,1083,1489,763,839,515,869,683
0500000US12085,12085,"Martin County, Florida",5494,1278,2759,725,93,88,379,320,1318,643,127,112,605,387,52,92,185,185,0,211,2735,826,538,428,191,187,1098,945,0,211,544,324,131,139,206,257,27,48
0500000US12086,12086,"Miami-Dade County, Florida",300990,4565,138036,2999,12126,1829,18769,2191,48413,3540,7412,1732,25054,2788,8164,1224,12849,2309,5249,1657,162954,2323,17651,2183,20401,2707,47920,3089,4641,1046,33084,2835,13787,2011,15728,2107,9742,1560
0500000US12091,12091,"Okaloosa County, Florida",10247,758,5367,503,141,133,1008,455,1149,431,226,291,1579,513,209,281,502,344,553,321,4880,460,143,156,486,367,1568,553,285,377,1202,453,161,175,634,352,401,263
0500000US12095,12095,"Orange County, Florida",147696,2393,67310,1330,4024,1016,8061,1562,21999,2345,3097,1139,14119,2324,5111,1350,6272,1853,4627,1444,80386,1711,4838,1351,7975,1715,23163,2533,2647,818,17823,2154,9419,1919,8462,1624,6059,1500
0500000US12097,12097,"Osceola County, Florida",19009,1656,9155,1116,348,387,875,501,2276,917,519,458,2551,979,1187,578,1304,782,95,167,9854,938,448,431,710,361,2556,947,238,355,2773,1098,1068,634,1006,587,1055,627
0500000US12099,12099,"Palm Beach County, Florida",141676,2636,64824,1669,6258,1358,9206,1417,18376,2004,3555,1023,11927,1934,6266,1458,6273,1686,2963,919,76852,1453,7260,1464,9175,1772,18140,1770,2760,798,16558,1822,7585,1420,10737,1757,4637,1237
0500000US12101,12101,"Pasco County, Florida",13282,1129,6482,688,256,243,428,259,1298,572,500,457,2178,757,350,238,635,333,837,459,6800,652,84,130,815,442,1493,648,446,381,1296,487,814,406,1192,528,660,326
0500000US12103,12103,"Pinellas County, Florida",58223,1255,26099,811,923,464,5011,1217,9828,1371,1116,544,4310,960,1545,519,2398,737,968,512,32124,765,1687,493,3775,839,9276,1596,2011,623,6698,1307,4010,982,3012,800,1655,664
0500000US12105,12105,"Polk County, Florida",54711,1537,25385,823,2203,570,4237,1168,8268,1353,1280,501,4994,1059,1449,706,2236,740,718,447,29326,1256,2113,768,4085,952,9113,1322,976,421,4471,1007,3654,968,3642,1379,1272,573
0500000US12107,12107,"Putnam County, Florida",7972,866,3924,412,451,416,627,437,1397,543,462,527,486,336,299,328,202,326,0,211,4048,519,207,190,1264,688,982,443,111,130,583,308,558,456,249,237,94,117
0500000US12109,12109,"St. Johns County, Florida",6993,783,3239,485,399,459,192,138,694,389,329,397,786,550,489,450,350,306,0,211,3754,661,65,91,532,442,1160,531,0,211,952,480,232,319,500,498,313,252
0500000US12111,12111,"St. Lucie County, Florida",32726,520,14838,285,1910,610,2161,727,4013,1166,357,322,2315,869,1312,676,1658,805,1112,848,17888,411,1603,727,2751,918,3901,1143,620,423,4936,1385,1712,722,1300,602,1065,628
0500000US12115,12115,"Sarasota County, Florida",11780,973,5350,603,0,211,764,541,2191,677,119,104,1339,721,358,302,206,181,373,299,6430,678,238,194,990,586,1646,654,507,428,1894,842,352,326,393,277,410,342
0500000US12117,12117,"Seminole County, Florida",30230,1180,13527,435,558,427,1955,834,3290,891,400,266,2924,954,971,473,2524,889,905,589,16703,1049,836,456,798,449,3302,1118,976,581,4157,1081,1891,671,2975,801,1768,661
0500000US12119,12119,"Sumter County, Florida",7021,541,5535,318,325,327,1446,1401,1028,821,1584,785,881,585,74,124,197,188,0,211,1486,429,78,84,467,225,357,234,66,72,280,256,98,144,111,132,29,58
0500000US12127,12127,"Volusia County, Florida",31172,1046,14154,545,650,322,2814,965,3959,1126,667,319,3166,908,1298,684,1185,651,415,294,17018,699,447,267,2300,773,4866,1145,796,421,3505,929,1945,738,2476,919,683,362
0500000US13013,13013,"Barrow County, Georgia",4398,595,1831,427,70,98,621,390,572,351,0,208,131,150,45,82,392,368,0,208,2567,280,203,172,488,229,494,355,0,208,721,411,424,386,237,211,0,208
0500000US13021,13021,"Bibb County, Georgia",48327,439,20746,226,1081,537,5039,1124,6332,1047,1003,369,4379,1044,833,441,1333,923,746,429,27581,297,1418,390,4694,788,7366,1188,1301,513,8045,1240,1854,613,1777,562,1126,443
0500000US13031,13031,"Bulloch County, Georgia",9607,822,4440,413,312,177,654,431,1294,509,104,141,1364,507,422,397,201,182,89,99,5167,622,336,343,968,475,812,450,46,74,1296,610,192,216,240,214,1277,583
0500000US13045,13045,"Carroll County, Georgia",10146,977,4357,348,522,469,1153,642,1297,630,76,105,1137,634,0,208,0,208,172,232,5789,914,568,309,714,502,2171,933,409,352,1051,709,717,719,66,111,93,163
0500000US13051,13051,"Chatham County, Georgia",64363,868,28727,473,863,300,4470,1086,8685,1636,1792,719,7130,1675,2038,1009,2500,741,1249,480,35636,707,1409,474,4039,920,7379,1010,1621,592,10081,1648,3425,1075,5035,1136,2647,891
0500000US13057,13057,"Cherokee County, Georgia",8263,758,3702,625,25,46,274,320,773,499,199,283,1029,692,550,404,520,534,332,257,4561,410,8,16,177,194,281,252,233,370,1368,719,236,251,1576,802,682,498
0500000US13059,13059,"Clarke County, Georgia",18184,298,7933,275,397,229,1661,588,3120,759,394,273,1322,517,220,218,491,378,328,206,10251,113,755,294,2106,627,2517,748,393,301,2152,636,875,460,673,425,780,401
0500000US13063,13063,"Clayton County, Georgia",103644,1545,44815,1156,1235,667,3347,1106,15402,2151,2225,893,12750,1764,3909,1210,4421,1392,1526,526,58829,689,1482,711,4666,1254,13491,1931,1621,860,18916,2236,5795,1170,8580,1770,4278,1030
0500000US13067,13067,"Cobb County, Georgia",108470,1417,46359,1010,1302,819,2504,893,8183,1811,1826,830,13497,2029,3492,844,11713,1863,3842,1013,62111,793,1416,632,2449,843,9425,1544,1430,691,15081,1995,8240,1534,16259,2142,7811,1642
0500000US13073,13073,"Columbia County, Georgia",14641,1369,6336,698,307,378,443,376,1399,754,101,163,1299,666,922,603,867,567,998,605,8305,988,553,415,1046,908,784,456,281,309,1462,653,873,382,2049,585,1257,788
0500000US13077,13077,"Coweta County, Georgia",15267,584,6949,476,518,318,724,565,2952,827,396,356,1303,710,248,255,480,314,328,359,8318,571,576,283,881,423,2824,989,622,481,1839,740,324,332,660,521,592,466
0500000US13089,13089,"DeKalb County, Georgia",241020,1226,104519,754,2559,863,10224,1826,27965,2954,5210,1440,28431,2843,7443,1778,16027,2519,6660,1362,136501,805,5455,1403,11183,1938,32662,3176,4531,1448,34986,3093,11875,1877,21647,2605,14162,2286
0500000US13095,13095,"Dougherty County, Georgia",35873,269,15492,95,1041,360,3657,983,3788,828,836,491,3816,829,575,426,1052,486,727,327,20381,239,1196,419,3123,919,3875,904,897,429,6801,1203,1837,709,1339,662,1313,566
0500000US13097,13097,"Douglas County, Georgia",32077,1015,13926,842,290,357,917,655,3460,914,545,340,3608,960,451,341,2901,918,1754,627,18151,411,132,172,832,723,3348,1105,131,223,4766,1183,2101,891,4462,1094,2379,702
0500000US13113,13113,"Fayette County, Georgia",14191,776,6482,696,215,200,169,142,1618,730,85,148,2237,691,271,208,1294,442,593,286,7709,307,0,208,251,197,1467,572,71,111,1753,624,727,386,2292,711,1148,522
0500000US13115,13115,"Floyd County, Georgia",7906,583,3576,372,90,107,1044,559,1087,352,264,200,551,343,71,115,469,359,0,208,4330,371,149,174,574,372,1472,508,0,208,1196,518,270,209,352,281,317,362
0500000US13121,13121,"Fulton County, Georgia",269111,1187,119952,723,4237,874,11985,1678,29608,3089,6029,1194,29946,3029,6461,1495,24029,3419,7657,1385,149159,904,5271,1178,14551,2464,28871,2420,4623,1093,34150,4028,12178,2255,30449,3694,19066,2614
0500000US13127,13127,"Glynn County, Georgia",11614,678,4797,585,81,110,832,419,1695,602,190,213,1234,507,311,259,284,270,170,208,6817,345,444,352,884,408,1780,699,328,250,1768,645,662,361,705,547,246,215
0500000US13135,13135,"Gwinnett County, Georgia",120249,1831,52620,1073,735,491,3217,1342,10710,1738,2640,1152,14215,2180,7058,1820,9329,1949,4716,1527,67629,1045,2101,1071,2552,887,13271,2480,1005,519,16110,2301,9102,1909,15976,2416,7512,1713
0500000US13139,13139,"Hall County, Georgia",7612,618,3199,499,90,72,586,291,917,402,83,80,1063,528,278,320,132,105,50,65,4413,329,327,209,480,243,1266,480,154,199,1465,520,469,379,179,163,73,89
0500000US13151,13151,"Henry County, Georgia",46614,2064,21093,569,633,623,1781,812,4773,1506,217,214,6844,1428,1347,771,3854,1331,1644,757,25521,1859,762,511,681,489,3477,1212,271,305,8550,1950,3338,1172,5183,1380,3259,939
0500000US13153,13153,"Houston County, Georgia",24928,445,11074,202,525,276,1162,560,2375,688,518,396,3540,959,1105,559,1205,801,644,501,13854,334,456,405,981,585,3626,1089,1190,600,4194,880,1583,723,616,425,1208,568
0500000US13179,13179,"Liberty County, Georgia",15184,510,7088,331,230,218,527,340,1983,626,367,285,2580,626,618,388,541,362,242,255,8096,292,307,200,918,374,2118,542,267,249,1813,617,851,516,901,447,921,482
0500000US13185,13185,"Lowndes County, Georgia",21845,180,10172,54,538,354,1685,503,2787,786,780,493,2512,675,669,409,783,404,418,347,11673,178,485,234,1516,576,3024,737,653,384,3481,632,680,382,775,409,1059,449
0500000US13215,13215,"Muscogee County, Georgia",54067,979,24759,523,1621,617,3528,883,5873,931,1420,560,7388,1154,2077,729,1837,674,1015,567,29308,750,1655,508,3329,751,6355,1066,564,217,9230,1244,3379,949,3152,861,1644,614
0500000US13217,13217,"Newton County, Georgia",24409,592,9875,557,164,180,1138,604,3881,1240,134,221,2091,940,781,642,1286,756,400,307,14534,333,461,362,990,482,2780,1004,480,535,4769,1667,1549,1013,1711,863,1794,982
0500000US13223,13223,"Paulding County, Georgia",14185,711,6241,570,82,131,431,424,2769,884,259,247,1230,632,245,248,528,424,697,572,7944,383,329,321,17,32,2027,962,350,474,2388,1089,76,138,1507,810,1250,835
0500000US13245,13245,"Richmond County, Georgia",66435,693,29868,431,1225,431,4764,1127,8151,1408,1301,505,8274,1389,2494,837,2723,905,936,555,36567,538,1706,512,2816,818,9246,1605,1577,751,11634,1854,2922,922,4376,1105,2290,870
0500000US13247,13247,"Rockdale County, Georgia",22599,840,9415,452,91,119,866,446,2756,855,484,289,2423,815,1064,557,1035,502,696,391,13184,528,432,266,650,323,2626,903,368,338,3526,1111,1753,678,2397,1094,1432,624
0500000US13285,13285,"Troup County, Georgia",13381,465,5699,434,448,274,662,394,2053,721,557,384,1301,683,150,175,232,207,296,248,7682,166,716,365,1314,484,2162,644,138,128,2047,612,494,355,591,300,220,226
0500000US13297,13297,"Walton County, Georgia",9015,587,4128,308,34,61,111,151,1192,711,271,240,2131,811,0,208,319,351,70,136,4887,441,425,341,541,284,583,576,367,340,1757,897,675,570,396,327,143,174
0500000US15003,15003,"Honolulu County, Hawaii",13911,976,8953,673,0,177,52,70,1870,732,170,224,2973,928,989,500,2062,719,837,397,4958,577,0,177,107,142,281,246,0,177,1508,463,1178,675,1212,479,672,365
0500000US17019,17019,"Champaign County, Illinois",12002,558,5374,364,502,369,269,234,1443,655,441,285,1590,605,66,96,597,453,466,303,6628,404,282,242,836,366,2303,878,164,166,1920,622,174,217,453,232,496,304
0500000US17031,17031,"Cook County, Illinois",801719,2859,342907,1691,16197,1885,41246,2856,97116,4529,17627,2217,92809,4823,20313,2466,38570,3084,19029,2565,458812,1823,17277,2032,50530,2950,104824,4267,14821,1695,134490,4778,38733,2997,59215,3568,38922,2807
0500000US17043,17043,"DuPage County, Illinois",25930,1260,12137,1001,229,262,926,493,2434,916,208,215,4006,1055,881,472,2321,962,1132,420,13793,721,252,235,459,314,1567,519,595,424,3938,803,1413,662,3476,844,2093,655
0500000US17089,17089,"Kane County, Illinois",16145,879,7394,584,381,262,628,338,1918,712,432,384,2014,684,769,502,753,375,499,489,8751,658,172,125,1247,736,2153,739,366,414,2779,832,558,416,725,496,751,496
0500000US17091,17091,"Kankakee County, Illinois",9272,496,4366,300,135,181,595,281,1705,538,207,157,1282,538,87,123,355,307,0,179,4906,415,139,110,855,288,1576,493,156,193,1474,491,157,168,405,228,144,108
0500000US17097,17097,"Lake County, Illinois",28918,602,13406,386,433,270,1241,492,3366,883,1049,561,2753,796,1064,600,2008,760,1492,663,15512,349,287,200,790,336,3295,831,403,244,4978,1013,1920,791,2371,726,1468,649
0500000US17113,17113,"McLean County, Illinois",6487,434,2975,335,0,179,161,202,768,359,152,204,678,332,316,229,820,380,80,137,3512,429,31,54,405,257,951,446,47,81,815,361,215,171,1024,460,24,41
0500000US17115,17115,"Macon County, Illinois",10766,467,5227,342,175,170,842,357,1220,431,1017,535,1463,577,211,196,150,146,149,178,5539,290,580,366,849,310,1464,420,542,275,1425,405,276,194,262,183,141,169
0500000US17119,17119,"Madison County, Illinois",11528,496,5349,451,334,206,564,347,1454,494,1037,554,931,450,425,271,512,399,92,104,6179,212,142,132,974,388,1011,384,761,480,1665,491,487,285,869,440,270,221
0500000US17143,17143,"Peoria County, Illinois",17206,464,7725,300,223,175,1508,493,2425,573,554,321,1762,589,341,258,620,396,292,263,9481,367,258,212,1296,578,2683,663,380,243,2651,732,1016,494,953,411,244,172
0500000US17161,17161,"Rock Island County, Illinois",8010,498,4186,464,31,57,672,280,1160,384,23,46,1429,351,534,444,250,163,87,119,3824,300,178,141,615,298,758,280,203,150,893,403,306,225,550,322,321,234
0500000US17163,17163,"St. Clair County, Illinois",47914,970,20785,619,2117,810,2230,701,6569,1125,655,502,5534,1196,1587,625,1132,621,961,453,27129,711,1288,510,3128,824,7504,1115,1222,507,7337,1166,2113,607,2168,725,2369,763
0500000US17167,17167,"Sangamon County, Illinois",13383,571,6196,534,380,305,1032,587,1110,401,90,102,1538,570,1018,637,770,537,258,194,7187,203,153,115,637,389,2025,607,374,221,1614,609,469,244,976,523,939,682
0500000US17183,17183,"Vermilion County, Illinois",6101,504,3543,320,152,150,716,479,1018,528,304,195,983,453,211,173,159,224,0,179,2558,390,0,179,290,246,689,367,219,243,777,372,175,214,118,152,290,334
0500000US17197,17197,"Will County, Illinois",44986,643,21314,362,309,191,2133,732,4952,923,800,302,6392,1079,1814,701,3639,836,1275,698,23672,486,462,377,1539,452,5247,1183,315,210,6213,1024,2322,795,5075,1121,2499,821
0500000US17201,17201,"Winnebago County, Illinois",19778,355,8835,333,512,306,1197,451,2812,822,552,344,2263,728,615,330,617,464,267,190,10943,157,585,278,1562,446,3081,694,402,227,3600,648,747,463,489,308,477,368
0500000US18003,18003,"Allen County, Indiana",24173,723,11194,382,477,261,1434,500,3794,815,570,281,3535,779,450,291,541,320,393,246,12979,427,704,297,1712,564,3263,728,547,386,3590,817,1516,599,1260,537,387,244
0500000US18019,18019,"Clark County, Indiana",4966,424,2509,223,140,146,255,276,1067,354,398,334,458,315,117,193,74,118,0,184,2457,329,51,80,242,196,502,312,166,145,914,356,248,225,286,276,48,87
0500000US18035,18035,"Delaware County, Indiana",2481,649,1430,438,0,184,215,146,501,298,61,79,451,231,128,174,74,73,0,184,1051,346,45,71,65,55,214,154,89,91,389,229,129,102,94,87,26,31
0500000US18039,18039,"Elkhart County, Indiana",6606,721,3120,490,315,317,266,244,1115,469,102,144,456,454,142,125,654,544,70,73,3486,346,182,150,490,277,1294,473,25,48,849,377,406,390,113,157,127,201
0500000US18089,18089,"Lake County, Indiana",75454,633,31824,308,1077,454,3831,762,11621,1410,2134,740,7698,1163,1449,509,2782,832,1232,568,43630,538,1425,476,3816,831,12313,1451,1465,613,12884,1487,4153,1094,4799,927,2775,714
0500000US18091,18091,"LaPorte County, Indiana",7661,378,4816,260,180,126,1015,326,1077,317,513,201,1172,295,325,206,498,326,36,73,2845,296,0,184,264,222,1614,497,52,87,396,233,327,257,190,164,2,5
0500000US18095,18095,"Madison County, Indiana",6526,563,3276,393,183,152,618,230,699,298,285,159,699,350,153,172,553,276,86,76,3250,381,138,115,416,284,1124,361,187,133,853,394,382,286,68,115,82,80
0500000US18097,18097,"Marion County, Indiana",145233,1497,62395,836,1924,563,9958,1467,18086,1815,3528,837,15498,1490,4772,1059,5889,1482,2740,855,82838,1174,2505,637,8483,1408,24464,2261,4206,1013,20190,2051,7733,1512,8759,1499,6498,1346
0500000US18141,18141,"St. Joseph County, Indiana",19154,311,8436,249,217,174,1579,602,2248,626,295,175,2328,588,595,318,924,533,250,218,10718,255,222,160,1635,519,2210,546,780,505,2914,589,903,430,791,392,1263,518
0500000US18163,18163,"Vanderburgh County, Indiana",10116,552,5140,448,215,251,610,448,1448,594,410,443,1442,741,290,225,667,471,58,70,4976,309,198,132,397,211,1217,345,216,165,1687,461,587,395,414,264,260,226
0500000US18167,18167,"Vigo County, Indiana",4260,451,2864,423,206,217,625,360,268,189,735,306,663,302,60,104,307,254,0,184,1396,399,36,77,210,211,120,110,194,210,146,162,189,186,261,232,240,187
0500000US19013,19013,"Black Hawk County, Iowa",6581,609,2941,359,155,126,664,337,345,214,316,235,1070,510,95,93,116,99,180,166,3640,422,186,105,1475,516,388,226,463,438,549,261,114,117,191,171,274,263
0500000US19153,19153,"Polk County, Iowa",14460,675,7065,621,156,201,582,298,1265,527,1226,834,1898,587,647,410,683,470,608,367,7395,300,404,285,277,201,1725,560,515,300,2353,653,714,349,894,391,513,287
0500000US19163,19163,"Scott County, Iowa",6248,461,3289,315,90,126,360,281,963,514,250,216,426,336,464,344,460,357,276,204,2959,233,31,41,475,339,522,229,76,69,666,311,569,320,298,226,322,303
0500000US20091,20091,"Johnson County, Kansas",14694,699,7112,506,24,48,164,142,1422,659,96,124,2319,866,1014,530,1124,513,949,399,7582,435,86,133,261,200,516,380,179,206,2791,766,1390,595,1309,558,1050,477
0500000US20173,20173,"Sedgwick County, Kansas",26815,985,12604,829,147,118,963,462,3577,932,969,473,4274,883,980,635,967,553,727,397,14211,422,331,212,1130,411,3434,920,731,387,4669,871,1299,661,1623,691,994,383
0500000US20177,20177,"Shawnee County, Kansas",8587,943,4203,631,71,113,697,327,1346,670,343,330,1268,511,233,373,85,109,160,185,4384,508,31,63,562,423,1316,589,640,540,1078,560,296,326,375,328,86,103
0500000US20209,20209,"Wyandotte County, Kansas",24246,684,10652,488,470,273,932,346,2782,673,401,283,3758,718,678,358,1631,593,0,165,13594,414,409,219,1472,575,3010,730,609,297,4157,746,1889,628,1309,613,739,320
0500000US21047,21047,"Christian County, Kentucky",8082,748,3440,545,126,102,95,79,1309,483,252,147,1156,462,0,181,245,195,257,164,4642,439,198,172,357,331,1201,475,184,233,1651,669,510,317,335,286,206,161
0500000US21067,21067,"Fayette County, Kentucky",25899,795,12172,572,485,362,1280,478,3562,840,805,425,3162,759,532,345,1438,609,908,474,13727,485,469,268,841,414,3112,845,563,321,4866,1043,1749,776,1338,540,789,371
0500000US21093,21093,"Hardin County, Kentucky",7880,487,4129,327,94,111,105,138,418,240,140,140,2138,588,270,270,526,353,438,334,3751,289,8,16,302,212,678,311,131,165,1059,382,816,456,637,386,120,118
0500000US21111,21111,"Jefferson County, Kentucky",94308,1432,41922,804,1746,746,5002,829,12392,1312,3314,1013,10065,1994,2636,765,3993,1085,2774,756,52386,834,2094,646,6737,1206,11548,1546,2678,869,15119,1586,4177,863,5869,1350,4164,961
0500000US22005,22005,"Ascension Parish, Louisiana",15663,689,6683,407,245,271,977,580,2572,1027,192,202,1542,816,190,218,965,597,0,193,8980,571,672,518,602,516,3196,1318,0,193,2578,1016,920,722,797,515,215,243
0500000US22015,22015,"Bossier Parish, Louisiana",14974,509,6801,478,336,254,869,409,2741,728,224,246,1044,416,771,598,563,515,253,228,8173,271,559,343,1234,491,2366,706,155,137,2105,629,960,496,368,203,426,364
0500000US22017,22017,"Caddo Parish, Louisiana",73845,891,32352,703,2223,740,6797,1421,10384,1446,1322,642,6854,1337,1309,669,2211,764,1252,671,41493,304,3179,898,5325,1139,11628,1347,1490,633,11390,1454,2842,863,3318,916,2321,686
0500000US22019,22019,"Calcasieu Parish, Louisiana",28132,962,13629,105,1010,436,2880,934,4455,780,985,493,1966,570,1357,697,664,387,312,259,14503,996,973,416,1916,693,4766,1000,162,172,3728,943,1443,571,1167,532,348,272
0500000US22033,22033,"East Baton Rouge Parish, Louisiana",116853,522,51131,323,2211,824,8128,1420,16323,2077,2091,872,12811,1894,1879,891,4838,1274,2850,783,65722,419,2475,741,8253,1499,18019,2051,1876,1044,17344,2502,2740,914,8516,1397,6499,1197
0500000US22045,22045,"Iberia Parish, Louisiana",13319,474,6013,424,942,525,658,386,1473,567,335,372,1538,623,230,240,608,536,229,281,7306,207,631,284,938,454,2565,622,308,234,1701,506,148,184,583,401,432,459
0500000US22051,22051,"Jefferson Parish, Louisiana",69910,1782,31804,1139,2522,787,4926,985,10921,1659,1223,515,8364,1363,595,318,2511,810,742,378,38106,998,1264,395,4791,1016,9298,1533,1436,592,9779,1488,4151,1067,4502,1152,2885,907
0500000US22055,22055,"Lafayette Parish, Louisiana",31796,1088,14145,731,1738,1071,2369,875,4168,1083,707,541,3257,1118,678,538,837,489,391,274,17651,697,1341,450,2547,741,5241,1346,820,505,3966,1025,1371,743,1569,734,796,472
0500000US22057,22057,"Lafourche Parish, Louisiana",7144,530,3297,369,346,169,903,417,758,458,82,142,632,483,430,451,146,192,0,193,3847,393,460,285,618,255,1203,622,0,193,458,419,266,279,679,708,163,197
0500000US22071,22071,"Orleans Parish, Louisiana",138027,530,60441,415,3258,667,9552,1318,18553,1698,2505,698,15902,1578,2438,712,6182,1131,2051,628,77586,337,3222,690,12382,1135,20120,1713,2021,550,21380,1653,3836,873,9644,1423,4981,804
0500000US22073,22073,"Ouachita Parish, Louisiana",31660,325,13806,290,817,394,2419,649,5029,926,894,418,3037,859,215,251,563,269,832,384,17854,102,858,355,3599,798,4141,916,757,391,4327,840,910,341,2116,644,1146,449
0500000US22079,22079,"Rapides Parish, Louisiana",24753,403,11252,125,1347,483,1591,519,3972,850,938,388,2200,609,43,72,900,405,261,211,13501,366,693,287,1953,576,4520,841,1052,475,2977,709,830,379,991,541,485,364
0500000US22097,22097,"St. Landry Parish, Louisiana",19684,573,8821,411,1687,657,1562,474,3369,784,293,199,959,396,255,269,501,294,195,144,10863,328,1254,332,1246,538,4170,795,167,172,1726,517,637,315,1224,620,439,210
0500000US22103,22103,"St. Tammany Parish, Louisiana",16969,845,7589,688,623,378,1090,543,1791,693,254,272,1761,632,461,370,1429,610,180,172,9380,509,916,499,966,413,1906,647,372,320,2838,876,935,460,1166,578,281,223
0500000US22105,22105,"Tangipahoa Parish, Louisiana",19764,994,8925,512,580,259,1966,704,3744,892,164,187,948,510,537,453,986,578,0,193,10839,710,815,369,2070,661,2895,919,438,399,2576,822,209,219,722,432,1114,449
0500000US22109,22109,"Terrebonne Parish, Louisiana",11755,596,5472,460,453,374,1231,572,2508,770,408,404,428,359,6,12,318,329,120,140,6283,358,192,182,1536,1000,2491,813,332,261,782,425,436,371,368,306,146,169
0500000US24003,24003,"Anne Arundel County, Maryland",54510,1681,25636,1093,761,467,2256,839,7077,1230,829,376,5367,1069,2467,927,4494,1291,2385,895,28874,1007,737,345,3019,1350,5350,1093,1056,497,8507,1471,2821,1033,4251,1172,3133,1055
0500000US24005,24005,"Baltimore County, Maryland",134882,1354,57069,711,2190,775,4552,1146,16404,1963,2135,679,14334,1787,3750,910,8399,1431,5305,1053,77813,972,2139,608,3927,977,17777,2036,2635,1041,20466,2194,6512,1814,13472,2097,10885,1765
0500000US24009,24009,"Calvert County, Maryland",8217,533,3913,327,175,201,727,392,1456,606,0,190,757,336,87,150,361,297,350,282,4304,481,53,67,366,334,2219,529,160,158,401,275,266,322,610,352,229,162
0500000US24017,24017,"Charles County, Maryland",38229,798,16618,590,412,316,776,342,4590,1015,463,294,5078,1040,1357,644,2402,762,1540,606,21611,471,443,261,1192,543,4487,1002,219,228,7478,1288,1947,618,3690,867,2155,739
0500000US24021,24021,"Frederick County, Maryland",12780,615,5973,341,160,148,447,278,1411,628,91,121,1986,823,567,365,871,445,440,291,6807,451,177,205,589,329,1432,475,167,206,2067,589,555,377,938,345,882,444
0500000US24025,24025,"Harford County, Maryland",19269,625,8747,560,69,106,364,280,2715,663,184,196,3052,755,330,233,811,397,1222,583,10522,333,336,313,615,347,3360,985,382,332,2754,780,620,364,1116,476,1339,511
0500000US24027,24027,"Howard County, Maryland",33636,766,14335,457,151,139,278,315,1325,656,440,255,4460,897,891,692,3670,874,3120,702,19301,486,405,361,644,416,3117,997,274,274,3320,893,1280,490,4787,978,5474,1174
0500000US24031,24031,"Montgomery County, Maryland",112272,1522,48378,947,1378,547,2196,685,9376,1436,1218,602,9695,1703,2910,986,10035,1406,11570,1610,63894,1237,2669,781,3249,707,10920,1505,1037,517,13540,1522,6567,1700,12253,1605,13659,1858
0500000US24033,24033,"Prince George's County, Maryland",370477,1978,161253,1166,3760,855,9444,1234,47131,2740,5443,1155,43503,2695,9332,1658,26569,2790,16071,1791,209224,1242,4746,1222,8760,1533,52049,2952,4182,846,57380,2451,15418,1709,37058,2346,29631,2289
0500000US24037,24037,"St. Mary's County, Maryland",9266,586,4392,241,82,92,565,244,1210,478,384,442,989,482,278,252,771,378,113,154,4874,521,44,74,520,262,1839,625,145,155,1845,654,58,104,292,274,131,212
0500000US24043,24043,"Washington County, Maryland",9043,827,6563,527,112,127,1533,582,1305,495,1403,422,1565,567,217,230,239,245,189,192,2480,555,45,68,244,241,610,351,363,302,676,353,350,282,35,63,157,143
0500000US24045,24045,"Wicomico County, Maryland",13939,856,6128,486,235,227,1052,477,2886,737,296,232,919,479,44,76,300,238,396,270,7811,650,215,198,427,344,2512,760,209,189,2023,887,567,338,674,374,1184,503
0500000US24510,24510,"Baltimore city, Maryland",251039,1695,109364,1252,7003,1380,21096,2200,32511,3064,8284,1644,24471,2468,4848,1173,7602,1227,3549,1088,141675,751,6856,1251,21227,2292,41427,2612,6744,1228,36434,3159,7314,1452,12323,1932,9350,1439
0500000US25005,25005,"Bristol County, Massachusetts",10981,860,5555,539,587,312,594,374,1300,592,229,242,1152,407,272,249,866,437,555,338,5426,499,358,242,481,295,1061,476,382,224,1054,495,440,309,968,468,682,387
0500000US25009,25009,"Essex County, Massachusetts",17696,1432,8540,752,845,393,714,382,2034,626,222,144,2003,613,879,558,1244,480,599,446,9156,1015,982,407,1274,567,2040,615,452,379,2498,602,522,253,846,329,542,314
0500000US25013,25013,"Hampden County, Massachusetts",23634,1032,10871,530,526,342,1368,506,2563,620,572,347,2929,768,930,531,1128,545,855,494,12763,665,586,363,1866,596,2901,729,397,287,3223,666,711,373,1304,588,1775,678
0500000US25017,25017,"Middlesex County, Massachusetts",45672,1801,21737,1050,756,447,1684,553,5878,1410,704,452,5403,1222,2265,654,3765,1187,1282,580,23935,1142,1776,647,1285,638,5282,1277,592,434,4803,1094,1650,563,4139,1066,4408,1015
0500000US25021,25021,"Norfolk County, Massachusetts",25888,1089,11885,656,326,287,1410,591,1816,812,497,454,2972,878,1073,565,2620,805,1171,554,14003,703,1361,594,980,543,2286,1046,543,374,2935,902,1715,733,2212,801,1971,664
0500000US25023,25023,"Plymouth County, Massachusetts",25210,1206,11367,579,1768,685,953,363,2553,645,1415,648,2135,567,1066,490,1198,543,279,278,13843,950,2347,810,963,447,2801,918,1130,573,3177,928,1208,530,1291,602,926,581
0500000US25025,25025,"Suffolk County, Massachusetts",103654,2346,44640,1424,3800,940,6039,1294,14337,1700,2296,862,9577,1520,2639,870,4369,942,1583,507,59014,1438,5797,1051,6068,1079,15208,1731,2823,832,13281,1939,4700,1165,7198,1291,3939,915
0500000US25027,25027,"Worcester County, Massachusetts",20274,1127,10694,756,407,240,1091,471,3138,741,484,279,2257,799,1424,547,1137,498,756,389,9580,736,637,354,845,502,2831,876,148,141,1935,630,851,585,1579,634,754,448
0500000US26021,26021,"Berrien County, Michigan",13427,489,6011,254,361,204,1108,467,2055,580,276,195,1006,399,320,248,418,271,467,248,7416,293,470,246,946,320,2468,503,234,162,1865,522,511,353,246,216,676,281
0500000US26025,26025,"Calhoun County, Michigan",9350,467,4579,463,68,61,601,324,1500,490,557,394,950,456,27,53,702,465,174,264,4771,142,268,160,208,183,1349,454,180,179,1471,412,304,219,671,437,320,293
0500000US26045,26045,"Eaton County, Michigan",4199,388,1989,177,202,316,6,15,576,391,6,15,506,336,308,247,220,198,165,206,2210,337,33,56,32,53,731,357,33,51,478,296,374,296,355,239,174,131
0500000US26049,26049,"Genesee County, Michigan",51251,707,22493,560,942,459,2265,608,7975,1200,1336,556,6300,1166,960,352,1691,637,1024,490,28758,402,1035,364,3585,926,6938,1251,1059,500,10590,1443,1804,569,2486,694,1261,387
0500000US26065,26065,"Ingham County, Michigan",16691,771,7877,431,137,145,781,328,2108,696,510,278,2173,558,554,397,1033,367,581,304,8814,568,311,317,642,353,1484,556,199,172,3205,804,483,338,1476,574,1014,426
0500000US26075,26075,"Jackson County, Michigan",8713,675,5802,499,233,168,1125,434,1642,572,1395,415,859,309,375,202,50,96,123,198,2911,446,100,102,317,244,727,369,344,253,824,238,160,190,143,134,296,397
0500000US26077,26077,"Kalamazoo County, Michigan",14976,978,7234,667,142,135,857,497,1168,503,509,344,3033,985,241,245,757,432,527,345,7742,663,188,177,695,327,895,371,339,312,3543,930,757,466,529,245,796,445
0500000US26081,26081,"Kent County, Michigan",32071,1374,15270,783,1311,561,1637,681,4281,1213,1120,516,3997,1025,765,549,1743,850,416,266,16801,814,775,463,2032,708,4350,969,545,329,5508,1084,996,628,1180,449,1415,595
0500000US26099,26099,"Macomb County, Michigan",47181,707,20116,387,231,187,2223,796,6290,1230,2096,876,4105,1053,1675,560,2510,1012,986,508,27065,548,589,420,2458,1057,5168,1166,696,334,10119,1494,2863,884,3609,969,1563,658
0500000US26121,26121,"Muskegon County, Michigan",13935,786,6403,528,558,181,1573,468,1140,400,988,383,1621,484,209,194,241,198,73,86,7532,534,268,194,1325,539,1394,440,396,248,2285,686,613,309,1130,486,121,140
0500000US26125,26125,"Oakland County, Michigan",109456,1438,45953,796,806,370,3412,771,8731,1613,2910,724,14267,1823,3405,947,7705,1398,4717,1049,63503,1190,936,326,3142,690,11426,1542,2167,805,18746,1758,5460,1170,11087,1595,10539,1409
0500000US26145,26145,"Saginaw County, Michigan",21625,546,9742,364,421,223,1581,529,2378,606,1337,454,2835,806,614,393,307,245,269,195,11883,395,272,171,2072,655,3699,782,625,306,3439,864,409,224,1060,557,307,189
0500000US26161,26161,"Washtenaw County, Michigan",24994,667,11871,503,285,217,1226,504,2517,812,594,334,3105,750,894,376,2083,673,1167,491,13123,518,288,242,366,290,2822,810,574,312,4747,762,1175,475,1980,643,1171,425
0500000US26163,26163,"Wayne County, Michigan",443060,1434,193994,907,8105,1140,32056,2504,59745,3189,15212,1417,48898,3378,11088,1770,11966,1678,6924,1294,249066,776,7094,1101,34266,2480,57973,3274,12128,1519,78186,3311,20038,1769,24267,1909,15114,1944
0500000US27003,27003,"Anoka County, Minnesota",8050,575,4300,451,0,139,586,368,1229,570,443,342,917,437,433,259,491,345,201,162,3750,483,550,349,202,187,1188,495,51,82,1093,424,378,256,288,269,0,139
0500000US27037,27037,"Dakota County, Minnesota",11906,537,6657,381,72,89,103,107,2333,979,240,202,1799,692,703,420,836,427,571,385,5249,374,391,248,577,494,861,450,155,159,1748,656,740,385,621,293,156,117
0500000US27053,27053,"Hennepin County, Minnesota",78218,1506,38101,994,1650,766,4955,923,8825,1547,1062,443,8701,1483,2994,1033,7027,1255,2887,916,40117,912,3906,914,5042,1106,7734,1232,1004,455,10371,1565,4062,1018,4475,1080,3523,1000
0500000US27123,27123,"Ramsey County, Minnesota",30287,781,14405,629,989,401,1937,663,2733,840,407,253,4883,920,563,311,1583,610,1310,631,15882,475,1174,468,1781,800,3889,1068,544,367,4794,942,1505,668,1424,536,771,421
0500000US27163,27163,"Washington County, Minnesota",5130,608,2659,455,162,133,205,280,666,459,425,192,43,78,176,155,500,531,482,316,2471,496,0,139,95,163,130,166,382,363,293,407,391,314,678,399,502,333
0500000US28033,28033,"DeSoto County, Mississippi",22406,450,9525,312,315,236,1201,474,2696,815,395,334,2512,780,649,472,972,468,785,565,12881,198,271,219,815,416,2845,1003,280,214,2911,932,1947,772,1805,650,2007,877
0500000US28035,28035,"Forrest County, Mississippi",14849,563,6475,494,304,179,1312,640,1782,725,225,328,1813,619,219,196,666,444,154,190,8374,228,400,374,1411,584,2198,716,590,401,2311,669,362,317,764,472,338,263
0500000US28047,28047,"Harrison County, Mississippi",26155,369,12028,181,358,263,1271,697,3438,1040,770,486,3131,810,1381,657,1078,627,601,317,14127,327,635,276,1152,476,3934,880,818,547,3691,805,1701,737,1266,547,930,535
0500000US28049,28049,"Hinds County, Mississippi",100574,565,43861,348,1569,555,5992,1280,11230,1634,2949,969,13613,1768,2704,842,4176,1125,1628,679,56713,386,1746,462,7668,1355,9221,1416,2616,897,16768,1970,5851,1304,7282,1294,5561,1153
0500000US28059,28059,"Jackson County, Mississippi",17470,591,7807,479,523,418,1226,576,1808,607,436,290,2135,825,1223,594,387,246,69,71,9663,408,168,188,1044,326,1372,404,796,391,3123,877,1631,628,820,396,709,546
0500000US28067,28067,"Jones County, Mississippi",11147,726,5103,496,289,205,1048,544,1442,533,39,61,1738,516,404,383,37,73,106,114,6044,547,454,296,1078,465,1782,671,133,148,1517,594,255,244,460,403,365,341
0500000US28075,28075,"Lauderdale County, Mississippi",20311,681,8962,551,502,305,1751,534,2561,750,417,249,2123,662,544,327,857,603,207,198,11349,363,572,288,1565,616,2158,671,530,328,3145,866,1815,833,1330,542,234,211
0500000US28081,28081,"Lee County, Mississippi",13796,561,5864,476,312,239,1057,474,2169,556,156,146,1578,602,54,86,303,251,235,173,7932,235,305,240,1301,585,1919,610,565,332,2226,668,494,259,838,458,284,254
0500000US28089,28089,"Madison County, Mississippi",21622,666,9305,609,749,389,1264,544,2241,765,586,417,1837,662,139,154,903,429,1586,774,12317,268,1177,397,1288,576,2426,700,104,116,3066,812,762,401,1663,678,1831,801
0500000US28121,28121,"Rankin County, Mississippi",17807,742,7712,655,429,259,1147,482,2764,733,302,180,1518,820,610,487,710,409,232,210,10095,618,164,162,457,289,1788,668,161,209,2146,935,618,553,3215,1168,1546,699
0500000US29019,29019,"Boone County, Missouri",5750,1263,2146,746,0,177,107,131,465,314,134,125,730,466,187,299,213,209,310,276,3604,920,0,177,544,588,743,436,79,134,622,570,103,139,738,464,775,458
0500000US29047,29047,"Clay County, Missouri",6804,744,3332,451,36,66,385,356,799,369,71,106,840,450,348,239,208,195,645,441,3472,655,453,370,98,143,344,363,101,180,1298,639,492,405,171,184,515,334
0500000US29051,29051,"Cole County, Missouri",3996,592,2345,489,115,119,755,344,391,380,465,340,433,274,62,59,64,93,60,104,1651,302,0,177,443,338,163,182,28,53,706,303,50,90,261,207,0,177
0500000US29095,29095,"Jackson County, Missouri",98134,743,43380,400,1770,665,5192,1017,14460,1758,2947,734,9730,1612,4247,970,3318,920,1716,447,54754,608,1742,672,5469,1025,16618,1614,1835,657,15875,1649,4166,815,5359,1068,3690,826
0500000US29183,29183,"St. Charles County, Missouri",9747,725,4757,445,131,164,294,244,951,485,197,177,605,329,947,506,1234,503,398,224,4990,459,75,95,116,142,982,412,34,60,2086,627,499,360,740,380,458,265
0500000US29189,29189,"St. Louis County, Missouri",141773,1232,58357,656,1666,592,6537,1352,14487,2054,2892,854,18718,2070,5647,1354,5145,943,3265,951,83416,991,2915,920,8297,1518,18038,1815,3473,1052,23721,2113,7885,1459,10413,1611,8674,1738
0500000US29510,29510,"St. Louis city, Missouri",93763,686,40573,555,2620,545,8632,1278,10307,1349,1938,477,9705,1222,2207,756,3470,836,1694,636,53190,385,2484,591,9443,1360,12568,1449,2075,611,14918,1536,3655,1166,5257,1038,2790,588
0500000US31055,31055,"Douglas County, Nebraska",34645,965,16111,479,1346,482,2092,612,3445,691,961,343,4900,937,910,433,1858,694,599,346,18534,785,1578,495,1661,493,4036,822,908,376,4878,785,1527,595,2594,802,1352,478
0500000US31109,31109,"Lancaster County, Nebraska",5603,410,3833,389,0,149,446,315,887,401,481,324,1253,470,244,241,522,366,0,149,1770,350,44,78,319,279,316,259,45,81,319,229,199,205,346,219,182,188
0500000US32003,32003,"Clark County, Nevada",131478,2097,64938,1121,1102,642,6981,1434,19744,2507,3249,904,19563,2090,4496,1114,7116,1495,2687,791,66540,1504,2160,727,7057,1421,18647,2083,2565,748,17506,1848,5921,1169,7588,1475,5096,1348
0500000US33011,33011,"Hillsborough County, New Hampshire",4753,1065,2281,699,71,132,124,153,666,582,61,76,635,484,60,102,448,363,216,193,2472,663,486,415,0,181,428,375,0,181,424,453,544,477,316,272,274,220
0500000US34001,34001,"Atlantic County, New Jersey",27608,857,12185,504,891,379,1975,601,3473,861,785,385,2912,778,580,376,1169,473,400,269,15423,550,690,380,2839,889,3926,851,917,461,2989,764,1303,678,1874,801,885,525
0500000US34003,34003,"Bergen County, New Jersey",35450,1315,15353,1009,949,709,743,403,4940,1168,729,468,3279,968,711,471,2951,910,1051,474,20097,883,628,425,1105,504,4539,1167,571,348,4451,1003,1055,518,5615,1114,2133,689
0500000US34005,34005,"Burlington County, New Jersey",47548,1344,22808,678,833,441,1553,471,5364,973,1899,620,5805,1148,2094,721,3973,918,1287,526,24740,949,440,312,1120,525,7769,1305,616,253,5608,922,1498,701,5178,1244,2511,656
0500000US34007,34007,"Camden County, New Jersey",62694,1573,27187,939,1331,572,2465,903,7065,1226,1084,468,7743,1377,1830,786,3891,1198,1778,693,35507,1105,1827,650,4068,1036,8527,1092,1336,507,9755,1501,2648,909,4194,853,3152,829
0500000US34011,34011,"Cumberland County, New Jersey",20894,912,12279,587,583,263,2279,769,4467,938,1910,592,2193,627,428,284,306,262,113,130,8615,489,515,337,1387,353,2283,589,482,352,2240,664,778,380,557,360,373,287
0500000US34013,34013,"Essex County, New Jersey",199445,1816,87377,1027,3095,741,10613,1340,31087,2399,4551,963,18959,1920,4094,780,10152,1417,4826,1008,112068,1384,5147,1007,14263,1590,32227,2600,3240,689,27639,1925,8014,1306,12256,1681,9282,1524
0500000US34015,34015,"Gloucester County, New Jersey",17859,800,8184,291,162,138,631,338,2795,629,291,229,1976,596,381,246,1532,562,416,307,9675,682,77,79,386,252,3377,724,144,124,2407,747,998,544,1512,500,774,323
0500000US34017,34017,"Hudson County, New Jersey",55508,2686,25977,1591,1835,836,2515,867,8821,1564,752,347,5493,1128,1118,475,3822,796,1621,682,29531,1331,1543,614,2778,764,8012,1505,1072,580,6646,1264,2525,744,4421,917,2534,794
0500000US34021,34021,"Mercer County, New Jersey",46376,1116,20830,597,930,480,2468,729,7669,1330,1802,820,3149,924,935,470,2287,873,1590,712,25546,705,967,454,3042,773,8679,1325,1284,530,5159,1084,1730,705,2603,968,2082,792
0500000US34023,34023,"Middlesex County, New Jersey",51335,1333,23280,808,256,214,1146,551,6236,1276,3157,1600,5193,1045,1330,632,3666,997,2296,708,28055,731,825,429,1976,674,5413,1100,500,332,7614,1288,2302,705,5892,1220,3533,997
0500000US34025,34025,"Monmouth County, New Jersey",30744,1367,13558,917,637,367,1188,478,4203,1248,411,267,3133,872,1211,617,1898,667,877,437,17186,748,641,421,1051,529,5548,1008,589,341,4082,829,1678,591,2761,748,836,404
0500000US34027,34027,"Morris County, New Jersey",10001,679,4461,403,125,127,619,292,1056,423,9,20,862,301,261,202,1194,525,335,242,5540,453,71,88,317,202,1496,533,74,129,1485,654,360,239,834,436,903,442
0500000US34029,34029,"Ocean County, New Jersey",11213,698,5257,517,210,196,751,522,1953,615,280,255,1327,454,345,340,175,150,216,190,5956,397,187,192,248,249,1385,450,124,130,1689,511,969,437,649,426,705,459
0500000US34031,34031,"Passaic County, New Jersey",41002,4161,17184,2744,1985,1028,3033,1490,6556,1186,795,600,2019,617,881,499,1398,659,517,362,23818,1731,2580,796,2610,798,7477,1340,568,272,5633,1036,1615,608,1629,622,1706,742
0500000US34033,34033,"Salem County, New Jersey",5567,322,2540,210,226,146,861,403,608,311,51,73,329,217,149,151,316,315,0,192,3027,236,164,189,677,337,673,272,453,225,467,241,207,131,330,231,56,101
0500000US34035,34035,"Somerset County, New Jersey",19107,672,8660,258,148,126,401,256,1383,599,347,311,2549,847,510,353,2354,725,968,487,10447,547,265,228,351,282,2550,611,180,158,2473,721,637,314,2575,757,1416,619
0500000US34039,34039,"Union County, New Jersey",77734,1616,33643,1046,1658,697,2523,742,11651,1631,918,421,8482,1164,1545,589,4865,1208,2001,608,44091,837,2027,622,3518,796,13722,1686,750,415,11446,1395,2341,731,6783,1101,3504,735
0500000US35001,35001,"Bernalillo County, New Mexico",11485,876,6011,657,293,400,481,346,1275,605,353,379,1515,640,585,444,777,481,732,428,5474,449,307,500,374,345,755,380,0,185,1218,535,757,526,1191,533,872,592
0500000US36001,36001,"Albany County, New York",22118,813,9875,458,305,265,827,439,3026,760,500,378,2662,859,841,342,1250,767,464,388,12243,495,256,204,873,384,4217,749,194,181,3443,814,1090,468,1362,553,808,439
0500000US36005,36005,"Bronx County, New York",294634,4473,128207,2033,10069,1525,19944,1641,30113,3227,7095,1394,27823,2825,11742,2252,15306,2069,6115,1332,166427,3397,15881,2171,21334,2149,36694,2955,7111,1186,32358,3327,14195,2123,27020,2486,11834,2524
0500000US36007,36007,"Broome County, New York",5059,680,2177,411,168,186,455,300,598,241,178,219,275,221,370,331,50,91,83,110,2882,535,103,104,525,316,444,387,93,98,558,365,668,637,401,368,90,106
0500000US36027,36027,"Dutchess County, New York",18159,829,9776,557,363,313,1327,559,1532,684,1760,584,2208,619,791,494,927,474,868,419,8383,629,454,271,606,316,1777,704,408,261,2735,637,532,280,949,483,922,439
0500000US36029,36029,"Erie County, New York",72197,1017,31847,712,1956,660,4367,956,9744,1249,2021,552,6887,1063,2221,787,2308,710,2343,836,40350,764,1612,460,6097,1143,7277,1072,2463,772,11572,1621,4616,984,3551,836,3162,867
0500000US36047,36047,"Kings County, New York",571525,3919,233266,2015,18057,1995,28388,2483,68611,3403,13606,1553,45213,2774,15173,1844,31493,2765,12725,1631,338259,2681,24213,2399,41049,2696,91781,3156,17011,1665,63435,3516,27445,2361,48143,2996,25182,2127
0500000US36055,36055,"Monroe County, New York",64200,1080,28014,780,1454,486,4894,983,7313,1376,2241,671,6691,1359,2300,963,2126,704,995,544,36186,777,1658,499,5064,934,8897,1329,2344,675,8251,1146,4646,913,3196,866,2130,693
0500000US36059,36059,"Nassau County, New York",97708,2081,42613,890,1937,705,3173,873,13021,1582,1459,611,8109,1337,4106,968,7334,1331,3474,678,55095,1452,2534,841,3931,1061,13751,1596,1978,700,10350,1390,5233,1065,10330,1441,6988,1330
0500000US36061,36061,"New York County, New York",172682,4458,78503,3197,5242,1577,10692,2072,15841,2560,5699,1395,16300,2821,2897,1171,14417,2631,7415,1630,94179,2435,7832,1467,12115,1919,18229,2740,3463,996,17394,1931,7281,1778,15346,2345,12519,1836
0500000US36063,36063,"Niagara County, New York",7741,1208,3560,557,282,267,395,237,869,319,216,185,1377,581,67,91,295,234,59,80,4181,742,225,199,506,249,796,417,450,378,1312,519,308,243,463,409,121,110
0500000US36065,36065,"Oneida County, New York",7590,638,4638,308,272,231,544,290,1162,417,602,205,1136,443,348,266,323,287,251,161,2952,555,199,243,263,198,665,383,43,56,675,395,569,320,495,263,43,80
0500000US36067,36067,"Onondaga County, New York",27930,761,12793,362,1063,351,2470,588,3292,568,1077,357,2630,646,994,386,1017,431,250,213,15137,562,900,366,2839,629,2572,547,1305,454,3495,680,1741,665,1409,508,876,469
0500000US36071,36071,"Orange County, New York",22690,1231,11323,803,341,237,1622,495,2840,778,1059,418,3212,949,824,534,1127,552,298,231,11367,679,244,230,918,407,2287,802,756,441,2675,681,1381,656,1621,751,1485,649
0500000US36081,36081,"Queens County, New York",278163,3269,118720,1836,7719,1187,12483,1523,30138,2469,8587,1478,27483,2372,8447,1379,16312,1972,7551,1446,159443,1990,10188,1586,13298,1598,35369,2405,9742,1375,34703,2659,16172,1799,25945,2132,14026,1719
0500000US36083,36083,"Rensselaer County, New York",4830,431,2129,310,94,93,309,182,516,314,151,209,511,320,128,183,152,193,268,283,2701,322,86,105,74,89,841,360,61,83,1151,367,163,141,197,153,128,119
0500000US36085,36085,"Richmond County, New York",29262,1306,12153,634,491,311,991,519,3123,789,735,331,3748,870,787,455,1298,472,980,414,17109,1119,805,581,1533,809,2962,964,943,403,5147,1085,1464,482,2439,728,1816,709
0500000US36087,36087,"Rockland County, New York",24340,933,11002,562,789,358,1010,498,2719,687,750,313,2932,763,850,492,1234,500,718,377,13338,679,883,512,1085,433,2949,741,603,367,2960,850,794,399,2488,721,1576,538
0500000US36093,36093,"Schenectady County, New York",7415,983,3768,596,206,184,550,434,694,471,183,241,1145,547,583,390,374,383,33,61,3647,708,161,220,432,358,916,418,240,304,1484,571,296,201,89,126,29,59
0500000US36103,36103,"Suffolk County, New York",67402,1527,31397,995,1427,522,1757,507,10950,1606,1250,660,8032,1223,2251,920,3663,964,2067,855,36005,882,1411,731,2976,928,10041,1728,1487,718,8080,1281,3278,1095,5586,1311,3146,728
0500000US36111,36111,"Ulster County, New York",8064,742,5091,517,392,325,635,216,1470,492,132,192,1370,466,439,244,489,359,164,154,2973,446,110,126,115,133,1122,450,47,87,537,385,431,287,554,404,57,87
0500000US36119,36119,"Westchester County, New York",89626,1698,38326,951,1519,595,4520,1238,10364,1651,1920,684,7351,1393,3643,1205,5876,1471,3133,746,51300,1065,1772,555,4227,938,10907,1214,1635,605,11276,1532,5648,1131,8290,1352,7545,1506
0500000US37001,37001,"Alamance County, North Carolina",18301,735,8026,260,80,76,915,411,3676,756,815,513,1278,597,767,586,286,259,209,206,10275,607,669,432,888,421,2784,739,328,216,3672,720,845,419,360,260,729,498
0500000US37019,37019,"Brunswick County, North Carolina",8217,532,3832,283,251,163,421,317,2222,464,34,46,734,467,58,75,106,101,6,12,4385,402,84,97,380,295,2087,608,68,72,860,410,423,251,263,191,220,262
0500000US37021,37021,"Buncombe County, North Carolina",9958,902,4735,658,506,480,737,356,1336,542,391,334,809,313,158,138,522,586,276,447,5223,631,294,241,684,485,1425,687,137,178,1859,707,405,301,218,147,201,330
0500000US37025,37025,"Cabarrus County, North Carolina",17698,1070,8300,593,395,225,615,316,2911,900,313,286,1889,658,622,492,1094,521,461,309,9398,802,196,180,777,428,1968,702,248,203,2718,788,1334,587,1552,616,605,397
0500000US37035,37035,"Catawba County, North Carolina",8531,566,4448,326,320,232,540,289,1514,501,269,223,1312,560,143,150,322,358,28,49,4083,487,351,530,642,298,1372,571,16,31,709,381,253,265,584,443,156,159
0500000US37045,37045,"Cleveland County, North Carolina",12180,452,5381,299,700,529,653,376,1838,544,203,264,1070,511,336,277,298,217,283,226,6799,324,83,90,1272,407,2220,694,315,349,1693,494,423,311,399,294,394,438
0500000US37049,37049,"Craven County, North Carolina",14312,718,7092,619,467,292,1490,626,2468,713,466,435,1873,615,129,142,159,199,40,57,7220,443,198,177,1021,472,1961,595,78,140,2180,645,764,407,634,375,384,377
0500000US37051,37051,"Cumberland County, North Carolina",72231,823,32443,465,933,374,2252,623,8758,1026,1489,482,10154,1303,2933,753,3817,941,2107,550,39788,592,1384,513,3117,718,8277,1076,1453,438,12833,1473,4293,793,5506,884,2925,672
0500000US37057,37057,"Davidson County, North Carolina",9373,419,4504,273,736,389,450,348,1232,612,297,182,1034,646,288,258,456,517,11,23,4869,248,128,132,668,337,1558,619,303,235,814,416,473,386,598,520,327,249
0500000US37063,37063,"Durham County, North Carolina",64697,837,27541,597,966,331,3385,1001,6467,1034,1416,506,7816,1351,1598,561,3795,890,2098,669,37156,543,1121,488,3378,858,5638,1209,870,448,9600,1655,2897,943,8486,1590,5166,1087
0500000US37067,37067,"Forsyth County, North Carolina",56718,460,24267,351,895,431,2349,691,9239,1098,1322,522,5664,1244,1106,593,2828,742,864,398,32451,252,654,353,3184,972,7906,1129,1473,647,9480,1372,1801,602,5276,843,2677,873
0500000US37071,37071,"Gaston County, North Carolina",19256,726,8422,574,324,208,1412,501,2755,747,231,204,2187,778,516,324,535,339,462,270,10834,353,333,192,1219,448,3556,756,177,128,3461,738,627,397,777,312,684,274
0500000US37081,37081,"Guilford County, North Carolina",99471,1393,43601,763,1873,683,4579,1076,11297,1670,1917,686,11660,1519,3055,900,6645,1241,2575,788,55870,1000,2282,638,5958,1224,13215,1824,1157,479,14876,2021,3552,849,10792,1654,4038,800
0500000US37085,37085,"Harnett County, North Carolina",15874,455,7763,369,477,258,932,380,2186,428,414,226,2522,678,376,303,572,286,284,164,8111,175,404,204,773,367,2121,603,265,179,2805,663,635,356,746,470,362,198
0500000US37097,37097,"Iredell County, North Carolina",12049,634,5335,359,556,292,966,423,2205,605,347,228,569,369,456,309,39,75,197,177,6714,478,85,93,1069,523,1849,596,148,198,1552,520,897,542,715,616,399,356
0500000US37101,37101,"Johnston County, North Carolina",16039,763,7159,356,890,439,737,424,2378,688,425,410,1032,467,415,415,1178,743,104,146,8880,632,995,579,579,343,2936,1085,136,148,2098,866,651,554,868,637,617,443
0500000US37119,37119,"Mecklenburg County, North Carolina",183706,1417,78811,743,2063,588,9220,1578,22611,1947,4048,914,20164,1965,4027,913,11821,1625,4857,1223,104895,1145,2377,595,7662,1400,22001,1766,2629,731,32307,2910,11152,1609,18501,2113,8266,1306
0500000US37125,37125,"Moore County, North Carolina",9104,533,4471,182,509,355,452,371,1655,622,0,193,1596,717,121,153,105,119,33,60,4633,514,319,387,371,280,1279,575,179,210,674,445,1112,674,553,419,146,160
0500000US37127,37127,"Nash County, North Carolina",23250,872,9858,468,1290,499,2746,852,2904,660,255,192,1446,623,261,217,765,404,191,192,13392,711,558,314,1389,576,5592,1153,489,281,2986,879,1254,651,939,487,185,184
0500000US37129,37129,"New Hanover County, North Carolina",19129,683,8594,372,127,132,914,451,2720,618,1076,475,2143,662,834,608,464,296,316,191,10535,426,95,126,1278,488,2820,708,195,177,3225,769,1094,618,1321,621,507,358
0500000US37133,37133,"Onslow County, North Carolina",16870,1062,8691,633,185,237,566,446,2833,1052,342,240,2314,734,993,594,1150,557,308,294,8179,739,259,264,274,231,1754,846,44,82,2362,684,1226,533,1484,675,776,627
0500000US37135,37135,"Orange County, North Carolina",9904,662,4837,639,246,238,567,329,1227,386,299,310,1049,585,49,49,1188,734,212,223,5067,524,244,240,750,641,1196,530,10,18,1193,583,357,315,714,457,603,511
0500000US37147,37147,"Pitt County, North Carolina",34880,505,14863,346,921,355,2319,786,6298,968,1002,544,2349,729,1182,498,564,447,228,162,20017,367,1147,616,2354,688,5492,1174,512,326,6277,1176,2259,633,1549,643,427,288
0500000US37155,37155,"Robeson County, North Carolina",19641,299,8888,181,450,192,1655,438,3715,571,276,190,1439,389,413,212,698,412,242,168,10753,140,720,346,1359,465,3402,542,230,185,2973,509,966,302,740,309,363,221
0500000US37157,37157,"Rockingham County, North Carolina",11840,784,5257,523,444,341,932,420,2066,701,224,286,987,386,226,182,272,359,106,126,6583,479,251,215,824,311,2125,549,306,355,1746,647,328,276,796,574,207,162
0500000US37159,37159,"Rowan County, North Carolina",12972,723,6339,536,148,177,894,356,2117,722,48,67,1051,664,855,529,921,617,305,241,6633,502,337,260,613,326,1556,582,619,329,1670,632,1003,512,674,337,161,168
0500000US37161,37161,"Rutherford County, North Carolina",5506,524,2185,511,439,442,149,177,601,416,0,193,680,473,199,194,117,171,0,193,3321,311,286,271,689,503,958,579,18,37,681,418,562,365,127,172,0,193
0500000US37179,37179,"Union County, North Carolina",14649,540,6970,430,153,128,895,471,2183,610,140,155,1354,559,595,369,1102,493,548,355,7679,346,521,289,1664,755,1453,541,91,125,914,448,1005,449,1264,496,767,441
0500000US37183,37183,"Wake County, North Carolina",121775,1111,52112,661,2370,874,4854,1516,16567,2726,1425,651,10504,1924,4292,1436,8398,1646,3702,1150,69663,764,1608,670,5082,1325,12045,1945,1445,686,20209,2406,5807,1484,17485,2466,5982,1259
0500000US37191,37191,"Wayne County, North Carolina",24552,572,10845,420,963,720,1639,547,3841,769,383,280,2320,736,580,406,670,318,449,286,13707,373,689,368,1668,599,3538,836,265,203,3933,905,2037,878,851,418,726,416
0500000US37195,37195,"Wilson County, North Carolina",20135,865,8593,569,835,506,2459,791,2946,956,402,362,1319,576,245,235,319,249,68,119,11542,471,754,450,1946,552,4009,755,480,371,2488,629,744,426,950,515,171,192
0500000US39003,39003,"Allen County, Ohio",7702,599,3642,435,120,132,690,301,1259,418,281,206,1004,456,159,165,63,77,66,78,4060,378,55,71,436,252,1169,600,101,79,1373,606,266,247,486,451,174,168
0500000US39017,39017,"Butler County, Ohio",15702,698,7285,382,551,407,497,274,1842,685,522,404,1697,688,258,177,1438,655,480,336,8417,596,315,190,904,558,1869,773,534,326,1983,569,1042,416,1348,665,422,290
0500000US39023,39023,"Clark County, Ohio",7308,395,3531,234,84,96,229,207,923,448,184,277,1588,555,120,128,134,235,269,246,3777,320,53,81,425,277,1280,460,218,173,1019,454,180,163,381,213,221,180
0500000US39035,39035,"Cuyahoga County, Ohio",236279,932,101545,745,3938,646,18828,1857,29882,2166,6070,1291,27229,2405,5584,1115,7036,1229,2978,641,134734,782,4480,740,18265,1732,31512,1934,5354,886,39515,2661,11793,1545,14166,1677,9649,1366
0500000US39049,39049,"Franklin County, Ohio",149718,1931,67157,1111,2942,936,8193,1559,17017,1811,3331,926,18936,2271,5063,1380,7453,1474,4222,1300,82561,1235,3464,1127,8018,1257,18783,2046,3365,973,24638,2577,8098,1268,11050,1694,5145,1150
0500000US39057,39057,"Greene County, Ohio",5705,744,2876,424,101,105,431,404,421,306,29,63,790,442,25,45,547,326,532,259,2829,620,26,49,157,131,481,349,29,49,600,271,148,185,497,368,891,426
0500000US39061,39061,"Hamilton County, Ohio",123652,1055,53971,569,1556,498,10026,1731,17886,2062,3116,820,11789,1816,2891,774,4353,1167,2354,812,69681,804,2364,860,10388,1435,19134,1941,1895,737,18230,2120,7136,1627,6523,1180,4011,982
0500000US39093,39093,"Lorain County, Ohio",15322,859,8327,678,264,244,1471,502,2030,587,642,291,3136,696,345,273,313,253,126,116,6995,370,364,207,1409,565,1579,602,380,309,1942,638,536,279,329,234,456,260
0500000US39095,39095,"Lucas County, Ohio",48610,555,22429,93,604,296,3656,842,7709,981,1039,367,6368,1063,1019,458,1591,555,443,219,26181,552,849,391,4107,764,5280,1027,1060,464,6621,1092,3916,825,2917,785,1431,533
0500000US39099,39099,"Mahoning County, Ohio",22671,600,10087,438,438,231,1650,534,3399,781,554,444,2735,734,668,318,486,302,157,166,12584,389,420,234,1993,628,3405,768,682,319,3494,671,1136,364,876,374,578,346
0500000US39113,39113,"Montgomery County, Ohio",69734,865,30877,372,965,533,3763,774,7518,1258,1645,687,9515,1233,1798,717,3939,915,1734,631,38857,680,981,352,4231,890,9203,1280,1094,444,13017,1478,3431,765,4140,746,2760,750
0500000US39139,39139,"Richland County, Ohio",5842,917,3336,652,37,67,928,455,733,410,260,162,910,425,375,277,45,81,48,111,2506,548,48,88,241,152,560,306,276,231,440,405,610,250,171,184,160,271
0500000US39151,39151,"Stark County, Ohio",15608,1034,7757,516,119,112,976,360,2746,703,328,261,2456,777,395,265,592,349,145,152,7851,733,309,171,914,319,2768,968,98,105,1949,603,1210,464,349,279,254,182
0500000US39153,39153,"Summit County, Ohio",46327,1014,20575,540,579,376,3366,789,7072,1156,859,374,5099,936,770,450,1801,805,1029,574,25752,766,498,261,3418,859,5936,1125,723,500,6675,1041,4001,971,2919,973,1582,736
0500000US39155,39155,"Trumbull County, Ohio",10859,573,5111,260,0,182,750,403,1435,484,323,185,1663,504,720,445,186,201,34,57,5748,494,367,306,551,273,2231,604,0,182,1192,390,618,322,724,356,65,115
0500000US40027,40027,"Cleveland County, Oklahoma",6427,526,3320,478,46,66,160,141,616,455,72,86,1313,625,326,303,501,412,286,289,3107,437,0,149,0,149,36,49,0,149,1133,570,763,533,585,382,590,384
0500000US40031,40031,"Comanche County, Oklahoma",12113,821,6477,488,14,23,562,296,2069,657,443,222,1936,610,789,423,568,349,96,114,5636,516,43,92,608,340,1488,497,261,197,1638,495,575,346,614,385,409,297
0500000US40101,40101,"Muskogee County, Oklahoma",5065,177,2718,147,14,24,511,320,946,399,0,149,392,308,236,184,282,242,337,306,2347,114,40,42,291,144,871,272,75,84,477,204,271,157,169,110,153,121
0500000US40109,40109,"Oklahoma County, Oklahoma",65860,1100,30008,691,520,288,2061,575,9582,1234,1564,667,9979,1275,1739,607,3012,751,1551,546,35852,803,548,292,2953,760,9056,1412,1340,532,10982,1507,3795,1132,4445,987,2733,628
0500000US40143,40143,"Tulsa County, Oklahoma",35530,840,15980,469,419,223,1699,364,6000,722,593,215,3552,605,1088,308,2168,484,461,220,19550,613,312,144,1668,419,5848,704,875,324,5699,680,1491,413,2942,616,715,256
0500000US41051,41051,"Multnomah County, Oregon",25496,1202,12559,769,75,127,917,465,3668,1207,417,328,3635,965,1185,451,1504,630,1158,614,12937,781,411,304,1139,536,1972,652,770,489,4479,1074,1162,659,2187,781,817,477
0500000US42003,42003,"Allegheny County, Pennsylvania",98277,1215,42496,704,1037,425,3430,688,12857,1573,4195,868,9431,1311,4350,1073,4699,895,2497,672,55781,829,1348,420,3886,772,14498,1691,3134,725,15324,1882,7358,1180,5403,1142,4830,855
0500000US42007,42007,"Beaver County, Pennsylvania",6885,642,3161,412,373,286,158,156,872,435,187,180,632,338,411,295,213,166,315,329,3724,469,337,336,253,165,1175,400,127,112,735,436,182,137,380,333,535,508
0500000US42011,42011,"Berks County, Pennsylvania",12081,1171,6348,786,501,352,1055,683,1492,514,681,364,1683,578,242,196,331,290,363,274,5733,703,454,273,696,369,1567,641,162,133,1971,559,348,219,266,169,269,223
0500000US42017,42017,"Bucks County, Pennsylvania",14490,905,6808,638,332,240,530,315,2493,678,460,324,1296,457,414,269,763,436,520,345,7682,561,254,213,165,120,1533,510,238,229,2844,704,846,427,1217,591,585,384
0500000US42029,42029,"Chester County, Pennsylvania",17294,799,8469,574,199,205,1065,489,2736,828,490,357,1829,677,456,301,1046,672,648,389,8825,463,283,204,149,127,2685,676,242,186,1841,550,852,438,1539,529,1234,498
0500000US42043,42043,"Dauphin County, Pennsylvania",28848,683,13065,486,446,228,1887,626,3555,745,1103,559,3711,950,996,495,802,425,565,448,15783,444,328,282,1918,590,5224,1114,690,353,3528,782,1554,801,1702,791,839,447
0500000US42045,42045,"Delaware County, Pennsylvania",64957,974,27918,414,459,259,1978,560,10248,1349,2026,803,6334,1188,2508,1011,3474,982,891,357,37039,798,1162,466,3316,866,11945,1471,1604,599,7670,1178,4355,983,4562,1061,2425,584
0500000US42049,42049,"Erie County, Pennsylvania",11150,652,5934,492,82,84,1293,417,2385,479,614,392,551,268,289,266,448,378,272,217,5216,448,149,170,678,289,1937,424,419,292,1068,416,203,145,269,188,493,380
0500000US42071,42071,"Lancaster County, Pennsylvania",10656,768,5973,554,331,284,597,314,2552,899,361,248,1033,521,349,295,387,427,363,523,4683,504,367,300,838,447,1369,606,427,260,931,370,320,238,200,169,231,204
0500000US42077,42077,"Lehigh County, Pennsylvania",13584,1270,6573,939,162,160,515,388,2447,891,411,267,1732,783,359,266,652,409,295,306,7011,666,167,178,493,333,2643,1024,263,279,1554,694,986,581,661,455,244,245
0500000US42079,42079,"Luzerne County, Pennsylvania",6143,452,3872,317,105,98,336,224,1285,437,674,291,853,364,253,161,323,293,43,71,2271,401,63,76,288,205,437,284,83,75,724,461,273,236,344,308,59,98
0500000US42089,42089,"Monroe County, Pennsylvania",13215,1233,6365,882,0,165,202,192,1474,703,154,199,2231,1107,584,444,1428,769,292,286,6850,876,332,361,26,62,1793,692,207,288,1991,741,1255,862,471,352,775,568
0500000US42091,42091,"Montgomery County, Pennsylvania",46020,1228,21666,872,531,327,1466,483,6811,1193,892,344,4475,1016,1100,569,3757,731,2634,722,24354,580,444,390,1043,359,5777,1269,402,279,5834,1045,1841,619,5329,953,3684,877
0500000US42095,42095,"Northampton County, Pennsylvania",8324,862,4320,553,220,244,386,302,1613,713,182,251,1143,740,0,165,484,296,292,307,4004,441,159,185,273,370,620,295,109,146,1818,610,133,128,627,463,265,232
0500000US42101,42101,"Philadelphia County, Pennsylvania",413748,3027,175732,1851,9868,1890,27880,2919,61387,3972,11571,1574,34950,2745,8531,1695,13787,1900,7758,1229,238016,1838,9975,1682,31888,2919,72080,4066,10515,1950,59474,4413,19629,2056,20605,2562,13850,1892
0500000US42125,42125,"Washington County, Pennsylvania",3858,489,1940,242,0,165,254,222,1002,372,96,134,212,158,176,163,118,133,82,144,1918,418,0,165,566,536,721,476,21,35,161,130,183,123,87,89,179,224
0500000US42129,42129,"Westmoreland County, Pennsylvania",5411,473,3488,508,189,202,426,318,1345,410,443,320,721,328,72,82,184,181,108,140,1923,424,0,165,111,176,797,374,222,203,479,286,158,152,57,101,99,117
0500000US42133,42133,"York County, Pennsylvania",15425,1003,7328,548,280,166,1536,611,2307,683,427,296,1741,620,233,159,167,182,637,495,8097,581,201,186,1106,580,2249,621,870,503,1865,698,517,374,859,514,430,309
0500000US44007,44007,"Providence County, Rhode Island",36066,2819,17220,1936,2353,957,1884,861,3990,1061,1041,527,3748,1043,1239,580,2324,729,641,397,18846,1482,3068,739,1839,760,3394,907,856,415,4767,1251,1863,662,2056,765,1003,520
0500000US45003,45003,"Aiken County, South Carolina",24486,610,11241,143,436,253,2093,743,3542,965,348,328,3010,857,622,497,655,431,535,374,13245,593,477,356,1353,639,4289,880,906,498,3443,892,861,425,1373,620,543,382
0500000US45007,45007,"Anderson County, South Carolina",19367,711,8630,697,593,351,1910,827,2691,799,349,310,1737,785,762,569,497,381,91,155,10737,129,822,256,1907,669,3207,891,379,328,2240,764,1397,514,371,193,414,383
0500000US45013,45013,"Beaufort County, South Carolina",19076,490,8162,474,402,292,774,498,3372,894,460,372,2004,812,171,144,379,267,600,363,10914,96,544,281,749,455,3808,943,191,213,1760,748,1065,696,1564,511,1233,578
0500000US45015,45015,"Berkeley County, South Carolina",28911,608,13132,455,757,516,1479,595,6272,1204,238,168,2659,1023,441,323,572,300,714,492,15779,320,866,548,1006,444,4636,1022,143,177,4124,973,1714,646,1405,536,1885,824
0500000US45019,45019,"Charleston County, South Carolina",66498,720,29189,523,2422,632,6315,1103,8923,1243,1168,442,5558,1142,2011,816,1768,677,1024,546,37309,435,2982,1122,5043,989,10609,1412,761,454,8626,1290,3637,1107,4016,1118,1635,649
0500000US45031,45031,"Darlington County, South Carolina",17193,386,7209,301,714,352,1202,469,2471,635,211,219,1704,700,220,211,435,324,252,287,9984,173,510,268,1776,554,3928,739,114,104,1868,639,359,266,1179,466,250,218
0500000US45035,45035,"Dorchester County, South Carolina",21628,798,9663,705,295,195,2024,728,3306,789,632,417,1643,693,515,453,1004,511,244,234,11965,341,366,316,1156,515,3086,915,0,197,3872,1060,1521,603,792,449,1172,677
0500000US45041,45041,"Florence County, South Carolina",35063,502,14986,132,942,407,2047,639,5410,812,389,295,3534,932,813,335,940,486,911,522,20077,482,1126,423,2662,741,5888,1181,368,226,4799,919,1885,825,1950,831,1399,590
0500000US45045,45045,"Greenville County, South Carolina",51953,908,23156,587,1454,513,5165,1174,7505,1279,1164,483,3748,875,1496,564,1783,780,841,414,28797,688,1628,491,3388,725,8608,1172,597,429,7567,1368,2785,991,2528,682,1696,678
0500000US45047,45047,"Greenwood County, South Carolina",13131,958,5537,428,462,256,1503,709,1136,728,383,434,968,587,334,292,751,636,0,197,7594,712,702,421,912,448,2167,806,196,257,2057,922,999,602,561,520,0,197
0500000US45051,45051,"Horry County, South Carolina",21890,891,9562,690,532,332,1858,654,3200,991,291,366,2022,702,650,445,555,347,454,268,12328,536,775,381,1893,646,3479,967,602,443,2759,665,918,470,1447,756,455,268
0500000US45057,45057,"Lancaster County, South Carolina",11225,453,5524,326,227,237,1587,451,1824,697,157,154,917,313,263,340,216,260,333,312,5701,277,312,174,1147,372,1716,549,29,49,1145,432,249,203,695,461,408,405
0500000US45059,45059,"Laurens County, South Carolina",10404,447,4601,266,490,282,720,376,1790,627,66,89,678,420,279,259,336,336,242,203,5803,358,315,190,872,313,2727,510,139,154,882,410,423,362,187,144,258,149
0500000US45063,45063,"Lexington County, South Carolina",23177,357,10327,197,213,174,990,453,4028,853,307,243,2799,747,397,285,773,468,820,407,12850,275,378,203,1155,411,4102,824,275,267,2999,684,1529,624,1045,401,1367,497
0500000US45075,45075,"Orangeburg County, South Carolina",34431,715,15044,457,944,419,1530,644,6152,1008,386,285,3234,770,930,443,796,412,1072,638,19387,301,758,343,2923,738,5251,913,339,254,4038,940,1863,827,2355,729,1860,669
0500000US45079,45079,"Richland County, South Carolina",110223,1068,49011,668,1730,524,4605,904,15576,2045,3170,901,10492,1846,3233,951,7006,1369,3199,903,61212,646,2013,604,4318,990,13839,1785,1069,516,16562,1846,6030,1342,10435,1521,6946,1307
0500000US45083,45083,"Spartanburg County, South Carolina",36162,446,15996,261,1606,579,2599,711,5369,908,574,423,3008,914,473,323,1931,773,436,377,20166,295,1427,480,3736,924,4992,1013,401,308,5293,995,1779,697,1753,711,785,447
0500000US45085,45085,"Sumter County, South Carolina",29961,833,13013,518,1417,434,2342,719,3354,933,259,212,3238,780,601,386,1101,502,701,404,16948,573,896,312,2540,597,5053,931,411,294,3831,781,1334,705,2148,617,735,320
0500000US45091,45091,"York County, South Carolina",26522,674,11495,647,808,420,1368,547,3985,1005,405,345,2301,780,721,508,1582,698,325,255,15027,260,943,419,2117,742,3254,744,155,186,2951,687,2449,833,1936,669,1222,454
0500000US47037,47037,"Davidson County, Tennessee",108516,966,47697,732,1792,552,5816,1482,13036,1553,3141,755,10855,1402,3186,903,6637,1298,3234,967,60819,472,1955,745,6754,1596,12528,1892,2661,840,15930,2052,5057,1163,9776,1427,6158,1289
0500000US47065,47065,"Hamilton County, Tennessee",42546,547,18868,298,981,381,2220,635,6016,1198,1719,688,5015,1112,712,436,1214,568,991,533,23678,457,828,325,3281,863,7094,1205,1147,432,6040,1245,1673,699,1887,644,1728,742
0500000US47093,47093,"Knox County, Tennessee",23865,433,10909,370,172,178,566,253,3493,765,549,452,2876,778,1759,896,901,411,593,383,12956,136,277,191,1357,685,3593,787,207,227,3669,765,1354,589,1772,437,727,385
0500000US47113,47113,"Madison County, Tennessee",21639,522,9363,527,232,156,1848,694,4522,673,471,299,1473,609,196,152,338,177,283,337,12276,43,332,237,1819,587,3562,850,773,382,2734,860,1218,626,1363,673,475,279
0500000US47119,47119,"Maury County, Tennessee",6144,374,2637,209,114,149,304,297,1539,461,162,186,169,155,93,150,197,287,59,108,3507,315,128,124,817,459,1001,416,66,83,886,453,125,116,204,188,280,296
0500000US47125,47125,"Montgomery County, Tennessee",19646,709,9321,420,101,76,508,302,2506,982,732,573,3399,712,472,389,1039,418,564,364,10325,492,97,104,827,451,2385,723,75,95,3409,786,1280,499,1424,539,828,420
0500000US47147,47147,"Robertson County, Tennessee",3539,532,1774,196,177,198,485,352,366,168,37,72,289,242,229,233,150,133,41,66,1765,417,34,56,144,131,645,397,32,56,374,273,297,287,198,167,41,67
0500000US47149,47149,"Rutherford County, Tennessee",20069,512,9367,327,343,313,756,450,2511,706,756,389,2108,840,469,413,1922,790,502,330,10702,284,302,184,1121,561,1451,481,420,419,3476,819,841,507,2634,933,457,304
0500000US47157,47157,"Shelby County, Tennessee",291980,1463,127447,1141,5871,1305,18077,2070,42221,3052,6357,1347,29136,2283,7382,1402,14163,2110,4240,1169,164533,572,6755,1129,19840,2169,42732,3204,4464,874,46833,2772,12995,1963,19416,2572,11498,1667
0500000US47165,47165,"Sumner County, Tennessee",6619,559,3002,345,154,142,290,247,1078,345,154,135,169,234,0,193,789,467,368,268,3617,438,0,193,388,259,435,396,71,111,1824,578,0,193,532,346,367,359
0500000US48005,48005,"Angelina County, Texas",8485,520,4080,310,474,326,266,159,1689,609,521,628,995,471,0,206,135,178,0,206,4405,417,343,228,578,401,756,450,42,61,1587,575,336,336,550,388,213,199
0500000US48027,48027,"Bell County, Texas",40415,1072,19846,626,216,227,1069,518,4912,1505,1200,463,6673,1577,3122,1149,1662,725,992,736,20569,881,529,497,1269,572,4272,1195,527,327,8169,1467,1911,779,2385,830,1507,578
0500000US48029,48029,"Bexar County, Texas",81923,1591,39679,831,1386,618,3109,976,6871,1622,1462,610,13650,1971,3762,960,5853,1305,3586,1117,42244,1138,1357,696,2960,901,7140,1355,1508,565,14328,1954,5661,1360,6359,1288,2931,797
0500000US48037,48037,"Bowie County, Texas",14104,931,6888,503,185,141,814,512,2673,813,436,256,1999,767,210,211,506,537,65,107,7216,535,72,84,580,328,1787,562,258,266,2576,704,587,321,1016,515,340,282
0500000US48039,48039,"Brazoria County, Texas",26274,1372,13955,743,695,363,1700,640,3165,1097,919,390,1803,710,1419,722,2323,983,1931,963,12319,1071,171,165,921,513,1925,780,38,56,2133,917,594,402,2853,1114,3684,1382
0500000US48041,48041,"Brazos County, Texas",12481,717,6011,679,252,291,781,325,1207,501,742,428,1162,526,661,436,803,611,403,249,6470,163,233,178,513,359,1588,553,262,221,2025,553,217,217,1087,336,545,381
0500000US48085,48085,"Collin County, Texas",44827,1294,19967,861,71,108,638,487,3019,1115,256,289,5781,1528,1761,785,5740,1330,2701,920,24860,696,320,347,482,499,4186,1302,424,350,6473,1475,2883,1054,7796,1586,2296,844
0500000US48099,48099,"Coryell County, Texas",6680,618,3440,424,113,129,297,218,407,206,276,158,1601,515,307,231,408,365,31,55,3240,456,0,206,855,287,613,276,346,203,1011,434,203,213,184,182,28,51
0500000US48113,48113,"Dallas County, Texas",335454,2078,145881,1432,4357,1037,14674,2090,45339,3339,6471,1478,37146,2756,11954,1852,18528,2291,7412,1375,189573,1188,5825,1184,18595,2520,46852,3283,6769,1530,57636,3747,14853,2196,27939,2611,11104,1712
0500000US48121,48121,"Denton County, Texas",36313,1848,16877,1481,19,26,275,213,2698,789,581,479,5706,1787,1355,707,4884,1315,1359,663,19436,997,67,111,237,263,2215,839,170,188,7266,1379,2636,935,4678,1416,2167,770
0500000US48139,48139,"Ellis County, Texas",8941,468,4024,400,277,254,590,428,560,280,202,245,1607,689,49,81,370,310,369,351,4917,230,59,90,496,286,1222,556,348,299,1259,669,604,491,351,273,578,397
0500000US48141,48141,"El Paso County, Texas",15750,1056,9026,573,90,104,383,306,2057,742,171,137,3026,931,1253,707,1454,593,592,392,6724,827,52,75,555,558,1108,656,443,280,1648,611,718,591,798,495,1402,607
0500000US48157,48157,"Fort Bend County, Texas",80648,1239,36074,661,342,242,2175,753,8547,1838,1933,890,10062,2280,1400,539,8089,1765,3526,1213,44574,682,631,381,1620,678,6322,1489,605,459,10645,1981,3941,1539,12724,1897,8086,1967
0500000US48167,48167,"Galveston County, Texas",26216,610,11911,281,746,364,1707,641,3552,1059,1057,516,2044,723,620,462,1523,804,662,409,14305,398,536,410,1446,473,3535,800,835,533,4307,1026,1117,520,1898,738,631,335
0500000US48183,48183,"Gregg County, Texas",14240,785,6206,711,226,245,953,479,2249,695,414,313,1570,532,182,184,612,352,0,206,8034,215,208,196,1130,475,2347,709,423,364,2588,784,767,436,355,261,216,158
0500000US48187,48187,"Guadalupe County, Texas",6078,663,2935,473,45,68,270,238,543,337,0,206,1097,606,409,301,381,299,190,187,3143,294,106,107,0,206,494,286,26,46,814,425,463,288,857,526,383,216
0500000US48201,48201,"Harris County, Texas",488699,2950,218403,1916,8078,1658,23968,2496,56666,4074,11011,1950,61408,4147,16153,2499,28622,3460,12497,2167,270296,1711,8318,1359,23751,2195,64877,3697,8853,1751,83198,4915,17757,2552,42283,3802,21259,2569
0500000US48203,48203,"Harrison County, Texas",9767,552,3977,181,316,316,314,205,1868,499,273,219,667,386,269,251,270,291,0,206,5790,475,232,164,621,422,1173,503,203,194,2197,980,580,361,636,401,148,187
0500000US48245,48245,"Jefferson County, Texas",51457,744,24888,434,1220,572,3718,1397,9017,1464,1928,469,5946,948,1181,545,1451,632,427,322,26569,538,1613,643,2413,655,8911,1281,1190,515,7288,1061,1439,549,2580,794,1135,461
0500000US48257,48257,"Kaufman County, Texas",6364,496,2949,260,84,121,440,303,629,411,36,62,628,382,292,306,507,334,333,316,3415,405,93,113,173,181,940,486,22,40,986,466,346,237,447,300,408,433
0500000US48291,48291,"Liberty County, Texas",5715,522,2473,261,108,125,57,77,959,404,200,173,647,325,165,255,337,310,0,206,3242,397,407,220,545,667,941,709,126,115,427,198,638,621,109,105,49,96
0500000US48303,48303,"Lubbock County, Texas",10354,609,4744,374,314,194,756,326,1202,510,96,112,1698,570,265,183,312,251,101,105,5610,477,504,316,789,378,1234,535,407,309,1568,618,469,352,511,371,128,154
0500000US48309,48309,"McLennan County, Texas",19880,346,8742,298,66,114,697,383,2981,596,639,439,2419,634,540,318,1039,498,361,253,11138,132,512,294,1219,532,2626,687,188,127,3336,714,1562,658,1026,484,669,429
0500000US48339,48339,"Montgomery County, Texas",12843,1175,5936,748,209,282,883,679,1116,988,333,321,2080,715,420,464,443,375,452,323,6907,743,115,120,790,482,1930,941,528,570,1257,551,770,656,653,499,864,759
0500000US48347,48347,"Nacogdoches County, Texas",5688,539,2563,427,96,130,406,212,903,527,159,171,784,335,89,128,71,88,55,99,3125,313,276,240,663,327,567,267,227,236,699,383,227,245,376,320,90,104
0500000US48355,48355,"Nueces County, Texas",8893,1082,4625,607,328,215,332,189,1106,429,204,254,1759,508,28,47,357,224,511,446,4268,638,338,263,317,195,1269,533,198,180,1332,410,197,182,394,323,223,164
0500000US48361,48361,"Orange County, Texas",3768,508,1544,430,0,206,208,193,258,195,37,62,608,439,250,238,34,59,149,166,2224,224,188,182,54,98,211,182,0,206,905,378,224,229,338,248,304,250
0500000US48375,48375,"Potter County, Texas",6658,682,3879,520,104,186,686,425,1053,492,234,171,1259,535,420,343,62,105,61,72,2779,453,44,79,577,357,353,278,152,158,1277,396,212,160,108,146,56,97
0500000US48423,48423,"Smith County, Texas",21918,892,10031,819,378,257,917,524,4072,845,391,269,2221,982,738,402,1017,623,297,226,11887,329,397,264,1474,508,3788,817,220,162,3126,698,1231,529,1282,693,369,288
0500000US48439,48439,"Tarrant County, Texas",168703,1761,76004,1535,1887,674,5715,1217,19374,1786,3236,892,21672,2559,5658,1334,13664,2003,4798,1234,92699,603,2561,809,7650,1293,21049,3024,2485,742,29786,3064,8134,1474,14446,2071,6588,1408
0500000US48441,48441,"Taylor County, Texas",5136,446,2362,260,92,139,404,332,274,243,1,4,1100,450,132,160,310,227,49,86,2774,378,320,289,611,347,609,345,109,141,644,413,217,196,264,204,0,206
0500000US48453,48453,"Travis County, Texas",56544,1347,26683,1065,1217,612,2358,835,6502,1360,1806,702,7271,1359,1759,967,3357,1132,2413,970,29861,797,1194,405,1962,759,6662,1545,1158,486,10195,1834,2241,859,4440,940,2009,595
0500000US48471,48471,"Walker County, Texas",10371,865,7189,643,131,137,1851,526,984,464,1748,489,2220,749,45,153,210,258,0,206,3182,468,0,206,264,251,940,477,1039,699,673,431,30,60,198,309,38,66
0500000US48485,48485,"Wichita County, Texas",7813,639,4271,482,376,379,523,318,641,318,876,396,1292,576,193,220,284,240,86,145,3542,371,191,144,474,339,834,388,90,93,983,481,447,297,249,188,274,210
0500000US48491,48491,"Williamson County, Texas",15891,691,7763,347,203,203,922,599,1134,507,396,515,2285,681,1280,667,1161,558,382,282,8128,620,186,193,262,193,1677,643,306,227,2397,676,1208,575,1640,634,452,415
0500000US49035,49035,"Salt Lake County, Utah",9293,1058,5519,604,288,236,576,418,743,438,241,232,1399,535,462,336,1327,678,483,329,3774,662,174,159,481,295,637,407,153,183,1245,455,362,252,400,248,322,277
0500000US51003,51003,"Albemarle County, Virginia",5878,507,2550,368,230,165,465,396,773,377,0,192,172,169,96,126,315,288,499,386,3328,263,241,128,191,176,655,292,0,192,1089,501,380,338,515,342,257,245
0500000US51013,51013,"Arlington County, Virginia",14193,655,6797,345,82,123,712,412,916,464,845,770,1204,496,535,470,1427,828,1076,597,7396,440,642,498,989,644,1435,565,0,192,726,384,532,361,1710,699,1362,592
0500000US51041,51041,"Chesterfield County, Virginia",42980,534,18729,257,230,166,2034,765,5064,850,640,318,4762,915,2394,843,2509,758,1096,528,24251,398,1062,531,2127,713,4110,879,285,175,5359,846,2950,772,4265,916,4093,963
0500000US51059,51059,"Fairfax County, Virginia",66442,2135,31546,912,864,563,1458,534,5196,910,1082,605,6429,1259,3645,1171,6971,1123,5901,1097,34896,1607,1885,808,2167,716,6523,1118,1246,608,5966,1129,3870,1269,7985,1210,5254,972
0500000US51085,51085,"Hanover County, Virginia",6441,410,3082,322,58,85,273,260,1088,407,262,239,374,396,168,138,651,252,208,251,3359,193,233,285,294,208,583,269,0,192,774,376,297,221,762,387,416,245
0500000US51087,51087,"Henrico County, Virginia",59339,719,24477,316,606,281,2229,780,5845,1097,1241,576,7889,1296,2160,870,2560,649,1947,607,34862,661,1192,741,3479,1026,8032,1396,1201,693,10056,1869,2722,804,5480,1194,2700,791
0500000US51095,51095,"James City County, Virginia",6147,410,2971,309,14,31,323,271,615,381,0,192,662,321,422,290,799,388,136,175,3176,304,177,157,481,273,727,472,69,125,859,392,215,223,457,270,191,170
0500000US51107,51107,"Loudoun County, Virginia",15505,697,7578,515,34,55,546,306,1096,411,408,341,1380,590,479,326,1792,538,1843,607,7927,428,565,445,95,117,895,369,416,285,1145,473,646,369,2789,647,1376,456
0500000US51153,51153,"Prince William County, Virginia",54662,1154,25674,703,479,271,1648,686,5343,1025,745,547,7113,865,1620,603,4488,871,4238,933,28988,918,560,414,1736,716,6231,1187,695,527,8036,1273,2398,903,5423,1036,3909,860
0500000US51177,51177,"Spotsylvania County, Virginia",11841,496,5575,248,258,216,641,273,2130,519,219,180,999,346,293,255,778,373,257,153,6266,344,112,110,290,214,1995,545,214,152,1468,522,473,263,968,374,746,350
0500000US51179,51179,"Stafford County, Virginia",13237,677,6345,482,215,284,457,323,1216,460,126,129,2029,601,453,295,1217,570,632,376,6892,363,78,99,211,225,1489,504,126,156,1399,513,1042,486,1621,655,926,454
0500000US51199,51199,"York County, Virginia",5818,536,2641,416,0,192,238,203,1106,406,184,267,431,370,143,177,316,234,223,203,3177,352,0,192,361,245,1308,429,74,120,486,323,279,277,367,218,302,257
0500000US51510,51510,"Alexandria city, Virginia",23475,1415,11459,995,629,501,1229,772,2152,1104,0,192,2385,1001,433,287,2611,915,2020,937,12016,802,445,291,1249,522,2262,852,244,234,2808,744,764,467,2409,838,1835,778
0500000US51550,51550,"Chesapeake city, Virginia",43049,530,19327,381,633,427,2318,666,4624,972,1044,380,5786,1102,931,509,2918,1070,1073,571,23722,275,522,330,3229,1081,4524,1226,373,310,6035,1277,3098,943,4305,1093,1636,638
0500000US51650,51650,"Hampton city, Virginia",42736,873,18821,643,578,282,1633,657,3473,834,2050,875,6325,1041,1558,525,1650,646,1554,614,23915,409,913,537,1936,645,5668,1067,1439,737,6665,1184,2190,703,3085,879,2019,653
0500000US51680,51680,"Lynchburg city, Virginia",12860,877,6114,486,538,321,695,368,2092,722,120,140,1386,587,81,128,393,363,809,556,6746,598,374,256,1422,607,2680,832,113,135,1185,557,512,322,460,356,0,192
0500000US51700,51700,"Newport News city, Virginia",43122,901,19097,601,529,248,1971,686,5090,893,1386,539,5012,1014,2185,814,1790,673,1134,508,24025,509,895,407,1301,452,5522,1155,1387,687,7873,1363,1724,570,3206,810,2117,730
0500000US51710,51710,"Norfolk city, Virginia",59453,1205,26996,685,1012,487,2836,647,8490,1389,1608,636,9174,1415,1228,555,1829,627,819,402,32457,684,1772,683,4073,784,6992,957,1978,594,9510,964,2776,708,3500,748,1856,614
0500000US51740,51740,"Portsmouth city, Virginia",31787,533,13889,380,730,390,2264,607,4084,965,1947,676,2566,814,1206,774,631,332,461,274,17898,269,1101,457,2813,764,3995,893,566,357,4905,716,1234,549,2375,562,909,397
0500000US51760,51760,"Richmond city, Virginia",64854,1045,28513,234,2980,820,4755,927,7700,1319,2325,776,6296,1373,1173,592,2288,767,996,581,36341,995,3201,992,6501,1239,9216,1320,1297,530,7684,1464,3321,982,3328,813,1793,566
0500000US51770,51770,"Roanoke city, Virginia",16348,866,7399,675,740,379,1216,417,2417,622,213,178,1365,595,205,240,809,531,434,320,8949,454,273,188,786,372,2536,713,325,258,2889,790,1000,552,838,412,302,239
0500000US51800,51800,"Suffolk city, Virginia",22739,487,10088,207,365,236,1381,527,3046,724,552,284,2669,601,685,417,609,382,781,419,12651,429,844,381,1532,471,2948,716,924,447,3059,710,1554,561,1134,452,656,301
0500000US51810,51810,"Virginia Beach city, Virginia",52600,788,23959,648,523,357,2450,1039,5383,1226,795,442,8282,1436,1857,667,3016,786,1653,570,28641,588,704,310,2363,609,5850,1153,470,236,8551,1533,2896,777,5007,1146,2800,716
0500000US53011,53011,"Clark County, Washington",5599,487,3333,310,45,76,333,316,1041,513,291,237,787,428,321,250,411,284,104,167,2266,303,97,123,0,192,439,301,108,119,838,573,136,170,361,356,287,288
0500000US53033,53033,"King County, Washington",78265,2106,40405,1290,1480,712,2793,978,9724,1755,2252,948,11542,1618,3703,947,5649,1211,3262,1120,37860,1506,3023,844,3715,1232,8835,1526,757,462,10904,1577,3608,1071,4743,1201,2275,814
0500000US53053,53053,"Pierce County, Washington",34219,1182,18363,883,218,185,1291,625,4255,944,1080,470,6488,1225,2149,741,1927,747,955,478,15856,769,651,496,593,322,4188,1020,357,213,5343,1023,1843,688,2234,904,647,374
0500000US53061,53061,"Snohomish County, Washington",12551,1048,7816,687,294,234,320,298,1821,824,501,363,2520,705,469,268,1447,682,444,340,4735,732,218,230,147,191,615,418,201,198,1839,992,296,301,1134,772,285,230
0500000US54039,54039,"Kanawha County, West Virginia",4133,619,1953,350,5,10,111,106,771,279,148,99,616,275,69,70,149,108,84,103,2180,420,50,71,245,167,787,289,168,114,447,151,72,56,305,200,106,86
0500000US55025,55025,"Dane County, Wisconsin",14486,869,7450,859,64,97,650,629,1354,622,874,467,2469,864,307,269,677,408,1055,646,7036,421,137,171,1319,752,704,435,503,500,2751,787,288,216,710,389,624,263
0500000US55059,55059,"Kenosha County, Wisconsin",5962,454,2806,244,44,68,289,248,967,449,391,282,484,286,233,218,166,218,232,194,3156,382,237,263,368,361,737,344,114,110,960,394,634,514,0,145,106,142
0500000US55079,55079,"Milwaukee County, Wisconsin",139113,1205,60233,713,2983,736,8516,1000,19195,1631,4071,732,15716,1518,3898,863,3486,985,2368,599,78880,900,3259,844,13225,1661,19964,1591,3117,699,21834,1719,6484,1225,7428,1198,3569,811
0500000US55101,55101,"Racine County, Wisconsin",12650,629,5789,452,128,118,1493,557,1351,558,742,350,1417,497,214,189,265,260,179,148,6861,460,539,350,1285,525,1352,622,400,254,1984,606,585,499,551,322,165,133
