city,county,state,display_name,FIPS,year,current,baseline,under_5_per,five_to_17_per,child_per,per_25_64_assoc_plus,per_25_64_bach_plus,per_25_64_grad,per_25_34_assoc_plus,per_25_34_bach_plus,per_25_34_grad,bach_plus_per_all,bach_plus_per_white,bach_plus_per_black,bach_plus_per_hispanic,per_high_wage,enrolled_3_4
Birmingham,Jefferson,AL,BIR,1073,2005,1,1,27.56162890997412,24.424062778733795,25.31554947854521,36.67388085863371,29.910793184471814,14.95771440491608,36.986317569565166,32.21224914558721,9.140147349250837,24.863192790773684,34.56114281723692,15.130703228991557,9.632122548450738,37.918348130212536,42.8
Jacksonville,Duval,FL,JAC,12031,2005,0,1,18.10244945250412,14.348972810839463,15.413963782509851,35.599273828638154,26.062116844256312,11.562864910232083,35.051489669970934,27.663203455264053,6.819744890005594,23.493214341378373,27.910648265092885,16.086583670934736,23.423926038096756,37.467390279422084,51.2
Indianapolis,Marion,IN,IND,18097,2005,1,1,26.649174343324873,19.114679133455958,21.44533352153929,35.40971075106316,27.93224791761853,12.49648543211612,39.57850636366522,31.695337544037834,6.908782175389596,24.61426152066742,30.634468594722808,15.507140538786107,8.733151626031438,37.57313360096683,44.5
Louisville,Jefferson,KY,LOU,21111,2005,1,1,27.751727025329703,15.684337142366184,19.19590643274854,37.990411218394236,30.168910896900584,15.934612726879804,41.795956214944816,33.11923285688438,9.321286412158495,25.14011919054263,29.726654595780293,13.401546668665592,24.382418992621112,37.72888503949539,45.3
Grand Rapids,Kent,MI,GR,26081,2005,1,0,19.607121995543345,15.606312937379736,16.74706375838926,39.91062678081169,30.620225477533374,14.104028609814828,39.95258781482774,31.835958652723797,7.230959916246495,26.85196099663093,30.71389452659386,15.134037073312292,6.95446306366293,36.64657037964007,45.9
Kansas City,Jackson,MO,KC,29095,2005,1,1,22.583039152759948,19.766415367502958,20.627214437211126,36.02971230046095,29.683065010558824,14.550455278276072,36.69267880566486,30.44309566686676,7.133328886813846,24.883281639887127,31.588362381189334,14.99415633522011,11.896290843659264,38.38625715773035,44.2
Omaha,Douglas,NE,OMA,31055,2005,1,1,21.032285584792984,16.855806959422946,18.1332615733379,45.45472310157502,37.4143119552898,16.475163168796655,47.719713311530164,39.27075360100202,8.892909331292186,32.63233894522661,38.32501517767738,14.700592819556386,8.639195016770485,39.776781330802216,48.5
Greensboro,Guilford,NC,GBR,37081,2005,1,1,20.989220038046923,22.55183119343296,22.110040668434312,41.25383195298342,33.606015954473854,14.56438527852582,38.818243612911786,30.687865775817762,8.170167614437057,30.565322761403113,38.18495789166069,18.676062133525356,12.856697333541245,38.93225607693982,56.4
Charlotte,Mecklenberg,NC,CHA,37119,2005,1,1,16.30067172669607,15.85687539584769,15.993879966513024,49.82111652820631,40.64492022401267,17.06362613242523,50.93101487728609,42.91275782557882,9.40490855680849,36.772157630114926,47.35871611727085,20.659942850006978,15.378336260420017,41.22495371043814,58.5
Raleigh,Wake,NC,RAL,37183,2005,0,1,15.710644834689102,11.954350289224164,13.07838569145102,58.48259015048141,50.57134269110757,22.45531837743447,59.0354849947743,53.31707559846712,13.787554538064667,46.145288733228426,53.16912981637634,28.977167469433123,19.9710661777075,50.909957736315846,49
Columbus,Franklin,OH,COL,39049,2005,1,1,24.285387054384124,18.32064710372318,20.142266469810714,43.05772787251061,36.54094683017208,17.3708370057519,44.585133410604946,37.74776673340124,10.879491412314286,31.72806912102697,37.1743666283382,16.753334276276927,22.689555025412304,42.83941103567498,37.1
Cincinnati,Hamilton,OH,CIN,39061,2005,1,1,23.10689328543599,18.326171847663304,19.671405653592963,41.04968306670691,33.48988831874434,16.764020525203744,44.45027111498002,38.035806055775225,10.94528406766862,28.516820907663128,35.18361398120917,12.525192543007268,34.53185675248094,40.04040129514113,51.2
Dayton,Montgomery,OH,DAY,39113,2005,0,1,29.464761851300906,21.486713467418923,23.698688766974048,34.71271877652038,25.459923372735894,13.05646200771954,35.10821128195769,26.5121443019878,7.552736840504328,22.34033573249447,25.53795308402486,14.960061443932412,14.979674796747968,39.468883198481585,48.9
Oklahoma City,Oklahoma,OK,OKC,40109,2005,1,0,34.69365286162541,22.954017083598178,26.731977513227513,37.15180605731667,30.36940925049611,14.648880295346483,37.70049980389988,30.576534357746958,7.070666438721227,26.358576800694244,32.04356729186819,17.086385428362654,11.519194262813752,37.1610159980247,38
Tulsa,Tulsa,OK,TUL,40143,2005,1,0,24.851297764960346,21.042267245929594,22.225332400279914,41.284412791102305,31.477326581405908,14.074653427939857,40.9105863892896,29.53458355477944,6.985042897274314,27.875982809714916,32.30885745988692,19.696599719186864,9.627899215751711,40.5961966888478,41.4
Greenville,Greenville,SC,GVL,45045,2005,1,0,23.43516186722143,16.904411976600098,18.75290544519168,39.05261966730791,31.523367658707706,15.536946927690392,36.656117189619316,30.973867438285556,9.239533411700878,27.35461695092563,33.23694302279375,11.057051452945881,13.367666815942677,40.21296732053185,49.6
Nashville,Davidson,TN,NAS,47037,2005,1,1,23.64145528605814,22.832544323772392,23.102664770619512,41.143787627731534,34.67173829385966,16.530917949680212,46.56276250368924,40.373918768588105,10.847503802756146,30.123756758560845,37.81587258566626,17.508276268649947,19.228924906492757,40.96673218315498,35.1
Knoxville,Knox,TN,KNO,47093,2005,1,0,20.493566758067917,18.66405684584512,19.177287842747422,39.42012824086981,32.31432266792196,16.61007188983899,45.81276334110924,37.977178610824794,13.436047668131431,27.54920772932376,30.43729193502518,19.31697980154133,NA,40.05751636686561,39.2
Memphis,Shelby,TN,MEM,47157,2005,1,1,29.54399673450347,25.561221189077287,26.706114563733358,36.10617683105002,29.198208103057198,13.94627252221477,35.419230385472446,28.995243955166792,8.610769281937007,25.323728162966535,38.65532651848155,15.217299666989842,15.408786387620799,37.22344746975028,47.7
Richmond,Richmond City,VA,RIC,51760,2005,0,1,26.388619463304234,27.058154414901182,26.82065279721082,39.159503342884435,35.287063567865864,18.92921574869999,43.474687091350646,40.27274425555763,15.202690080328788,30.211667181976953,56.27244788388196,12.56468810067522,NA,35.68806486838131,58
Birmingham,Jefferson,AL,BIR,1073,2006,1,1,22.242068365000335,19.56199615445677,20.32092661553927,38.734901845832866,30.872797602112804,15.041109511370134,42.495333918396106,35.4745806706797,10.084916504950373,25.674669730040208,33.398016386373435,18.846130500758726,19.93480696750535,40.06006587870567,51.3
Jacksonville,Duval,FL,JAC,12031,2006,0,1,18.655211294446474,18.878996092418245,18.81360415419526,34.313063579773505,24.921724272795007,11.153717578117318,34.16907463528085,23.6723870603989,6.116533934738177,22.292077625822376,26.37707963370623,16.727976085809743,20.751166913919743,37.6614341328645,54.1
Indianapolis,Marion,IN,IND,18097,2006,1,1,26.23609525017976,21.787677064788298,23.18405714361582,34.98278811249366,27.9871262759618,13.388374404408973,37.61684847519707,30.108288876502908,7.2911856039493586,24.21792293974294,30.114132351506633,14.689596217086262,11.697194909401821,37.65670584562928,44.2
Louisville,Jefferson,KY,LOU,21111,2006,1,1,27.816754363985634,20.69536002443432,22.75291236071646,37.23807922134572,29.998370796260186,16.710112099728292,38.23888562254082,30.331056939984624,10.398670345077111,25.32318653805997,29.82605176909451,14.496276251825954,23.166241857830645,39.44576813925607,53.8
Grand Rapids,Kent,MI,GR,26081,2006,1,0,17.953502667339905,16.52871229199291,16.929895594444066,41.117110372306676,31.853856305357457,14.696533258888916,38.37493881546745,30.20904217852751,7.5964327925217585,27.258855412590304,31.868412687529997,13.689726072826158,13.06695464362851,34.870454980711884,46.7
Kansas City,Jackson,MO,KC,29095,2006,1,1,30.763256934626337,21.665213231621102,24.379492663221054,36.3222842857263,28.411476360905034,13.63385397544303,37.17266243967495,27.890233840798384,6.062455497914759,24.556521898052008,30.250454605102828,14.367110314536383,11.986703167774735,37.17106275110594,49
Omaha,Douglas,NE,OMA,31055,2006,1,1,19.845367379638343,13.690382407886743,15.578457913666258,45.053567226193735,37.74473683195284,16.638825340365038,46.27683873915029,38.49931475559617,9.146585198720878,32.64955728924304,37.513702023413394,18.7779433681073,12.47340771935918,41.08563647447214,39.8
Greensboro,Guilford,NC,GBR,37081,2006,1,1,25.82119878090078,19.356446029581452,21.16093540276386,40.68554396423249,33.14793620472454,15.094564886250422,39.25769775719667,32.05584545737291,8.566886684867125,30.28436737099082,36.51382110518057,21.405631488535366,11.899641577060931,37.398016425077415,47.7
Charlotte,Mecklenberg,NC,CHA,37119,2006,1,1,14.969696969696969,14.402770392790435,14.578690513131539,48.80777024725836,40.431084394795995,18.242541380014984,48.481175242835356,42.48213855663482,11.782933290519388,35.6498201652696,46.71597805788982,20.851788527039943,15.322545470406071,41.49520582179689,59.6
Raleigh,Wake,NC,RAL,37183,2006,0,1,12.879568962650081,10.084318491643886,10.929945918752358,56.53324460364178,47.77200637781876,22.67542351307051,54.72355318528395,46.93637765093121,12.805299779175868,43.352712682284334,51.458587400481726,26.80219676365889,16.824174542060437,51.391593033851144,59
Columbus,Franklin,OH,COL,39049,2006,1,1,25.689141814339912,19.880771260906013,21.630251614629668,42.48560207444404,36.31134138082282,17.24305983856846,43.94301744649518,39.364453450657514,11.102591720369254,31.585809305056056,36.6417400575114,17.055597206329164,19.719863769367297,41.707203695366516,41.8
Cincinnati,Hamilton,OH,CIN,39061,2006,1,1,26.048662921547432,19.185549020004178,21.07611497305319,41.428631861959396,33.05444443922181,16.997259681596624,43.59352147770977,35.428199989166345,11.237744434212663,28.17220360499958,34.93549082630911,13.575415630993644,26.47058823529412,39.770617907331896,41.7
Dayton,Montgomery,OH,DAY,39113,2006,0,1,29.570639165509295,18.155740798654172,21.207692064595644,34.70928359234198,25.069487966631616,12.22881989073128,35.31921424186618,26.14487415592388,7.2759361571516274,21.934855535115247,24.03696470521638,18.131901104176666,26.67488697081792,36.98276210084373,45.1
Oklahoma City,Oklahoma,OK,OKC,40109,2006,1,0,28.449930920639478,23.62605528885946,25.14882216671481,34.27249368764112,28.63780963927789,13.613005127748796,30.050041867698074,24.875393755731885,5.973124925236253,24.920237701766577,29.634753651706653,17.913130126870584,7.735573411249088,37.07328216374269,36.4
Tulsa,Tulsa,OK,TUL,40143,2006,1,0,30.219423089853642,21.416835612094893,24.058132809662798,39.29036415523613,31.22673891029603,14.692131669274977,36.15470635869356,29.248447923495164,5.723723955320763,27.250324775335827,32.45487352295501,14.756024260969347,12.57100149476831,39.16060009572167,40.6
Greenville,Greenville,SC,GVL,45045,2006,1,0,22.83716141858071,18.48393490215783,19.712468065921957,37.54067019214747,29.302709007515766,14.222508704078859,37.83676632246671,28.62986790650736,6.707393991818493,25.747311692563397,31.049495664646876,9.645482695426875,13.77665735504531,36.428103270698735,46.1
Nashville,Davidson,TN,NAS,47037,2006,1,1,28.497385455299344,24.723887315284458,25.941842568979233,42.40750416759971,35.47778109527008,17.40439401856137,43.7162091457672,38.37594614391852,11.93623774809027,30.455157066708065,36.5790313528266,22.9605448669284,10.890267342302987,40.84983817875024,34.9
Knoxville,Knox,TN,KNO,47093,2006,1,0,25.017869907076484,12.202070522300925,15.811311048234675,43.00312919088064,35.02995082700045,18.735806884219937,45.351874333222966,37.92811683772946,13.157120258985394,30.754569994746088,33.08710422391155,16.046467699282207,NA,41.501714140808254,40.1
Memphis,Shelby,TN,MEM,47157,2006,1,1,29.33407765421398,27.04030093148116,27.671811298776937,33.93280179861357,28.35793242708745,14.007744030643046,31.187410586552218,26.842452434187418,7.661072704376655,24.725584753306652,39.227549073265976,13.882161233077001,11.135152250778404,35.15101325019486,40.5
Richmond,Richmond City,VA,RIC,51760,2006,0,1,37.97528841559151,26.250398215992355,30.25407925407925,41.08086518372865,35.74310761541928,17.05583548400311,47.09550377420413,43.481748896911355,12.773948875031907,29.865450071110118,54.998916419851184,13.011727912431587,NA,42.08415183560162,30.8
Birmingham,Jefferson,AL,BIR,1073,2007,1,1,27.008232575876534,20.319375765549154,22.245694277555977,38.06074425861315,30.281547266965557,15.873288013738751,37.137361756691774,30.83211066862293,11.373864154758529,25.57010660873657,36.04423028930142,15.567210496706169,18.307494815838847,40.2478587682693,45.9
Jacksonville,Duval,FL,JAC,12031,2007,0,1,20.641067512714038,17.937299490780692,18.74178621008792,36.12326360481239,26.222904484270178,12.19179792795198,38.437940761636106,28.2783850493653,7.938998589562764,23.590031481053604,28.316303415044956,15.283001877212305,25.389088708864165,37.074672788008236,56.4
Indianapolis,Marion,IN,IND,18097,2007,1,1,25.910048889589817,21.280270201376496,22.704913331774527,35.56522451620765,28.516804312795312,13.214658629897539,36.56934423089203,30.356458719111167,6.948789987867952,25.06352449679837,31.153373598694046,15.317002771231394,8.352391992230332,36.92088012554372,41.9
Louisville,Jefferson,KY,LOU,21111,2007,1,1,25.504540867810295,19.983902205900847,21.557909121967885,37.68123462684089,30.214679356117607,16.201623198032237,37.97076257966751,31.646387663234837,10.604136025315327,25.14556488347513,30.763959538029294,12.209629354811685,24.36455431754875,38.445140074436964,49.3
Grand Rapids,Kent,MI,GR,26081,2007,1,0,21.41960886119765,17.48379776864761,18.60290589668196,40.226819549178146,31.36220070681554,15.191212698889691,40.7855055797416,31.847357983548267,7.778781727079642,27.170858811360038,32.111126298523786,10.666992767548304,7.946206096187323,36.04414090098577,48.4
Kansas City,Jackson,MO,KC,29095,2007,1,1,31.03098927294398,19.008658834961565,22.663317189821132,35.43710588926909,28.908386066296565,13.974189040047474,35.76383342840844,29.990872789503708,9.003993154592129,25.15264505525106,31.113942771931114,12.664954388450978,11.295919137059666,38.505015767387576,46.4
Omaha,Douglas,NE,OMA,31055,2007,1,1,21.352909296940435,15.637460211090634,17.420405904909746,45.12673633773833,37.668834609271215,17.672443581021415,43.73517360362303,37.50269570843218,9.964776076486235,32.6180024928196,38.91706831917986,11.6821817228268,8.277164813463273,42.616061717662745,44
Greensboro,Guilford,NC,GBR,37081,2007,1,1,27.442510068857995,19.140422190986335,21.469245697313156,41.9654518222666,34.86650024962556,17.020469296055914,39.765131901788585,34.53474795674907,9.714537116943331,31.342143482380248,37.63350659855895,24.72486465354862,9.926854754440962,38.451749550028545,46.4
Charlotte,Mecklenberg,NC,CHA,37119,2007,1,1,13.081945293941939,13.164644403650946,13.138992084572418,51.42823234762112,43.55269727203529,19.425187634536215,52.19090259891358,46.02700816021953,11.559107430854777,39.3400384870343,50.34619439173519,24.606620722622793,16.604083307684416,43.503501739858166,59.7
Raleigh,Wake,NC,RAL,37183,2007,0,1,13.957757995587578,10.055825178348849,11.228639662408124,57.60938072241954,49.71297408249653,23.70348604474879,55.83323811233901,49.55191720670574,14.14766327679927,45.20134587127901,54.192353309612344,26.901277721823963,20.14457319017753,50.66037478146853,53.4
Columbus,Franklin,OH,COL,39049,2007,1,1,23.9449442374729,20.504333081183717,21.528461198351234,44.72711838195858,37.56066503686789,17.78855170553068,46.10926257372461,40.25333637641293,11.519057285973405,32.845438567836915,38.58409250239328,16.826582523021443,17.94029033141605,42.98351716490204,40.8
Cincinnati,Hamilton,OH,CIN,39061,2007,1,1,22.929490515586025,17.302715359651646,18.856582136078224,42.64177250545563,34.81087537553563,17.522952237999323,45.575540309454645,38.742608731483195,11.524198034489153,29.722557210840634,36.80576301402136,14.796200064956155,28.466167260223507,39.71539680538353,51.1
Dayton,Montgomery,OH,DAY,39113,2007,0,1,27.993051057063777,20.974867901070112,22.896344904309693,36.842348721525205,27.91223962595806,14.086351311922233,35.22395889586644,26.072734566663065,6.850688926262517,23.830535695926777,26.7654066356104,17.089857201891732,20.05435837701417,39.74843224135009,37.3
Oklahoma City,Oklahoma,OK,OKC,40109,2007,1,0,25.59483459869848,21.78864035372911,23.022412656559,35.82210183106129,30.26905953293869,14.204931011083467,33.907806484899,27.93090447275469,6.498789538437115,26.6237625746017,32.296721291736404,17.605534626623946,7.293968313666495,38.52985966096131,42.6
Tulsa,Tulsa,OK,TUL,40143,2007,1,0,28.46500010765885,20.94821821424072,23.281381578067982,39.61194715903757,29.96371311021698,14.406963457386373,36.50833437774157,25.525755107156282,7.051008898358191,26.619149604802057,31.650157540311785,14.800743453780136,9.446025222187092,39.61594258227075,48.7
Greenville,Greenville,SC,GVL,45045,2007,1,0,20.62171628721541,14.314123487944702,16.13940705221917,39.36018561723295,31.680786304735893,15.381487078283726,36.970477263380005,29.274180569711927,8.196985140282173,27.726167554424975,32.49128340990347,12.632237871674493,14.840306707722032,40.23458136435236,46.6
Nashville,Davidson,TN,NAS,47037,2007,1,1,34.60965703971119,20.25868989323272,24.67633494471301,42.07170835279386,35.62638074252787,16.43509829597389,43.93302231859298,38.33147162538055,12.102196815384278,30.92162529997066,37.47268604411462,23.0995703942559,8.018377946464243,38.74240874062532,36.9
Knoxville,Knox,TN,KNO,47093,2007,1,0,16.99421965317919,14.62058783651456,15.287721084383021,43.48508083950401,35.97336020680892,18.031371861718444,47.18388931145641,39.31688942011663,12.843637944148648,30.057817811856374,33.014109888883134,22.841911929400172,41.11353711790393,40.73529620971069,31.9
Memphis,Shelby,TN,MEM,47157,2007,1,1,37.406419413131395,27.87514347878227,30.589489419577763,35.374069332405256,29.136473054661316,15.150874837897074,31.412780595985435,25.65374171636122,8.263993783451058,25.544261992072997,39.40107341035205,14.493591596800618,12.519984012789767,36.83533878868263,46.7
Richmond,Richmond City,VA,RIC,51760,2007,0,1,34.43252078743515,35.25778176547726,34.98803688819717,38.778371227453576,33.138186018501145,16.540462627479243,45.38720775117602,40.06529523274591,13.108193498560697,27.579992729691476,52.807549713515336,11.62652579591454,14.394599303135887,40.263333333333335,36.7
Birmingham,Jefferson,AL,BIR,1073,2008,1,1,21.483145077834294,18.23069972175749,19.170430688975127,38.226172952424506,30.14562759921684,15.355351349806353,39.78870619745555,32.01398705453463,10.676288966594747,25.038332114451833,34.904657125289546,15.665100876482551,23.998481108790585,38.78064597307316,59
Jacksonville,Duval,FL,JAC,12031,2008,0,1,17.360359212788996,15.398232417954844,15.972024976369301,34.00767562730182,24.77498020858431,12.116433758992187,32.66368913078856,24.58275319602915,5.7872086505252875,21.88328126150955,26.63095292141463,13.098782324103933,22.02634574727598,39.0987461189967,57.6
Indianapolis,Marion,IN,IND,18097,2008,1,1,28.151390174788876,21.75533695974931,23.741445926932645,37.08524312736603,29.660719797259134,13.612990868682456,38.417886638196045,31.5616743382243,7.711992555542631,25.923283531979184,32.03130576030912,17.466776591962844,9.649149407162568,38.09275397420551,37.2
Louisville,Jefferson,KY,LOU,21111,2008,1,1,28.514176936178742,20.876377482831373,23.133497560282343,38.25904790548021,31.037835399290113,16.57829850893318,42.49815225424982,37.06634828586048,12.804593780203536,25.708446640578366,30.782448490479382,16.23192089090153,12.719518314099348,38.09304441462867,62.5
Grand Rapids,Kent,MI,GR,26081,2008,1,0,23.750359250989323,17.462764567546383,19.239829295876735,40.111363296253806,31.49629620392079,14.167020002992967,41.05896510228641,33.04813477737665,8,27.94526400245911,32.55352114407978,10.80059124815235,11.7940863079382,36.94959340782161,45
Kansas City,Jackson,MO,KC,29095,2008,1,1,24.500091168783808,19.263536295546384,20.82137949323754,37.037129460955974,28.613336216959606,14.609448866928965,38.966251069834144,30.976614003839835,8.31694848604011,25.21677671095535,31.17020272881939,13.82402744975714,9.6708953851811,40.78783420653626,41.3
Omaha,Douglas,NE,OMA,31055,2008,1,1,18.769792935444578,14.75810517547513,16.002963231736818,45.5289651005028,37.50584318599003,17.764425543558815,49.23365122615804,40.17938237965486,13.079019073569482,32.36583040230357,38.10443840303021,15.90265044174029,10.620465349011758,40.4787048151581,52.6
Greensboro,Guilford,NC,GBR,37081,2008,1,1,20.145887321240043,18.22217775721271,18.76281244380507,40.94748988826882,33.66586192908594,15.695533509509163,39.34786924298571,32.312069878242454,7.737228692429857,30.399350105092132,38.53006126406357,19.55405637184838,14.418662365057699,39.007670895221096,50.1
Charlotte,Mecklenberg,NC,CHA,37119,2008,1,1,17.785230324594767,12.187492256993483,13.936342844000357,50.5446045688597,42.531962887978445,19.158802148926334,54.30093721915522,47.841507253819486,12.325876235717036,38.41118206744219,48.410305792494434,24.673738594438372,15.81248669878306,43.38580117936574,59.5
Raleigh,Wake,NC,RAL,37183,2008,0,1,13.841147157530765,10.716634217414288,11.67697425707205,57.79626721119466,49.9350559794814,24.046372706632113,56.48696399579792,50.06685130360042,16.088880399834462,45.31510521571525,53.721822541966425,28.062070148031015,18.354224524006106,51.0252116054859,57.4
Columbus,Franklin,OH,COL,39049,2008,1,1,26.030003574599586,16.793311164276723,19.593149248514504,44.93858319334617,37.8697914532716,18.161019379686156,49.1844958561405,42.789437632291865,12.919708479638622,33.10854171123143,38.75972529187282,17.868177136972193,21.91344559811535,44.419126144929535,41.5
Cincinnati,Hamilton,OH,CIN,39061,2008,1,1,22.892680203754097,19.001215531487727,20.095994346345247,43.109216562994725,33.6206548598747,17.427874373819957,43.255644194170706,35.32926638510872,10.516710985974242,29.70892350390534,36.359686498553714,14.25209308982198,19.877747737157637,40.52856142740913,57
Dayton,Montgomery,OH,DAY,39113,2008,0,1,29.818689793661417,17.34377124212625,20.839279452658015,35.2336728471899,25.814959536154074,13.478086743805948,34.5675445776558,25.9970789798899,7.896384033896672,22.323836487136735,25.05097686311061,17.23837874971376,NA,37.164359639847476,52.1
Oklahoma City,Oklahoma,OK,OKC,40109,2008,1,0,26.34100614519321,22.462520911079658,23.690516758087742,35.57466449843131,28.829590937214256,13.876432486297958,34.02729005718872,26.567673321962477,6.054981438747868,25.595761712908388,30.275069174200613,15.496610169491525,7.659574468085106,39.59198321715864,43.2
Tulsa,Tulsa,OK,TUL,40143,2008,1,0,23.136187098953055,18.61933941396286,20.012368583797155,38.96621623799134,30.250695301598146,14.726536189521653,35.83140541838915,27.852998065764023,7.46387529866879,26.143725861653916,30.467855874343897,16.465750337990084,13.695725345001684,39.227236556384284,57.3
Greenville,Greenville,SC,GVL,45045,2008,1,0,24.687915437242633,17.31587299470589,19.464235094018708,41.2180754828123,32.66209450077839,16.031472209365926,40.53239402064385,31.577379387694304,7.942099083469148,28.63243022445568,33.30912980338617,14.946332015172302,8.194476146998403,38.024863660913574,51.7
Nashville,Davidson,TN,NAS,47037,2008,1,1,28.5004428889321,27.376133020004346,27.728797479077016,40.01295966304876,34.01030520574886,16.47752947897039,43.031552243538925,38.12317379782101,11.349067929058416,29.42570977016966,36.43926562319314,20.470398052148923,9.642537632735618,41.124429040916866,44.9
Knoxville,Knox,TN,KNO,47093,2008,1,0,21.414104216534707,16.823955899095214,18.151228290615585,45.11861628709455,37.26190476190476,17.419772256728777,48.52776144925987,41.71075366501007,11.222145032864853,32.04472277506278,35.573287877425436,20.92884650651018,21.614048197272556,43.497462536726445,46.1
Memphis,Shelby,TN,MEM,47157,2008,1,1,32.25489345707925,25.921973062957505,27.735371063350666,36.455032055472884,29.826636863067407,15.841775265088073,31.703166084356877,25.65284731477146,9.375787919173,26.162697583733724,40.507052299093175,14.485019104633196,13.802885791146979,39.36687378084706,52.4
Richmond,Richmond City,VA,RIC,51760,2008,0,1,32.78546712802768,42.95502927088877,39.74417334304442,40.485319241924586,35.46227502085899,17.57221184790814,43.66151165323459,39.355986350105276,12.985551441225587,28.918472301586075,54.55212443343007,11.261380437320053,NA,39.782102813623865,38.2
Birmingham,Jefferson,AL,BIR,1073,2009,1,1,24.294402329864234,23.132734236888627,23.482029026566906,39.219238221097314,31.341904559250093,14.955314645372994,39.8290719745029,33.66591894113945,11.15092213842734,26.233519887977742,36.24428960361774,16.64980411995153,16.917662465215255,39.2936829010429,57.6
Jacksonville,Duval,FL,JAC,12031,2009,0,1,25.8203082132723,21.960270836104947,23.152020290023426,36.68384641771297,27.378656911352056,12.280574665868402,36.78594694161781,28.770282513796232,6.9831000891045365,24.421783197543355,28.911185631041047,16.203516538866833,21.09387243378781,39.24502631306094,51
Indianapolis,Marion,IN,IND,18097,2009,1,1,32.48728149821872,26.58700571622912,28.478427991841343,36.223338759926946,29.67589187581089,13.36760075696849,41.036192819009734,34.95498796189679,8.864361980529676,25.956805867674028,33.145552907681505,13.975742821106973,8.790244758312133,39.79195961170312,40.8
Louisville,Jefferson,KY,LOU,21111,2009,1,1,24.583200382897257,21.666853289003353,22.54651323664756,40.38681824429929,32.33709901589936,16.077546926785562,45.24094694488631,36.3338635725648,11.108823804622439,27.267031690995953,32.504762792238715,14.492905205173795,17.30310262529833,39.14403759053336,48.3
Grand Rapids,Kent,MI,GR,26081,2009,1,0,25.05296142642775,19.344838838330737,21.00681058853765,42.09849291896024,32.514145194317976,13.911257517752487,43.906394073320406,35.344928089196955,7.002427055843481,28.305766651765758,31.951346685794917,14.487980442754312,7.355312360629868,36.302497132818914,43.3
Kansas City,Jackson,MO,KC,29095,2009,1,1,28.71339806563171,21.551218267636177,23.765656945456254,36.128504740036,30.194904428648677,14.69319728424281,40.30686022272719,34.53961576743225,9.234915209675298,26.423801728890695,32.52663513105491,14.755470778360621,10.134359597596381,37.98522309176544,47.8
Omaha,Douglas,NE,OMA,31055,2009,1,1,18.628915662650602,17.267110105682548,17.700669730190025,44.38981090657297,37.383704227530885,17.755777036234928,44.76925271642217,38.06557455003685,11.053520055160607,31.92660437932927,37.74749158900765,14.014505832414184,6.566006937359722,41.31163254062295,47
Greensboro,Guilford,NC,GBR,37081,2009,1,1,28.03611599026224,20.219350366409188,22.4594869077582,41.25512379723531,34.522001841026565,15.81906013233362,37.974317181287795,30.373055889835026,6.88074093256356,30.10960342331737,38.01921188828095,21.579294243808718,15.14610182467781,41.35864578669988,44.6
Charlotte,Mecklenberg,NC,CHA,37119,2009,1,1,21.775875465165413,18.868391576367788,19.776211513743117,50.520338741788365,41.882540134428154,17.820797560247954,52.87077784024452,45.57250773833756,12.436267762634976,37.17654222838681,47.201350059545746,25.46988161343619,15.849277773576345,44.98427046917318,59.6
Raleigh,Wake,NC,RAL,37183,2009,0,1,16.54251971960839,9.924521656758742,11.865279637449788,58.56003394313336,50.41348367180638,22.50933337034298,57.71662302308389,51.87897715102983,12.562442566657225,45.77333298788334,52.04941791399382,30.037953434055908,18.007001627138703,52.22472285838112,54.7
Columbus,Franklin,OH,COL,39049,2009,1,1,28.47539945097487,24.586183712020148,25.802144921582727,45.05367035206697,38.03076036741464,16.70974646159755,48.39388699265751,42.03326301684879,10.99607978054014,33.50373615860342,38.781158210060816,19.314513359434027,14.612933458294282,44.93265702455545,47.1
Cincinnati,Hamilton,OH,CIN,39061,2009,1,1,26.495741852024867,18.429457866077584,20.699191102123358,42.21196901785185,34.344330517240245,17.411756438326684,45.840825517163175,39.02253324909689,11.426997780693656,30.097480440817698,36.90569362495841,13.461630561453362,22.611036339165544,41.73264274263164,42.7
Dayton,Montgomery,OH,DAY,39113,2009,0,1,27.57178284382563,19.123927852882,21.510695412875013,36.04433589007442,26.43156075473854,14.060290525774521,36.186829591949575,25.952394116996576,8.556341921928563,22.757905363055983,26.180929199006574,15.950920245398773,NA,37.57255667393828,50.5
Oklahoma City,Oklahoma,OK,OKC,40109,2009,1,0,27.739458276143647,24.159522677725505,25.306981639574317,36.970927060937655,30.50439089090695,14.502240905347152,37.51825570007388,31.240013058194876,7.45433927252109,26.569969145052752,32.035407479234834,18.99420112673264,6.035116550620594,39.41336441336441,35.8
Tulsa,Tulsa,OK,TUL,40143,2009,1,0,25.022808327112884,20.8390893779687,22.15003183596034,39.14581857735505,30.79340787210361,13.865981989274513,35.65189928558982,28.364044258581632,5.729438926642272,27.24222188534973,31.797172332259056,16.920931529772695,11.319192305242371,39.61305875202176,45.6
Greenville,Greenville,SC,GVL,45045,2009,1,0,29.152134325133495,19.640709269390445,22.449370203612897,40.31320260576662,31.992703194617167,15.995733921909357,41.867111610387894,35.078966497059405,10.434150531950042,28.958385047330886,34.17330584332392,14.394460865692189,9.47784566411665,40.290231065913446,52.1
Nashville,Davidson,TN,NAS,47037,2009,1,1,34.31950136612022,23.692196055148756,27.305118938767215,44.14182682979561,37.531390494985835,17.503838925876856,47.29782106806424,41.14693045280666,11.499637687265128,32.791504117902036,38.61951475840002,26.287070216056797,11.897152296477179,41.93422204561118,45.7
Knoxville,Knox,TN,KNO,47093,2009,1,0,26.938269692510264,15.954781363717712,19.008549217219027,47.81472047191313,38.74290566206373,18.402824328551638,53.26972306260181,45.72376076332325,12.499030331238849,32.29689923583738,35.88962322544576,18.610255723657783,NA,42.57859563253012,40.8
Memphis,Shelby,TN,MEM,47157,2009,1,1,37.61056960955547,29.778762574192,32.0339560501959,34.91536864497785,28.80125182813954,14.396023604733218,33.25312018817849,28.424082513792275,8.9686549725702,25.13324907961976,38.93286850356398,14.504918791992447,14.253691983122362,38.34683371489264,39.7
Richmond,Richmond City,VA,RIC,51760,2009,0,1,30.93565217391304,42.33721022232771,38.20391899730159,40.387593934642524,34.664512304721114,16.019083312618314,45.475761111700436,38.44277076482444,12.46419857855097,30.05810921552559,53.057090817736466,12.954186413902052,NA,38.96034891186434,42.8
Birmingham,Jefferson,AL,BIR,1073,2010,1,1,31.22988212954172,27.335516358933436,28.44040313785265,39.15638971446993,30.611413850343443,15.342610633358126,41.80887730654449,36.368794922449666,12.276701273590854,26.24696907375803,37.238704657864865,14.970209405233389,13.363844393592677,40.619580313279485,53.4
Jacksonville,Duval,FL,JAC,12031,2010,0,1,24.21045558392689,23.13222441499859,23.450905624404193,34.83864046997554,25.21406981904764,11.130578908732955,36.837845961756344,25.746260029133623,5.602441674952022,23.43430387669542,27.816958815207503,15.51556323619967,21.033569382128764,37.95623059753188,51.6
Indianapolis,Marion,IN,IND,18097,2010,1,1,35.99184166792567,28.50349051462383,30.75317035974619,35.76650547796133,27.99815083008092,12.922711243116753,36.50025768768253,29.078165263700395,8.314035389108401,24.74614838450286,30.961920114455747,14.523610692004857,8.81503235202827,36.33263321739929,35.1
Louisville,Jefferson,KY,LOU,21111,2010,1,1,29.662433155080215,23.56033115497355,25.29605048158337,40.128093187545886,32.96216736451491,17.095876411406348,43.887986781756545,36.479313259075674,11.7549307276681,27.91947375742761,33.013904402418824,16.473641737006258,21.04542341931066,40.003100766123254,43.5
Grand Rapids,Kent,MI,GR,26081,2010,1,0,28.13218655137522,22.33923230309073,23.955846489539212,41.58719747311845,32.353381327950125,15.216373784877558,41.25719344842851,32.43841451012766,6.769319119916729,28.52681086321416,32.344489159751355,13.569497705412711,12.896130042502424,38.79880485985216,45.5
Kansas City,Jackson,MO,KC,29095,2010,1,1,30.800502309345934,23.193448100655363,25.3847285747569,35.943344182710874,28.953494786782148,15.151983229436752,38.709414426349795,31.44936102562012,9.214683162464587,24.986068246568536,31.75567526092521,14.522451519236752,10.103635922498354,39.85182057116205,37.9
Omaha,Douglas,NE,OMA,31055,2010,1,1,22.442050444194834,21.602749080335705,21.855716110367325,46.26633467221606,38.72703149706476,17.68488395339961,47.37573861661453,39.965986394557824,9.774566761010973,34.059413741586894,39.27003113817656,12.650694338470931,11.844269786145128,40.64796647621334,51.1
Greensboro,Guilford,NC,GBR,37081,2010,1,1,32.41545734025321,25.10997818514903,27.061878433519986,42.71718212390413,34.636782458254764,15.915090488501837,42.17870103866851,36.373732949568264,9.55762733074709,30.78712447432701,37.19159260267868,20.262888729298602,21.89103488036898,38.07907437308759,41
Charlotte,Mecklenberg,NC,CHA,37119,2010,1,1,24.081837505904584,19.94120800902217,21.160727095660643,48.8797864240485,41.19722042850121,18.71333982285533,48.74895639329523,42.14629760452123,11.54646458159399,36.9887875427502,47.04396609648093,23.493958448031062,16.040008028366895,42.191889005555105,52.4
Raleigh,Wake,NC,RAL,37183,2010,0,1,18.17762186115214,14.437737109589369,15.482556440103853,57.93050449336318,48.71303519817618,22.824388422551962,55.93910898942844,47.0390988938085,13.575003245020694,44.334061097953466,50.91621652794064,31.58983710613526,14.472839915919902,51.776871476009,48.5
Columbus,Franklin,OH,COL,39049,2010,1,1,30.745965273185906,22.842090069284065,25.183747505895155,44.042085665797,36.8333481091213,16.946984472757666,48.5206515688325,41.206370016596175,11.565815007309599,32.6207090150786,38.6852938457439,15.991098065965259,18.982815863402532,41.89766294319661,40.3
Cincinnati,Hamilton,OH,CIN,39061,2010,1,1,35.09221703527971,26.391559768632682,28.85146940298911,43.516506482187346,34.947527411851034,17.562346079220664,44.537217486076344,36.83787603099687,10.89139088751166,30.62820294623778,38.23744990097157,13.774442891873772,31.875741986545307,43.167148080289444,48.6
Dayton,Montgomery,OH,DAY,39113,2010,0,1,32.98308322805288,25.06425134446646,27.19203828511815,34.87043051373039,24.393510246319885,13.110204783167603,37.012192358246836,25.91518228104368,8.341265164906556,21.448967597418438,24.419499910055762,14.845017317725459,30.751445086705203,37.456173262779295,56.5
Oklahoma City,Oklahoma,OK,OKC,40109,2010,1,0,32.922161554229326,27.156053364231802,28.927844820378475,35.76403526214622,29.481275270100088,14.222840856366409,35.400178301766644,29.0213416298237,7.8198060513436305,26.02431191671875,31.101964697218065,18.714464980092643,7.9928498467824305,38.66924507251767,45.8
Tulsa,Tulsa,OK,TUL,40143,2010,1,0,26.41667800916474,23.59757168069634,24.41351236006697,38.416296398423256,29.584067080698635,13.582838771941919,34.44746758347469,25.70439771860521,6.409307726460309,26.28192227840685,30.224111231481913,19.965152124380108,8.036498181362097,39.99577732423112,50.6
Greenville,Greenville,SC,GVL,45045,2010,1,0,26.674530557592373,19.114376747512843,21.30479762058709,41.2917561601029,31.824759140698113,15.354806261311216,41.57860404435747,33.13763861709067,10.154924983692107,28.335705923048266,32.85068785379537,16.298369964460857,8.473967684021543,40.6187605310062,55.6
Nashville,Davidson,TN,NAS,47037,2010,1,1,34.91710702379062,30.904900290610282,32.22607241008484,42.80348053572952,36.23254755879091,18.244092473057126,46.386650816712894,39.11504424778761,13.609826971338002,31.654189289387453,40.6154554795734,21.499561390824876,7.725267800882167,40.37864853926817,45.5
Knoxville,Knox,TN,KNO,47093,2010,1,0,26.189742799938394,11.201532544290826,15.373321473352553,45.099389670751414,36.76746412312277,18.684998202365946,49.81011594689968,41.545958662409674,15.778860695681399,31.939575277513587,34.82864033551951,18.86023815919062,NA,43.94621490344746,51.5
Memphis,Shelby,TN,MEM,47157,2010,1,1,34.29277578213748,28.30330632146611,29.934005675762656,36.15582384320368,29.513577250432043,14.8903021376344,34.52871297800429,28.508187760318428,8.882969304560048,26.467881277935128,40.752000236408364,15.533050308087201,14.693450043017991,38.6607232663515,39.5
Richmond,Richmond City,VA,RIC,51760,2010,0,1,40.92492872980678,36.60064672594988,38.06197816313423,40.988412937793306,35.61546315464091,16.658392423915995,46.90033855870722,42.49338530256907,13.886597058237788,31.75345196609462,58.24521339092158,12.530751527656536,NA,41.3057673674011,43
Birmingham,Jefferson,AL,BIR,1073,2011,1,1,27.72435167038877,27.596745093707426,27.633459657220786,40.57031170562516,31.63942019816298,16.460576412504377,44.67944481163252,34.94686264018716,12.815912882006735,26.927525582408013,37.60400070808993,17.63914133860985,10.733675715333822,43.41149829364841,59.5
Jacksonville,Duval,FL,JAC,12031,2011,0,1,28.92330408228326,24.63318324503217,25.909034205733388,36.26397010808905,25.911329843718377,11.567051303181335,37.392185939533334,26.092515812728866,6.321308597887601,23.776589953495126,29.07714978421386,14.962313782856542,22.461435451057145,38.713356243188365,47.1
Indianapolis,Marion,IN,IND,18097,2011,1,1,35.22715558500847,31.20523983718893,32.4289689349709,34.57756918503094,27.141029890536256,12.356815607581732,37.925356377368765,30.158200932194738,6.788010750859049,24.370118545962853,30.245621164105067,15.516230366492145,5.323617460722656,36.42105162161579,39.7
Louisville,Jefferson,KY,LOU,21111,2011,1,1,31.9920144737663,25.74035310110167,27.52982213862235,38.918364782044044,31.177225826961035,16.46258067536897,41.16459391825282,33.3879957533935,12.15306741487829,27.01104116490005,31.688481675392673,18.804524109859123,17.755057167985928,40.4037928519329,46.2
Grand Rapids,Kent,MI,GR,26081,2011,1,0,23.682610931874503,18.46327097875535,19.906763825398777,41.977668557341254,33.68706572101652,15.818783064644803,43.46356382367144,35.501414215742635,8.574976429737623,29.60894863822266,33.54998415118262,12.43052982586143,11.384025466647374,38.20489561428826,44.3
Kansas City,Jackson,MO,KC,29095,2011,1,1,35.55952837015281,26.3354244938541,29.033422767821015,36.98977979427679,29.236548708802456,14.566060342908651,40.20965031607586,31.983676082259745,10.352484596303114,25.338487850067697,31.87465070608107,15.117491870666914,13.096796417499137,38.957568189998696,45.2
Omaha,Douglas,NE,OMA,31055,2011,1,1,26.036907075959913,18.060895217201463,20.427377314398708,45.12738705751778,38.051597200660936,17.49122976064295,45.811780309881236,39.39591246156628,11.877976728763489,33.25557175588419,38.70187066672481,18.922462420343326,10.893607999717323,40.39447584116172,46.7
Greensboro,Guilford,NC,GBR,37081,2011,1,1,29.13608688497614,21.59481618619413,23.612493065767346,43.06891977888014,35.48460058116801,16.741932268625362,45.86040566655001,36.10675755869688,10.137098860299153,32.147930367504834,40.38599105076986,22.855155516797478,11.05409927495817,39.72226601502969,44.2
Charlotte,Mecklenberg,NC,CHA,37119,2011,1,1,27.370223634754087,22.170231464437133,23.680118661851647,50.548464299960116,42.59018145419241,18.62407899391139,50.28306188100002,42.271840725448975,10.672762734618404,38.54808907906253,48.892911960329016,24.4202972140415,15.200833801010184,43.847880470168946,47.5
Raleigh,Wake,NC,RAL,37183,2011,0,1,17.8761336330517,16.472989678866114,16.852613035819143,57.88265674834507,49.345834015860326,23.13795396074426,56.29929120495159,50.173276857912974,15.383847459319158,44.649846530389645,51.592486873171936,29.466443263814636,12.33173481406697,52.3879293341974,59.6
Columbus,Franklin,OH,COL,39049,2011,1,1,28.830991972477065,25.34120632947453,26.396702038102877,43.92176331348055,36.72589302527534,17.523573563992947,47.497737694583684,40.97924779615866,13.364886986405832,32.5611595999333,38.3262267755067,16.103139601493535,21.736714136853074,42.419770855425796,46.6
Cincinnati,Hamilton,OH,CIN,39061,2011,1,1,34.540740601574385,25.21132937138018,27.88850850473084,43.15185368497961,34.93483230809116,17.38881425440147,46.81554780508467,39.66168293364335,11.787024269788485,30.937090864564986,38.36412823010519,14.252102199223804,19.91564276545021,41.8256590946551,46.1
Dayton,Montgomery,OH,DAY,39113,2011,0,1,31.599706475875987,26.221419699130514,27.691510522005114,35.325135585029265,25.40729205820759,13.39705382233439,36.6200327429677,25.599047477303174,7.480279803542193,22.715173269228657,25.882148073649457,16.898599793412142,19.72409262604697,38.03141352222285,49.1
Oklahoma City,Oklahoma,OK,OKC,40109,2011,1,0,33.543819705081916,24.035526821651903,26.945860011324534,37.13186386935707,31.093819556349267,15.08678029109861,35.8752105249235,30.438156374826953,8.228768947243116,27.838861957281058,32.77057180280743,22.286122855011193,10.974044097125315,39.20691360350389,33.8
Tulsa,Tulsa,OK,TUL,40143,2011,1,0,25.199714374972103,19.93194330453066,21.472336593737154,41.49115037371995,31.426040744021254,14.91243609466536,41.045531197301855,29.95053400786959,6.974704890387859,27.954426216276207,32.59826980885288,17.547021060930284,11.885369532428355,40.00582651879052,51.3
Greenville,Greenville,SC,GVL,45045,2011,1,0,29.918613971268265,24.05822684421249,25.776793382452652,39.943392171413045,31.01508866261977,14.665725906191582,39.03932111161495,30.298957051240528,10.044050009716914,27.6826437430826,32.74610496275034,13.503549972692518,17.67527496487233,37.943204517516904,43.3
Nashville,Davidson,TN,NAS,47037,2011,1,1,33.17566502241143,29.188441773364687,30.487724320158538,41.74437572025854,36.61891851266263,16.708606358873865,45.17038878648892,41.39483046851558,11.14664151913927,32.12009250902527,39.43119454093767,25.11832607726527,11.625567714207333,42.15032675643331,37.8
Knoxville,Knox,TN,KNO,47093,2011,1,0,24.879208229426432,16.94111739599179,19.12289156626506,45.43522319358329,35.67018188688319,18.015646737543584,45.390794979079494,37.186610878661085,13.628451882845189,30.042410222515976,33.86579470250481,17.744271232643325,21.203007518796994,43.276737151672485,27.8
Memphis,Shelby,TN,MEM,47157,2011,1,1,40.14224751066856,28.39210309527787,31.65676534704541,37.869960616689916,31.85218278524726,15.423285055070224,37.4488564336519,32.53679679968422,9.877255440764554,28.116353507711096,43.719047991682785,17.640907737373876,16.007187780772686,38.995001137204994,44.3
Richmond,Richmond City,VA,RIC,51760,2011,0,1,45.911573277474375,36.062386064411584,39.52223273415326,41.42143765317216,35.7036245370285,17.849969595901896,47.941104428054324,42.28560542144082,13.210679585227117,31.495721290008223,57.815671944782785,11.737831114170826,10.758431252861286,42.159620514630326,58.3
Birmingham,Jefferson,AL,BIR,1073,2012,1,1,33.11464546056991,25.92486721746828,28.042259201915194,40.66815548215261,32.382868998389476,16.267998109260944,42.431290089630856,36.35890573892358,12.347606303895331,27.723973405805452,39.13933528486369,17.929209394641084,14.945875326614408,42.614664847252776,48.4
Jacksonville,Duval,FL,JAC,12031,2012,0,1,27.876217880761274,26.757445475770176,27.090013255633643,36.829763594069256,27.19125951387184,11.730619582450782,39.898129902963156,28.810648027661077,6.799271294196378,24.868179450171233,28.770049631423134,16.668312432112174,23.698011068416346,39.60124429337355,42.7
Indianapolis,Marion,IN,IND,18097,2012,1,1,35.923667407991964,31.44323986903958,32.82073678034664,38.21310759677889,29.807614566152452,13.68042754115326,41.67089181832737,33.435848855206274,9.09430538506698,26.69295929907225,33.37885339378264,16.446675342380864,11.439936356404138,36.19103162260238,40.2
Louisville,Jefferson,KY,LOU,21111,2012,1,1,30.598961006960845,25.36879026841464,26.87332396129901,41.322070088607035,33.09455516907167,17.305923043240824,44.36164834959091,36.40729437756268,13.206081144333565,28.397327540785167,33.44668669806724,17.813971243160704,25.592643775911554,39.115151104791565,54.3
Grand Rapids,Kent,MI,GR,26081,2012,1,0,27.434065159136857,23.329796640141467,24.451626167743925,43.41136603867437,33.47571970403532,15.140521047068333,46.30313710870867,37.108708667999686,8.68494481535455,29.62628495549558,33.46949617779877,14.823360668516727,15.004271678769756,37.850412110620404,50
Kansas City,Jackson,MO,KC,29095,2012,1,1,37.85769104264883,25.562859562283393,29.06390099529203,37.063042678338995,28.891219938160067,13.798652262978973,41.6348387997487,32.92613608033586,9.954227704703875,25.730204213593865,32.30051952342218,14.350785660423501,13.581255959678519,39.45511077297435,32.4
Omaha,Douglas,NE,OMA,31055,2012,1,1,24.68208376294987,19.35256491183773,20.951349918253722,47.408812196822005,39.3357416560816,18.357858833602826,52.52712233755887,42.48541368887223,12.015839913770883,34.39833416429598,40.06409222397866,18.481743397315633,12.099029729636408,42.31831341400045,48.8
Greensboro,Guilford,NC,GBR,37081,2012,1,1,28.239256982144024,23.401752490697394,24.700583028940713,40.92683502747828,33.77714979948281,15.086966953700143,42.16840503155916,36.05204649566528,9.54981571839981,31.16573954126343,37.35223776942001,24.17790109680208,12.043220937177608,39.800763348812104,44
Charlotte,Mecklenberg,NC,CHA,37119,2012,1,1,23.819853469329118,20.93517099367037,21.769929162925273,50.56794239796266,43.27347535113432,19.113704404980744,54.354837707332536,46.81598130666882,12.30913599274142,38.931466202932185,49.93657592144658,23.649200352737527,17.59821884131917,44.34190242503163,48.5
Raleigh,Wake,NC,RAL,37183,2012,0,1,18.9358372456964,14.258524890065564,15.51342115874672,58.09268294523624,49.433231073427145,22.88414443174057,56.49023070590802,49.82093731750734,14.84848271640552,45.32981880434818,52.169816688096674,29.207144323547524,17.949975478175574,52.01055328038732,53.1
Columbus,Franklin,OH,COL,39049,2012,1,1,30.7300650717931,22.770317590816358,25.150565443051935,47.09025106607843,39.25902940778882,18.40767207796198,52.12330703272615,44.265360067049194,13.244694831955487,34.76355753970814,40.95262105660297,18.614996192842543,16.979849808012503,43.45536745291619,39.9
Cincinnati,Hamilton,OH,CIN,39061,2012,1,1,32.99644430702636,29.497256865445635,30.48584079009865,44.015622603216556,35.43664232026337,18.14393090183955,47.95899297861548,40.0325706810476,13.326392040651058,30.998198739117385,38.86607408557492,13.943163070552842,29.918756623101377,41.39730815378997,50.3
Dayton,Montgomery,OH,DAY,39113,2012,0,1,35.67908166448313,24.818379741033574,27.736155805846067,36.077576107135776,26.103350696634887,13.82383158198302,35.93731946851531,25.116984402079723,6.623339110340844,23.70263540325227,26.47656386689948,18.029942352367566,18.235042124803655,36.53896496822121,51.3
Oklahoma City,Oklahoma,OK,OKC,40109,2012,1,0,29.782367740459897,28.32050401093259,28.7663661729985,37.29260944844211,30.455699654488434,14.226946814887611,39.34051190312371,31.708407871198567,8.464634649786706,28.099691074559573,33.49415874470279,17.827209231703613,7.908659036925069,38.55678303901591,42.8
Tulsa,Tulsa,OK,TUL,40143,2012,1,0,29.010596765197995,23.56096212330661,25.15407441223465,40.63943106473502,31.09454822130091,14.310957904380366,39.709258699279864,29.725946085184063,6.895586242426279,27.93885782036853,32.94778790860677,17.692091190543202,9.759786476868328,39.76966001186683,48.9
Greenville,Greenville,SC,GVL,45045,2012,1,0,28.530488775672662,22.76685144404789,24.406125757342487,43.56266988825128,34.81324876673714,17.940199335548172,42.68417353523736,35.414669989138076,11.409814069388538,30.387128662027884,36.17804903714617,13.181144495986757,17.652818576024618,40.472861919785394,41.5
Nashville,Davidson,TN,NAS,47037,2012,1,1,30.348742186982353,28.888367929755766,29.36364747234422,45.03295553047773,38.83464446734159,17.852138974753174,51.53337490154897,45.556576529272775,13.478767393016538,33.96157180403363,42.71181745784426,23.779903424379814,14.57084631982738,42.86851536518046,37.1
Knoxville,Knox,TN,KNO,47093,2012,1,0,19.09655738345512,21.51399186797417,20.845091742623286,48.64701520366568,37.301060013116214,19.21439869009297,50.23012246092797,39.72905722974841,12.457512725853405,32.051486912383176,36.270055291492866,16.7316153362665,NA,43.27230306494383,37.2
Memphis,Shelby,TN,MEM,47157,2012,1,1,39.78272806874342,30.00946194614237,32.75735447527644,37.39369549290969,30.178738094999147,14.69726925122688,35.15220791721814,28.801437853447236,8.57071952833594,27.096220820115573,42.0747309626857,16.890540447975887,14.416103583684153,38.815371459419175,40.8
Richmond,Richmond City,VA,RIC,51760,2012,0,1,37.94857101926796,38.96522606893375,38.610521054604526,42.11002581641072,36.15184662745411,16.8525270806164,48.81520253719413,43.39014516669675,12.22958512750432,31.327180839375963,56.63863444524338,12.959879113084774,NA,40.147485374367044,51.3
Birmingham,Jefferson,AL,BIR,1073,2013,1,1,33.922353554255395,24.633678415525917,27.245959737266347,41.56499896752951,33.50550603783085,16.875659437487446,44.720602269112504,37.109532393171456,11.96055561446294,27.912462148100893,39.240253302203605,19.3191116970496,18.62388867413993,42.25014716741016,50.1
Jacksonville,Duval,FL,JAC,12031,2013,0,1,32.65185134997798,22.990694345025055,25.86068089645664,39.75347354740219,28.399228444407772,12.745727046736876,43.55057607346019,30.77806011954607,7.251451012098986,25.677279868256882,30.526659406854655,17.475279904582354,25.036149074117265,40.201647469183854,45.9
Indianapolis,Marion,IN,IND,18097,2013,1,1,33.936399489788435,28.80482553917884,30.359006238760237,36.01840852739753,28.810262215879646,13.112986422814139,38.2095983814391,31.192112143148048,9.283077367736512,25.734829826272374,32.7782797853979,14.837417311096617,10.191398333708625,37.75260468084911,32.7
Louisville,Jefferson,KY,LOU,21111,2013,1,1,25.113869040157116,21.39631845223381,22.44776154682551,41.513719456350515,32.76208618773736,17.51083757677889,45.179998520053275,36.070926446647924,13.305645996744117,28.65515645663147,34.020714237338304,15.20167224793635,18.76970793486689,39.91408730870356,46.1
Grand Rapids,Kent,MI,GR,26081,2013,1,0,22.28821652342021,16.63545401038044,18.200519775322924,45.29831288811816,35.63023978604271,16.975838213114656,49.0972576150251,39.92235873301597,10.086858456500288,31.895442405959646,36.57183478651946,13.920854861437295,11.248624862486249,39.54162415698329,44.9
Kansas City,Jackson,MO,KC,29095,2013,1,1,25.656640083217752,24.510256924404768,24.83913284052547,36.56220660810918,29.422536329272265,13.909547023449454,41.208968820711746,34.03371633998452,10.355872931911017,26.20689201024648,33.49757790582011,13.98864052766581,14.029147163297148,37.81954182502033,41.8
Omaha,Douglas,NE,OMA,31055,2013,1,1,27.933708227017117,17.382105557917882,20.495949937128987,46.555996380594415,38.755481311338485,18.586691724089928,49.14359941144013,40.34508920360493,11.817178591134816,33.31531396826675,38.61052457821216,19.785518087779792,10.770006724949562,42.742874699019,42.3
Greensboro,Guilford,NC,GBR,37081,2013,1,1,25.319392256167294,28.675016479894527,27.774465099964925,44.696853069393185,36.35172328338146,17.429211896832044,43.06297794443296,35.39077032094246,10.435796746287165,32.74856957789053,41.7951316481846,21.586612111927707,16.441417473661808,39.91145625122269,40.2
Charlotte,Mecklenberg,NC,CHA,37119,2013,1,1,20.149716577000188,19.831291981740655,19.922452451543105,51.15461955934182,43.94293209943278,19.83322161920618,52.612913895115945,46.40341528548504,12.212585596511214,39.7053313678521,50.503090690309996,27.19609884733915,16.174784235620738,43.21273060559337,51.8
Raleigh,Wake,NC,RAL,37183,2013,0,1,16.575666077379182,13.872400249933053,14.582982065823078,59.248612615676976,51.38793890702584,25.14354482702525,58.314675492636525,51.59646219527458,15.374292508587242,46.742166807862006,53.88491258056476,31.308685925175954,20.795008553889506,52.51910501064607,52.6
Columbus,Franklin,OH,COL,39049,2013,1,1,26.93887639920432,24.919221692140955,25.52679940371017,46.33060938174493,39.51013837594129,18.99176819032088,50.80749231411546,44.161574372793865,14.467017117698411,35.003098909912865,41.27862624996341,20.975407462018484,16.05501553924486,44.36355746546696,52.2
Cincinnati,Hamilton,OH,CIN,39061,2013,1,1,33.433982456475626,23.136381600948532,26.066482145090514,44.87464297048556,36.14114272952737,18.50605921694465,49.58834760978857,41.6644770262932,13.38746124336539,31.877617886330214,39.751308164069094,15.532416313966909,30.463520040674517,42.69611286889186,46.3
Dayton,Montgomery,OH,DAY,39113,2013,0,1,36.26150389362554,26.642357025525122,29.283504893260993,37.25909442373244,25.95990140522959,13.754260884085804,38.99901835816741,26.491143246450704,9.195200210979737,23.419298753984354,26.34496308858381,15.995720796635258,16.6004280036686,40.909452961570224,44.6
Oklahoma City,Oklahoma,OK,OKC,40109,2013,1,0,30.97318628660019,26.63487996604028,27.939983994318514,36.93655407234267,30.2302226337105,13.461990878114305,39.64581548129106,32.423509249458135,7.649915150293193,27.217229897736367,32.364069291830354,18.44059405940594,8.580638379874566,38.348122712179425,37.9
Tulsa,Tulsa,OK,TUL,40143,2013,1,0,29.656138167107514,22.686748187503962,24.703483585468767,40.17633479051034,30.90371580136549,15.01700722039393,38.91214775702277,30.87918521546058,8.099241110386956,28.51159769947475,33.43077710870707,19.568794326241136,7.41945700054703,40.03144811896757,48.3
Greenville,Greenville,SC,GVL,45045,2013,1,0,32.01105190447997,24.884769725807853,26.838483943982038,43.4524213137836,33.57012656006318,16.882785358440593,42.271860270819865,36.48028752935984,11.200088276557844,30.152266624545888,35.500157401245666,14.425950444486476,10.430930326218284,40.19349686252139,40
Nashville,Davidson,TN,NAS,47037,2013,1,1,30.194684049955008,30.632460997536686,30.490555298637545,45.67982444459832,38.744693656889325,17.697752826942644,54.1178730659324,47.796783824671216,14.38954302775132,34.84451692828804,43.190521981243656,24.649557903817122,13.014802872636668,42.385202182537945,45
Knoxville,Knox,TN,KNO,47093,2013,1,0,20.981054948510337,20.537060071705568,20.657517301683782,46.677051106071886,37.12881724964393,19.330117599473322,51.284478320795756,42.873511682359386,15.284212623922683,31.988883805263246,36.102436460330225,21.33106546295085,13.193421698576339,42.7459216659149,43.3
Memphis,Shelby,TN,MEM,47157,2013,1,1,40.517395715223486,33.98856848669931,35.82760055303645,38.16808675445391,30.890943712884066,16.155919184095016,36.35599327408119,29.716400432380496,10.094883497477781,27.623868273054956,42.565421830731594,17.823296970515724,9.576765277477866,39.27538247893978,44.3
Richmond,Richmond City,VA,RIC,51760,2013,0,1,40.84323384526225,40.0217662944899,40.31543780592028,40.7267824091522,36.64732041908495,17.27846034019246,44.5537170822652,41.32603122815194,14.910277324632954,33.15304138118505,54.5515708184637,16.654305477772564,13.936198972695324,41.597760974172644,53.5
Birmingham,Jefferson,AL,BIR,1073,2014,1,1,31.40203967065868,29.896535129932627,30.323325022545223,40.77928336546094,32.39227803605851,16.41115772763352,41.55050982865552,33.317565436770735,11.312940187112371,27.14778553110809,38.840917899683134,18.057811887289226,18.08617622031407,41.48370923903788,53.8
Jacksonville,Duval,FL,JAC,12031,2014,0,1,30.375473178051358,26.356791727878857,27.533836088498227,37.66338936031332,26.468464425587467,11.71201860313316,39.49409922844165,28.658583674415013,8.300395256916996,24.416305749330512,30.01547241341885,14.841697688026793,21.846542441229253,38.67949127223369,52.3
Indianapolis,Marion,IN,IND,18097,2014,1,1,36.45215363311712,30.53714894453498,32.33027555367022,37.21838515033343,30.085134068305607,13.634344019391209,41.46432353979524,34.20742949044836,10.508767112540697,26.97721025735222,33.24333988485638,17.513178538839764,11.664130337480978,36.587389693164425,46.9
Louisville,Jefferson,KY,LOU,21111,2014,1,1,28.831670020955663,22.56859097854248,24.35876907384015,41.66721523709214,33.314072416172344,18.24740282379674,46.24324991091253,38.50040660435112,13.714901821039263,29.321771077322744,34.70471997798845,15.40054262458946,29.213539827473138,39.83670646338729,43.1
Grand Rapids,Kent,MI,GR,26081,2014,1,0,21.273900023036166,20.576626359036922,20.772051702542516,44.78020901470096,35.47763807962092,16.952376359092924,46.596858638743456,37.005277739736854,10.370073846218673,31.95160907647791,36.24549880448247,13.037744695815261,16.73228346456693,39.065046268767055,41.4
Kansas City,Jackson,MO,KC,29095,2014,1,1,29.60414561248844,21.532058649392262,23.858601007690925,39.23634579744903,31.285566335986047,14.394145862858387,44.048477290883234,36.01601621105547,10.802174463690744,27.783947875018512,34.91889583197928,15.402648100450742,12.545454545454545,40.35128557824569,36.7
Omaha,Douglas,NE,OMA,31055,2014,1,1,19.32506276768572,18.76472878542593,18.929418914226183,46.50057877369085,38.539417079870766,17.84834401617111,50.88024342534232,43.831432526109886,9.962365160891796,34.19693534916225,38.03717517661953,22.567706045966915,8.378193207399432,41.5557382124062,32.5
Greensboro,Guilford,NC,GBR,37081,2014,1,1,29.51826810557795,24.039594065649055,25.507546791851382,44.41304753028891,35.129170549860206,17.199627213420317,46.14189689464438,35.74570636314804,10.481845501662287,31.41204756644356,40.09638786476783,21.009967919340056,11.671499585749793,40.21774149682635,35.3
Charlotte,Mecklenberg,NC,CHA,37119,2014,1,1,24.500021412359214,19.565957060711572,20.96876965847521,52.84730322822014,44.83737132914151,20.36092253012835,52.34466658685503,45.407637974380464,12.341075062851669,40.63464793411682,51.84132049740483,28.837573143807028,16.851314516838126,45.36381191520146,55.2
Raleigh,Wake,NC,RAL,37183,2014,0,1,16.869722369364034,13.79462920071669,14.592922143579374,60.687238163881254,51.439614397044906,24.562007297626018,59.66149602179689,53.1672747779884,15.851661604734435,46.86310408169809,53.36902737396456,32.440580915517735,23.134797469846383,50.36518354575288,55.2
Columbus,Franklin,OH,COL,39049,2014,1,1,25.801830481496218,23.522839994789734,24.219904646318522,46.86515138802409,39.93437816020384,19.298237866657246,51.076882134860334,44.74681569577506,13.715908673787764,35.375633106780114,42.28971804942571,18.7523743907072,21.6377266611136,45.46485420592072,43.9
Cincinnati,Hamilton,OH,CIN,39061,2014,1,1,27.59537240653982,22.557521188041033,23.98405899903076,46.771801718514624,37.38027415517314,18.998925341755402,54.345743224746776,43.855221735559816,14.968005748699698,33.28432052526934,40.646855386191874,16.75746848217735,33.28553353015605,43.52481235432432,49.4
Dayton,Montgomery,OH,DAY,39113,2014,0,1,39.02559358618563,27.231022948991917,30.457927683196385,39.02641228288022,27.29610097439119,14.954056067666865,38.974984038539674,25.339543792442974,7.816762435428639,24.053443515532987,27.12569116461237,16.480197388012083,22.102578634173987,38.83030530456671,44.3
Oklahoma City,Oklahoma,OK,OKC,40109,2014,1,0,28.587503196658425,26.11531907546561,26.87107803281423,38.315871981707396,30.71924792623047,14.48755488655738,40.379634762893765,32.437754958503305,8.58646454783911,28.444350419084465,33.90119628439005,19.429454790089174,9.15766517872355,40.85626962435468,44.5
Tulsa,Tulsa,OK,TUL,40143,2014,1,0,24.30729372502525,20.296773502748234,21.455671306576658,40.53278151447458,31.741063673516656,14.260027367452235,40.44981610267872,32.37026830564928,8.389840622321554,28.541514309394962,33.01762150113869,17.621999508451896,9.725365294890063,41.38150354335157,45.1
Greenville,Greenville,SC,GVL,45045,2014,1,0,24.641647120145947,21.066508225333283,22.05089565225191,44.176249125592435,34.71221183849594,17.147820072467752,44.98656287647113,35.82460692552436,11.168257498532729,30.55341890242961,35.88719652259957,17.194412320795934,14.105062578493785,41.29658524219737,33.8
Nashville,Davidson,TN,NAS,47037,2014,1,1,34.5971973312029,32.445442541821315,33.14479002919381,46.229930025862856,39.053708104134124,17.197358574785678,54.753760367367974,48.58878840416725,14.238632991268762,34.81868928838293,42.23776999663881,26.838028169014084,14.303819344432284,41.25164933388193,40.1
Knoxville,Knox,TN,KNO,47093,2014,1,0,30.456326342475226,21.981392937381187,24.292447889389337,44.65154040818442,36.99873036163101,18.021091543517503,43.593363925167665,35.65629569865362,11.15089170154472,32.60892275237829,36.05796835166854,17.81553192390798,16.500949614568206,41.88682260915348,42.4
Memphis,Shelby,TN,MEM,47157,2014,1,1,37.85064666627296,34.625080439005096,35.54646479556333,37.00523700058279,30.98470990092599,15.57319659392605,35.257656418231846,30.141912908242613,9.443414284005264,27.82529249462765,43.94316163410302,17.381537311240773,10.106669539920267,38.12314299033295,39.4
Richmond,Richmond City,VA,RIC,51760,2014,0,1,38.21338044396651,43.958317071266876,42.02272197924484,44.040831039454716,38.080023594180105,18.224046401887534,52.71748878923766,46.869955156950674,14.213004484304934,32.91997331990253,58.93533474434667,12.221978504057908,12.784745328896852,43.51702820353367,47
Birmingham,Jefferson,AL,BIR,1073,2015,1,1,29.112482202183198,25.14344130188523,26.253143224898984,42.19310422982123,33.270816216675634,16.860073094030653,44.635152879384734,38.41159674024052,13.759144625773775,28.658015593292745,40.68508748015459,19.045602999879037,18.56456410647548,42.648327798551364,55.3
Jacksonville,Duval,FL,JAC,12031,2015,0,1,27.093441075656973,24.94817772786201,25.581281702942814,39.6713539767331,29.947823787063342,13.384681352413851,40.17009963172209,30.557571400473403,9.400921033891063,27.29033529552401,32.7153929477636,16.34624726742774,23.907279280772258,40.410537166735466,48.9
Indianapolis,Marion,IN,IND,18097,2015,1,1,36.01718123900948,30.499079258897368,32.170613713367565,38.55683362693248,30.415030171997152,13.802579069570175,42.50468013685366,35.222387192563424,10.265960880511264,27.29161484776215,32.80391777081137,17.99589665852097,9.061652743183371,37.40016451296203,36.1
Louisville,Jefferson,KY,LOU,21111,2015,1,1,23.933137081334788,21.82635104214336,22.43277515080409,44.664099876200595,35.7189242829242,18.213105224626595,49.24789573717078,40.78197121911485,14.543397592542313,30.933430363252583,36.45516353961988,18.24941233441955,29.034459228932104,42.34203003669255,48.5
Grand Rapids,Kent,MI,GR,26081,2015,1,0,19.937723234728455,20.283002034188645,20.18618387262455,45.061022856481245,35.476382031878536,15.94788045398274,48.346228537961224,39.455216135959645,8.977322934969123,32.33270659088126,36.616756417134546,15.90082461060055,15.851775604734947,37.66457791695906,49.8
Kansas City,Jackson,MO,KC,29095,2015,1,1,31.23296631418293,25.430804455232487,27.073060854217708,39.217933848155525,31.352454006893872,15.116812846832703,43.456249638386915,35.71387244219012,10.58513818441303,28.20277433374086,35.09904822623981,15.056215423053281,12.722929936305732,38.833851410673184,40.8
Omaha,Douglas,NE,OMA,31055,2015,1,1,23.709304565594298,21.507621209664343,22.159771754636235,47.98036749257098,39.91966026987843,18.37462854870939,51.29804489167643,42.60918510349897,13.38824178096354,35.4160295598843,40.4172689081306,20.776121079381124,11.666140738403282,43.2640592813403,40.1
Greensboro,Guilford,NC,GBR,37081,2015,1,1,26.184121675938133,22.09290034646779,23.187433329892297,43.82517719024792,35.318942446254745,17.516469135076317,40.606380466937956,32.35927278787795,9.465146317412259,32.43696846759515,40.44808214520045,23.19719118574508,14.474361976118006,41.33677660742608,39.9
Charlotte,Mecklenberg,NC,CHA,37119,2015,1,1,18.780295344380566,18.524910634495086,18.59740488304374,52.61346306956052,44.924450063123786,20.847084993463106,54.775505908354724,48.5712949265914,14.68464412468061,40.799345544584774,51.27370305864856,28.35712689624351,15.665160037972711,45.93724211877553,42.5
Raleigh,Wake,NC,RAL,37183,2015,0,1,19.675797396508113,14.384013118760148,15.74855133849562,60.23394792839936,52.2253519146865,25.421146685737682,59.239184584421025,52.06211930999209,16.934021481378156,47.78293208325365,55.29852812746289,29.685276096966927,17.493388741972044,51.74069423538044,55.8
Columbus,Franklin,OH,COL,39049,2015,1,1,26.085213479142073,23.944308219076703,24.60160350103424,48.051925570848056,40.56342619907303,18.68633902798955,51.61411010154997,44.92339212542312,13.247372171744164,36.142941474211696,42.525308116942675,20.543636218705352,19.093122900033908,44.91207470242337,40.7
Cincinnati,Hamilton,OH,CIN,39061,2015,1,1,20.342320508936687,24.137957092442434,23.05519398099888,47.609374121351856,38.42996119889782,19.09548445144239,51.19143999399064,41.69497466885897,14.02268535133917,33.71375994847495,41.86425459745269,18.145366151056365,32.22358221134231,44.372491303184376,49.2
Dayton,Montgomery,OH,DAY,39113,2015,0,1,31.15058157812009,26.27213944335114,27.59647715441465,39.63274506569905,28.571847453589168,15.606502098337824,40.72727272727273,30.017686593562082,10.617615847187832,26.250632048717215,29.00698959279429,18.60481830726771,17.61609071274298,40.862388132638145,46.6
Oklahoma City,Oklahoma,OK,OKC,40109,2015,1,0,27.458353950189675,23.497438961303907,24.711060799781684,37.64317880990586,31.265790647746233,15.482907278548874,36.5268489059152,30.422537497565095,9.02538796182066,28.640053335132336,33.71346047149182,17.6053680016775,9.931186256959384,38.910333067286295,43
Tulsa,Tulsa,OK,TUL,40143,2015,1,0,28.647562467237464,22.876712328767123,24.531516183986373,40.256840424606025,30.81694942722605,13.721665171081893,41.54176499351575,31.455024767736038,7.194336373493207,28.288799256541193,33.679830349935294,19.458077181381412,12.636564232280287,41.3152033907984,52.8
Greenville,Greenville,SC,GVL,45045,2015,1,0,16.125115818396754,17.877660547661158,17.39345362098796,42.84425806153206,34.34293599340123,17.652885808774215,42.555195144919956,34.76733583461636,13.212454595733867,30.669559470966846,36.20935937645561,15.476423053014829,13.326589960804148,41.3517448195901,48.4
Nashville,Davidson,TN,NAS,47037,2015,1,1,26.787850307587153,27.897542043984476,27.53536297153534,46.90907403684056,40.088724603162326,19.115486335586247,55.11545089029294,49.11659965537047,17.235305380049777,35.76044724572613,44.2742214012085,24.568131442845583,14.134365465024295,42.98408648505977,40.2
Knoxville,Knox,TN,KNO,47093,2015,1,0,23.965734237343188,19.500887184477133,20.66444479712215,45.904897638538905,37.91001463839724,20.204851705738168,47.98282688227727,39.95756836671623,15.36392642956182,33.41534003852201,37.44396666539823,19.41700044503783,27.47802870174658,44.98753007128827,43.4
Memphis,Shelby,TN,MEM,47157,2015,1,1,38.49022269289859,29.90003155644734,32.35076341724966,36.69372071873171,30.28318645015323,15.23263986647843,36.076886999635214,30.050548288877145,10.286837344688706,27.996477351812942,42.36089369037695,17.934541081745223,11.388240288686054,38.49558844833414,36.8
Richmond,Richmond City,VA,RIC,51760,2015,0,1,28.328008519701807,43.22483841181902,38.22116613010373,46.47239017818479,39.489342592741096,18.687751599813957,50.62422650194325,44.76409666283084,13.214060837657685,34.79759000813106,59.8187433959197,13.879588839941261,11.486661486661486,44.49147913480446,45.1
Birmingham,Jefferson,AL,BIR,1073,2016,1,1,21.696094796981168,21.16564134254434,21.315102614041365,NA,NA,NA,NA,NA,NA,NA,NA,NA,NA,NA,NA
Jacksonville,Duval,FL,JAC,12031,2016,0,1,21.484690743315333,19.362062411445553,19.99777286085706,NA,NA,NA,NA,NA,NA,NA,NA,NA,NA,NA,NA
Indianapolis,Marion,IN,IND,18097,2016,1,1,26.739425024406593,29.198546645006886,28.464492781989552,NA,NA,NA,NA,NA,NA,NA,NA,NA,NA,NA,NA
Louisville,Jefferson,KY,LOU,21111,2016,1,1,22.0043618236577,20.110988160708192,20.65249676246599,NA,NA,NA,NA,NA,NA,NA,NA,NA,NA,NA,NA
Grand Rapids,Kent,MI,GR,26081,2016,1,0,18.136935258500234,13.395483590021595,14.705106681332536,NA,NA,NA,NA,NA,NA,NA,NA,NA,NA,NA,NA
Kansas City,Jackson,MO,KC,29095,2016,1,1,23.28180737217598,25.33349398419884,24.749305936016842,NA,NA,NA,NA,NA,NA,NA,NA,NA,NA,NA,NA
Omaha,Douglas,NE,OMA,31055,2016,1,1,18.006016330038676,15.496206373292868,16.24317871759891,NA,NA,NA,NA,NA,NA,NA,NA,NA,NA,NA,NA
Greensboro,Guilford,NC,GBR,37081,2016,1,1,28.548680618744314,26.22165664044424,26.83257686926253,NA,NA,NA,NA,NA,NA,NA,NA,NA,NA,NA,NA
Charlotte,Mecklenberg,NC,CHA,37119,2016,1,1,18.80492583263364,17.685355814749016,18.00194692646791,NA,NA,NA,NA,NA,NA,NA,NA,NA,NA,NA,NA
Raleigh,Wake,NC,RAL,37183,2016,0,1,13.830881907874826,10.889130597054715,11.655587885096082,NA,NA,NA,NA,NA,NA,NA,NA,NA,NA,NA,NA
Columbus,Franklin,OH,COL,39049,2016,1,1,29.553199755786203,22.12614546683364,24.42287161918624,NA,NA,NA,NA,NA,NA,NA,NA,NA,NA,NA,NA
Cincinnati,Hamilton,OH,CIN,39061,2016,1,1,27.134892831581723,22.057893975279683,23.519682434667548,NA,NA,NA,NA,NA,NA,NA,NA,NA,NA,NA,NA
Dayton,Montgomery,OH,DAY,39113,2016,0,1,26.8476714700971,28.597067088577706,28.113678310205753,NA,NA,NA,NA,NA,NA,NA,NA,NA,NA,NA,NA
Oklahoma City,Oklahoma,OK,OKC,40109,2016,1,0,30.699849674294306,22.80229419219946,25.172031855337874,NA,NA,NA,NA,NA,NA,NA,NA,NA,NA,NA,NA
Tulsa,Tulsa,OK,TUL,40143,2016,1,0,28.247364046025286,23.27268299471194,24.687908395046364,NA,NA,NA,NA,NA,NA,NA,NA,NA,NA,NA,NA
Greenville,Greenville,SC,GVL,45045,2016,1,0,19.600551405764115,12.400182797767943,14.364423455332545,NA,NA,NA,NA,NA,NA,NA,NA,NA,NA,NA,NA
Nashville,Davidson,TN,NAS,47037,2016,1,1,17.39402033430984,24.659902447055916,22.310970599295274,NA,NA,NA,NA,NA,NA,NA,NA,NA,NA,NA,NA
Knoxville,Knox,TN,KNO,47093,2016,1,0,19.757692307692306,16.369681616673386,17.29230382504504,NA,NA,NA,NA,NA,NA,NA,NA,NA,NA,NA,NA
Memphis,Shelby,TN,MEM,47157,2016,1,1,43.630729582131686,30.97190853048485,34.52717927507572,NA,NA,NA,NA,NA,NA,NA,NA,NA,NA,NA,NA
Richmond,Richmond City,VA,RIC,51760,2016,0,1,40.0875979714154,43.928678904604276,42.66629627758978,NA,NA,NA,NA,NA,NA,NA,NA,NA,NA,NA,NA
St. Louis,St. Louis both city and county,MO,STL,MERGED,2005,1,0,21.446803931493246,19.018579580784294,19.578897338403042,45.170861613212885,38.39100974301085,20.074515312657468,47.25300636642301,40.47744986202897,13.500767921895013,32.043016608913305,40.4948609968214,16.314707949625955,30.31670965892806,42.11408562630376,55.20748739882483
St. Louis,St. Louis both city and county,MO,STL,MERGED,2006,1,0,23.203797102511324,19.415832412235385,20.407225445113696,45.38303679159017,38.49751871324247,20.89969645849516,47.86301148091685,39.9417184949341,13.868839631423443,32.272186820844425,41.3408034938674,15.40373603182382,39.2514805543684,41.8364280616525,54.34355456851757
St. Louis,St. Louis both city and county,MO,STL,MERGED,2007,1,0,20.725220782679376,16.635375170210935,17.69266380862992,44.867732244055794,37.920799670986135,20.174126405453823,46.32377604551004,38.73854534233159,12.653455516348464,32.06103390265842,40.94180125958657,14.6827688807211,24.02254110265497,41.165288353729906,52.85135603030589
St. Louis,St. Louis both city and county,MO,STL,MERGED,2008,1,0,22.358387350854606,17.519033854483048,18.774045777073024,45.32967834936327,38.09417236715352,20.788787057798142,45.95254662791808,38.94983149823312,14.541634262480729,32.739546096932415,41.535828829598955,16.535055716981052,28.85678817289245,42.88366660926984,52.87840395605081
St. Louis,St. Louis both city and county,MO,STL,MERGED,2009,1,0,23.013919377762303,21.160082232410954,21.562938607891045,47.289720914523606,39.009380966494575,21.17713553118603,50.90108042299734,41.80019544791968,15.677325311597487,33.023045123956244,42.31748905849075,15.131146756461625,32.45343267695583,44.56272296264266,55.97734639490881
St. Louis,St. Louis both city and county,MO,STL,MERGED,2010,1,0,24.896216555293925,19.005793929979138,20.52313883299799,48.223346660475016,40.11691452129889,21.413988968298014,50.903451770431374,42.25926977710216,15.601178245883657,34.15082826324952,44.05643549181317,16.450044435329506,31.190019193857964,44.28700715195297,60.683912894706296
St. Louis,St. Louis both city and county,MO,STL,MERGED,2011,1,0,24.618628504725308,20.954429913195277,21.945286261432862,47.54310417711744,39.39516060850303,21.414279192194748,49.72809075617444,41.76623970473759,14.455011132220294,33.82389550947504,43.94802177527732,16.514943355203744,24.94224104736234,44.12186530100523,61.12077704306248
St. Louis,St. Louis both city and county,MO,STL,MERGED,2012,1,0,27.639459153554775,23.246344060270683,24.390810737687005,48.87917018371752,41.08193925935158,21.789192220755606,54.04557356473567,45.14780030728615,15.853368245655798,35.29780822314008,45.2922582862019,17.283132939338362,25.28623629719854,44.11992343144343,54.40721411182988
St. Louis,St. Louis both city and county,MO,STL,MERGED,2013,1,0,24.55599847269994,21.94964469080087,22.611821619021875,50.19142754693222,41.970348494131535,22.162961875425278,53.76314820447959,45.18552910349391,15.405879935746572,37.00754951712038,47.70216423410044,16.82468474122067,32.86766452839154,45.06962222819075,56.26412771051475
St. Louis,St. Louis both city and county,MO,STL,MERGED,2014,1,0,19.859921892411407,20.1703957197805,19.9175999659328,50.97047080681504,43.03615900247912,23.234262673721897,55.968554662584516,48.00835565760939,17.98645660585959,36.912505897348204,47.231126090083976,18.283915643689014,34.87268984651183,47.55825337771686,56.55641535820268
St. Louis,St. Louis both city and county,MO,STL,MERGED,2015,1,0,19.61635344241381,19.718017043603194,19.6283411956641,50.79627239980906,42.73864446008864,23.078655536936758,54.38535948267623,46.61063741677904,17.854146978561644,36.8978411012787,47.84775566717143,17.188373508694195,32.55158215100927,45.10114544765592,63.928062912087285
St. Louis,St. Louis both city and county,MO,STL,MERGED,2016,1,0,19.540549250390665,17.330063528371326,17.937647814587123,NA,NA,NA,NA,NA,NA,NA,NA,NA,NA,NA,NA
