city,year,FIPS,baseline,current,burdened_households,commute_time,disconnected_youth,home_ownership,housing_price_index,income_inequality,net_migration_flow,racial_geography,median_household_income,population,migration_pop,ss_est_per_10000,pct_pop_core_county,food_insecure_overall,food_insecure_child,est_food_desert_households,est_food_desert_households_per100000_lowIncTract,violent_crime,injury_deaths,air_pollution,severe_housing_problems,driving_alone_to_work,pop_mpi,pop_ex_mpi,percent_in_mpi,percent_in_ex_mpi,child_per
Birmingham,2005,1073,1,1,NA,NA,NA,NA,124.27,NA,NA,NA,41821,641690,NA,16.160451308264115,NA,NA,NA,NA,NA,NA,NA,NA,NA,NA,NA,NA,NA,NA,25.31554947854521
Birmingham,2006,1073,1,1,NA,NA,NA,NA,131.8,NA,NA,NA,41731,656700,NA,15.882442515608345,NA,NA,NA,NA,NA,NA,NA,NA,NA,NA,NA,NA,NA,NA,20.32092661553927
Birmingham,2007,1073,1,1,NA,NA,NA,NA,134.38,NA,NA,NA,44908,658779,NA,15.240315796344449,NA,NA,NA,NA,NA,NA,NA,NA,NA,NA,NA,NA,NA,NA,22.245694277555977
Birmingham,2008,1073,1,1,NA,NA,NA,NA,135.04,NA,NA,NA,46269,659503,NA,15.40554023256907,NA,NA,NA,NA,NA,NA,NA,NA,NA,NA,NA,NA,NA,NA,19.170430688975127
Birmingham,2009,1073,1,1,NA,23.3109448886596,9.86886920980926,69.1592964863004,130.86,NA,-2868,62.9948784033862,43312,665027,-0.0043126068565637185,15.277575196195041,NA,NA,NA,NA,NA,NA,NA,NA,NA,NA,NA,NA,NA,NA,23.482029026566906
Birmingham,2010,1073,1,1,35.6677912284183,23.3499131642932,10.0508387026616,68.8880689726034,123.11,16.9894006934126,-3101,63.732560308077304,41740,658555,-0.004708794254086599,15.139206292564783,58.334078872426005,NA,NA,NA,NA,NA,NA,NA,NA,NA,NA,NA,NA,NA,28.44040313785265
Birmingham,2011,1073,1,1,36.3845517836387,23.3658081412855,8.86336785998846,67.6476722973183,118.51,17.3201346268066,-437,62.3683817169478,42053,658931,-6.63195387680956e-4,15.115391444627738,58.26828679488211,NA,NA,NA,NA,NA,NA,NA,NA,NA,NA,NA,NA,NA,27.633459657220786
Birmingham,2012,1073,1,1,36.5073517634622,23.3590855969119,8.78964147882991,66.7756512658582,117.08,17.8304771677783,-2485,62.2453723410964,43967,660009,-0.0037651001728764306,15.030098074420197,58.20611208756902,NA,NA,NA,NA,NA,NA,NA,NA,NA,NA,NA,NA,NA,28.042259201915194
Birmingham,2013,1073,1,1,36.2723893748598,23.4414781016678,8.58372793801119,66.2240888347281,116.92,18.3730200356656,-1957,61.9335842052142,45024,659479,-0.0029674940369594787,15.117994659420543,57.92128426862279,18.4,21.8,NA,NA,NA,NA,NA,NA,NA,NA,NA,NA,NA,27.245959737266347
Birmingham,2014,1073,1,1,35.7612192375744,23.3842915339817,8.68843870066364,65.1995671924408,120.33,18.5296363058,NA,61.620448934108,44852,660793,NA,14.679332256848967,57.87418712093013,19.7,23.2,NA,NA,NA,NA,NA,NA,NA,80252,0,12.32520529978299,0,30.323325022545223
Birmingham,2015,1073,1,1,34.7318564033635,23.5814608737671,8.21456258572366,64.6748474268535,125.28,18.8866431397711,NA,60.3674306315914,NA,660367,NA,14.416226128804135,57.681177649261,19.4,22.3,10822.074251476,4.105989441615067,796.8399999999999,82.4,12.9,18,84.89999999999999,NA,NA,NA,NA,26.253143224898984
Charlotte,2005,37119,1,1,NA,NA,NA,NA,114.57,NA,NA,NA,50484,780618,NA,10.72227389068661,NA,NA,NA,NA,NA,NA,NA,NA,NA,NA,NA,NA,NA,NA,15.993879966513024
Charlotte,2006,37119,1,1,NA,NA,NA,NA,123.33,NA,NA,NA,52217,827445,NA,10.490123210606143,NA,NA,NA,NA,NA,NA,NA,NA,NA,NA,NA,NA,NA,NA,14.578690513131539
Charlotte,2007,37119,1,1,NA,NA,NA,NA,132.43,NA,NA,NA,56114,867067,NA,10.21835682824972,NA,NA,NA,NA,NA,NA,NA,NA,NA,NA,NA,NA,NA,NA,13.138992084572418
Charlotte,2008,37119,1,1,NA,NA,NA,NA,135.25,NA,NA,NA,57293,890515,NA,10.016675743811167,NA,NA,NA,NA,NA,NA,NA,NA,NA,NA,NA,NA,NA,NA,13.936342844000357
Charlotte,2009,37119,1,1,NA,24.5890088401647,6.94456982937619,66.5850508147391,129.23,NA,22654,48.7410357630396,53158,913639,0.02479535133679714,9.445743887903209,NA,NA,NA,NA,NA,NA,NA,NA,NA,NA,NA,NA,NA,NA,19.776211513743117
Charlotte,2010,37119,1,1,35.1859577062542,24.714135677334,7.83193567163214,65.3277435424205,118.56,14.6460348162476,21014,52.0419893032157,52363,923427,0.02275653625029374,9.58386531907774,41.53119425902222,NA,NA,NA,NA,NA,NA,NA,NA,NA,NA,NA,NA,NA,21.160727095660643
Charlotte,2011,37119,1,1,36.1234428313566,24.6360126211468,8.2532528276214,64.376056472491,113.59,15.3813294587722,11833,51.4318018197786,52111,944373,0.01253000668168192,9.27599581944846,41.85167491256278,NA,NA,NA,NA,NA,NA,NA,NA,NA,NA,NA,NA,NA,23.680118661851647
Charlotte,2012,37119,1,1,36.4352395358288,24.803933421528,8.12984475986616,63.1020424280116,111.22,15.965178175366,8676,51.8416079957545,55392,969031,0.008953273940668565,9.060597648578838,42.23016052177202,NA,NA,NA,NA,NA,NA,NA,NA,NA,NA,NA,NA,NA,21.769929162925273
Charlotte,2013,37119,1,1,36.4527591914895,24.7062205862657,8.01141261956566,61.6447602093319,116.62,16.6544117647059,8652,51.9856614969624,54657,990977,0.008730777808163056,8.981035886806657,42.44410931903249,17.5,22.2,NA,NA,NA,NA,NA,NA,NA,NA,NA,NA,NA,19.922452451543105
Charlotte,2014,37119,1,1,35.6124862009255,24.9146341463415,7.19405576756113,60.8711479069455,124.84,16.8673961282424,NA,51.4519228944718,59049,1012539,NA,9.076193608344962,42.59057667733108,17.1,20.5,NA,NA,NA,NA,NA,NA,NA,147577,1602,15.325128196607592,0.166359631724221,20.96876965847521
Charlotte,2015,37119,1,1,34.5193869661614,25.2675214008456,6.49412892403547,59.6372640328887,132.13,16.720703125,NA,50.8013703536371,NA,1034070,NA,9.2063399963252,42.648340394854,16.4,19.5,10292.693363968,2.8416134605792722,546.31,43.7,10.7,18.099999999999998,77.3,NA,NA,NA,NA,18.59740488304374
Cincinnati,2005,39061,1,1,NA,NA,NA,NA,117,NA,NA,NA,44033,786982,NA,12.096845925319766,NA,NA,NA,NA,NA,NA,NA,NA,NA,NA,NA,NA,NA,NA,19.671405653592963
Cincinnati,2006,39061,1,1,NA,NA,NA,NA,119.28,NA,NA,NA,44814,822596,NA,11.670370388380201,NA,NA,NA,NA,NA,NA,NA,NA,NA,NA,NA,NA,NA,NA,21.07611497305319
Cincinnati,2007,39061,1,1,NA,NA,NA,NA,118.23,NA,NA,NA,48435,842369,NA,11.277717959706495,NA,NA,NA,NA,NA,NA,NA,NA,NA,NA,NA,NA,NA,NA,18.856582136078224
Cincinnati,2008,39061,1,1,NA,NA,NA,NA,116.02,NA,NA,NA,50285,851494,NA,11.015931997172029,NA,NA,NA,NA,NA,NA,NA,NA,NA,NA,NA,NA,NA,NA,20.095994346345247
Cincinnati,2009,39061,1,1,NA,22.2189875151506,6.80439351282763,67.089647474564,112.97,NA,-2688,58.0661854340247,46509,855062,-0.003143631689865764,10.642503116733055,NA,NA,NA,NA,NA,NA,NA,NA,NA,NA,NA,NA,NA,NA,20.699191102123358
Cincinnati,2010,39061,1,1,36.1205794631444,22.4681928609425,7.24595961672904,65.8204113369407,110.13,18.2249113924051,-2821,58.4425318653559,46359,802252,-0.0035163514706102322,11.2807447036592,37.87979445570566,NA,NA,NA,NA,NA,NA,NA,NA,NA,NA,NA,NA,NA,28.85146940298911
Cincinnati,2011,39061,1,1,36.682476127924,22.5829872080949,7.73369622108238,65.3625578183404,105.59,18.4860759493671,-6848,58.4977254258251,46125,800362,-0.008556128351920756,11.032507790224924,37.7056324167,NA,NA,NA,NA,NA,NA,NA,NA,NA,NA,NA,NA,NA,27.88850850473084
Cincinnati,2012,39061,1,1,37.0534049023513,22.6830154179303,7.93948406284347,64.3541252824334,103.82,19.2015744769008,-6899,56.5370153188305,46952,802038,-0.008601836820699269,11.059326366082406,37.68198195954876,NA,NA,NA,NA,NA,NA,NA,NA,NA,NA,NA,NA,NA,30.48584079009865
Cincinnati,2013,39061,1,1,36.5403689744098,22.6987528681788,7.83188380203964,63.2930434638494,102.99,20.291689181887,-5090,56.1412213498809,47123,804520,-0.006326753840799483,10.950628946452543,37.659575264850936,18.6,23.4,NA,NA,NA,NA,NA,NA,NA,NA,NA,NA,NA,26.066482145090514
Cincinnati,2014,39061,1,1,36.2703823557133,22.7860330641027,7.28216098127119,62.7093042063984,105.94,21.0312224183583,NA,55.6068895544564,48973,806631,NA,10.736011881517076,37.5739245308331,18.6,22.6,NA,NA,NA,NA,NA,NA,NA,91775,2611,11.549182339283579,0.32857439485556444,23.98405899903076
Cincinnati,2015,39061,1,1,35.2134317379976,22.9909180098885,6.67666743595661,62.1186826722179,109.76,21.2471226206286,NA,54.5883093148367,NA,807598,NA,10.673627225426513,37.46872958607993,18.3,21.1,18813.3177249771,5.633657555878094,462.86,75.7,12.5,17.8,79.7,NA,NA,NA,NA,23.05519398099888
Columbus,2005,39049,1,1,NA,NA,NA,NA,118.81,NA,NA,NA,45463,1068080,NA,11.207025690959478,NA,NA,NA,NA,NA,NA,NA,NA,NA,NA,NA,NA,NA,NA,20.142266469810714
Columbus,2006,39049,1,1,NA,NA,NA,NA,120.35,NA,NA,NA,45886,1095662,NA,11.125693872745426,NA,NA,NA,NA,NA,NA,NA,NA,NA,NA,NA,NA,NA,NA,21.630251614629668
Columbus,2007,39049,1,1,NA,NA,NA,NA,119.42,NA,NA,NA,48076,1118107,NA,10.81291862048981,NA,NA,NA,NA,NA,NA,NA,NA,NA,NA,NA,NA,NA,NA,21.528461198351234
Columbus,2008,39049,1,1,NA,NA,NA,NA,117.36,NA,NA,NA,51246,1129067,NA,10.548532549441266,NA,NA,NA,NA,NA,NA,NA,NA,NA,NA,NA,NA,NA,NA,19.593149248514504
Columbus,2009,39049,1,1,NA,20.9734827065592,6.10725340918598,61.1557717272712,114.47,NA,2448,44.9935422198628,47460,1150122,0.0021284698492855542,10.398896812685958,NA,NA,NA,NA,NA,NA,NA,NA,NA,NA,NA,NA,NA,NA,25.802144921582727
Columbus,2010,39049,1,1,36.8109474669138,21.0202779419037,6.15795486121831,59.8253169716603,111.22,15.5248438250841,3895,45.6535428959037,47621,1165897,0.003340775385818816,10.16384809292759,61.15327644771929,NA,NA,NA,NA,NA,NA,NA,NA,NA,NA,NA,NA,NA,25.183747505895155
Columbus,2011,39049,1,1,37.1152654525769,21.2034830919473,6.40993942390901,59.0995378888669,107.69,15.9190037075768,968,45.5054409935225,47174,1178799,8.211747719500949e-4,10.239235018014098,61.20906173199776,NA,NA,NA,NA,NA,NA,NA,NA,NA,NA,NA,NA,NA,26.396702038102877
Columbus,2012,39049,1,1,36.6350263669165,21.3659067948746,6.37014934651188,58.1793210286681,106,16.2166194523135,6820,45.1715102541589,50053,1195537,0.005704549503695829,9.878406105373568,61.42210243584659,NA,NA,NA,NA,NA,NA,NA,NA,NA,NA,NA,NA,NA,25.150565443051935
Columbus,2013,39049,1,1,36.1279508679929,21.450461993792,6.2795334306661,57.3961929491246,108.72,16.2661493876788,5793,44.8217628415502,51456,1212263,0.004778666015542832,9.973083398569452,61.532351025798896,17.9,22.9,NA,NA,NA,NA,NA,NA,NA,NA,NA,NA,NA,25.52679940371017
Columbus,2014,39049,1,1,35.4251626239994,21.5063994789805,6.32118630698848,56.6873514542765,114.56,16.1779382197039,NA,45.2172077218492,53164,1231393,NA,9.858753460511794,61.668041359989864,17.9,21.8,NA,NA,NA,NA,NA,NA,NA,127530,692,10.717536235659738,0.058155218968686105,24.219904646318522
Columbus,2015,39049,1,1,34.188248077137,21.581171461569,5.59052261290679,56.2480400654755,120.35,16.2274970833707,NA,44.3872737083367,NA,1251722,NA,9.738584126507323,61.96201854917273,17.4,20.4,17250.675669079,3.614713017502698,429.31,65.7,12.3,17.5,81.39999999999999,NA,NA,NA,NA,24.60160350103424
Dayton,2005,39113,1,0,NA,NA,NA,NA,112.6,NA,NA,NA,41249,531864,NA,11.506700961147963,NA,NA,NA,NA,NA,NA,NA,NA,NA,NA,NA,NA,NA,NA,23.698688766974048
Dayton,2006,39113,1,0,NA,NA,NA,NA,113.43,NA,NA,NA,41450,542237,NA,11.249693399749557,NA,NA,NA,NA,NA,NA,NA,NA,NA,NA,NA,NA,NA,NA,21.207692064595644
Dayton,2007,39113,1,0,NA,NA,NA,NA,112.14,NA,NA,NA,44131,538104,NA,11.410433670814564,NA,NA,NA,NA,NA,NA,NA,NA,NA,NA,NA,NA,NA,NA,22.896344904309693
Dayton,2008,39113,1,0,NA,NA,NA,NA,110.07,NA,NA,NA,45237,534626,NA,11.278912735257919,NA,NA,NA,NA,NA,NA,NA,NA,NA,NA,NA,NA,NA,NA,20.839279452658015
Dayton,2009,39113,1,0,NA,20.6946676125194,8.40658025240261,66.9402458001328,105.36,NA,-5698,61.337040446663,41611,532562,-0.01069922375235184,11.078522312895023,NA,NA,NA,NA,NA,NA,NA,NA,NA,NA,NA,NA,NA,NA,21.510695412875013
Dayton,2010,39113,1,0,35.2169271441859,20.8124570851129,8.52199277403958,66.7925667375452,101.38,14.0772446744973,-3053,60.2540363164153,40885,535059,-0.005705912805877482,10.914684175016212,66.85671873418576,NA,NA,NA,NA,NA,NA,NA,NA,NA,NA,NA,NA,NA,27.19203828511815
Dayton,2011,39113,1,0,35.6782396671825,21.0883699855268,6.1021460655465,66.0357351558237,96.76,14.3091358024691,1849,57.3824641116465,41001,537602,0.003439347323856682,10.99326267387398,67.09022203586119,NA,NA,NA,NA,NA,NA,NA,NA,NA,NA,NA,NA,NA,27.691510522005114
Dayton,2012,39113,1,0,36.1414034197106,21.2018463185122,5.85660117200965,64.4154841313264,94.39,14.4378089377585,2910,56.943802115525,42859,534325,0.005446123613905395,11.079399242034343,66.60612603089442,NA,NA,NA,NA,NA,NA,NA,NA,NA,NA,NA,NA,NA,27.736155805846067
Dayton,2013,39113,1,0,35.8121013953187,21.2706829390322,5.85565295727799,63.4697950753092,93.59,14.6460793218286,2349,56.0224109847782,43103,535846,0.004383722188837837,10.935977874239986,66.87141523608899,18.5,25.1,NA,NA,NA,NA,NA,NA,NA,NA,NA,NA,NA,29.283504893260993
Dayton,2014,39113,1,0,35.4293598029593,21.3881499665253,6.07322955492217,63.1559092043483,94.65,14.8504225638937,NA,56.2656326819511,42994,533116,NA,10.898191012837732,66.57741655905868,18.4,24.5,NA,NA,NA,NA,NA,NA,NA,NA,NA,NA,NA,30.457927683196385
Dayton,2015,39113,1,0,34.1771565013793,21.384570781066,5.60014795635288,62.6200644992591,97.02,15.5679280397022,NA,55.0749281375286,NA,532258,NA,10.840607374619076,66.54888722180546,18,22.9,11429.821721725,5.103897742606377,NA,NA,NA,NA,NA,NA,NA,NA,NA,27.59647715441465
Grand Rapids,2005,26081,0,1,NA,NA,NA,NA,117.09,NA,NA,NA,46637,584007,NA,12.73957332703204,NA,NA,NA,NA,NA,NA,NA,NA,NA,NA,NA,NA,NA,NA,16.74706375838926
Grand Rapids,2006,26081,0,1,NA,NA,NA,NA,115.85,NA,NA,NA,47012,599524,NA,12.509924540135174,NA,NA,NA,NA,NA,NA,NA,NA,NA,NA,NA,NA,NA,NA,16.929895594444066
Grand Rapids,2007,26081,0,1,NA,NA,NA,NA,112.88,NA,NA,NA,49703,604330,NA,12.609005013816954,NA,NA,NA,NA,NA,NA,NA,NA,NA,NA,NA,NA,NA,NA,18.60290589668196
Grand Rapids,2008,26081,0,1,NA,NA,NA,NA,107.32,NA,NA,NA,50746,605213,NA,12.491469945291989,NA,NA,NA,NA,NA,NA,NA,NA,NA,NA,NA,NA,NA,NA,19.239829295876735
Grand Rapids,2009,26081,0,1,NA,20.4830347787941,7.39219122590284,76.0179182813659,99.61,NA,957,52.4562391988989,47684,608315,0.0015731980963809868,12.378455241116855,NA,NA,NA,NA,NA,NA,NA,NA,NA,NA,NA,NA,NA,NA,21.00681058853765
Grand Rapids,2010,26081,0,1,34.5715578776622,20.5319220242417,7.44321329639889,74.8977325753679,95.19,12.5616360383802,810,51.306519559795,47897,603219,0.0013427958999965186,12.51618400614039,60.95935194327078,NA,NA,NA,NA,NA,NA,NA,NA,NA,NA,NA,NA,NA,23.955846489539212
Grand Rapids,2011,26081,0,1,34.1769944739525,20.7421549207673,7.83455397480147,74.2262277863423,92.35,12.6852589641434,-2267,51.0555109166373,50651,608453,-0.003725842423326042,12.424953118811148,61.04938810443312,NA,NA,NA,NA,NA,NA,NA,NA,NA,NA,NA,NA,NA,19.906763825398777
Grand Rapids,2012,26081,0,1,33.4363778298205,20.9445508964247,7.45735819119397,73.2493803712384,91.89,12.9380367605747,-1983,50.7191793347558,50674,614462,-0.0032272133996894842,12.352269139507406,60.99738126862545,NA,NA,NA,NA,NA,NA,NA,NA,NA,NA,NA,NA,NA,24.451626167743925
Grand Rapids,2013,26081,0,1,32.2209287859669,21.0867940505117,6.24300995096212,72.874626526479,95.94,12.8246783809225,-2550,50.2708622775486,51997,621700,-0.004101656747627473,12.337140099726556,61.026905041664584,13.3,18.2,NA,NA,NA,NA,NA,NA,NA,NA,NA,NA,NA,18.200519775322924
Grand Rapids,2014,26081,0,1,31.1565449467991,21.0540841236579,5.70170355777031,71.8698557500616,104.28,12.9467314215233,NA,49.6385471146827,53342,629237,NA,12.173473587853225,61.13014164416033,12.6,16.1,NA,NA,NA,NA,NA,NA,NA,66312,5863,10.8481452701321,0.9591427753466116,20.772051702542516
Grand Rapids,2015,26081,0,1,29.8001253874516,21.2307118272896,5.5528026350307496,71.4083788968668,110.28,13.411321335179201,NA,49.0945066849973,NA,636369,NA,12.005613095546765,61.2873277173018,11.8,14.4,5430.918109757,2.389958638154982,378.22999999999996,57.3,10.7,15.1,81.6,NA,NA,NA,NA,20.18618387262455
Greensboro,2005,37081,1,1,NA,NA,NA,NA,111.88,NA,NA,NA,42539,429603,NA,14.012937526041485,NA,NA,NA,NA,NA,NA,NA,NA,NA,NA,NA,NA,NA,NA,22.110040668434312
Greensboro,2006,37081,1,1,NA,NA,NA,NA,115.85,NA,NA,NA,44488,451905,NA,13.675440634646662,NA,NA,NA,NA,NA,NA,NA,NA,NA,NA,NA,NA,NA,NA,21.16093540276386
Greensboro,2007,37081,1,1,NA,NA,NA,NA,118.53,NA,NA,NA,46510,465931,NA,13.757401847054606,NA,NA,NA,NA,NA,NA,NA,NA,NA,NA,NA,NA,NA,NA,21.469245697313156
Greensboro,2008,37081,1,1,NA,NA,NA,NA,118.12,NA,NA,NA,47836,472216,NA,13.51076625950836,NA,NA,NA,NA,NA,NA,NA,NA,NA,NA,NA,NA,NA,NA,18.76281244380507
Greensboro,2009,37081,1,1,NA,21.046700079629,7.57772247730539,65.4971700683919,116.02,NA,4537,48.1865989413504,44386,480362,0.009444960259137901,12.906932688264266,NA,NA,NA,NA,NA,NA,NA,NA,NA,NA,NA,NA,NA,NA,22.4594869077582
Greensboro,2010,37081,1,1,35.4931056129186,20.7089277157286,8.90910908909109,64.8391627214375,111.09,15.3000464900046,5991,48.8933703528646,42415,489681,0.01223449551851103,12.579618159577358,67.52963241327477,NA,NA,NA,NA,NA,NA,NA,NA,NA,NA,NA,NA,NA,27.061878433519986
Greensboro,2011,37081,1,1,35.4363343311075,20.842551936713,9.45647516398036,64.7899496801123,107.64,15.5390762940247,3002,48.6556379695598,44229,495279,0.006061230134934047,12.074002733812659,67.83082797383616,NA,NA,NA,NA,NA,NA,NA,NA,NA,NA,NA,NA,NA,23.612493065767346
Greensboro,2012,37081,1,1,35.788019657325,20.9907229246839,9.29358307999085,64.4737229996926,105.22,15.4145749743398,2475,48.9348820584388,43299,500879,0.0049413131714446,11.939011218278267,68.07493041360414,NA,NA,NA,NA,NA,NA,NA,NA,NA,NA,NA,NA,NA,24.700583028940713
Greensboro,2013,37081,1,1,36.0806976988547,21.0969459685583,9.412110139632,63.0252503274193,106.45,16.0476281378257,793,48.1345213544008,46093,506610,0.001565306646138055,11.942125106097393,68.3675906770363,19.2,24,NA,NA,NA,NA,NA,NA,NA,NA,NA,NA,NA,27.774465099964925
Greensboro,2014,37081,1,1,35.8662297810371,21.3299972876431,8.92257001647446,61.942300480898,107.82,15.6597065462754,NA,47.8854136841294,44828,512119,NA,11.637920092790933,68.57475321503367,19,23,NA,NA,NA,NA,NA,NA,NA,64677,0,13.006571961774831,0,25.507546791851382
Greensboro,2015,37081,1,1,35.004481842063,21.3154813766064,8.14131105983295,61.5993853064602,109.33,15.9320586597364,NA,47.2438457164194,NA,517600,NA,11.34080370942813,68.85029583280127,18.5,21.7,6832.283066707,3.4747254036591944,419.06,60.1,9.6,17.5,82,NA,NA,NA,NA,23.187433329892297
Greenville,2005,45045,0,1,NA,NA,NA,NA,113.54,NA,NA,NA,42714,396399,NA,14.202861258479462,NA,NA,NA,NA,NA,NA,NA,NA,NA,NA,NA,NA,NA,NA,18.75290544519168
Greenville,2006,45045,0,1,NA,NA,NA,NA,117.92,NA,NA,NA,42276,417166,NA,13.63965423836075,NA,NA,NA,NA,NA,NA,NA,NA,NA,NA,NA,NA,NA,NA,19.712468065921957
Greenville,2007,45045,0,1,NA,NA,NA,NA,122.91,NA,NA,NA,47867,428243,NA,13.4503074189187,NA,NA,NA,NA,NA,NA,NA,NA,NA,NA,NA,NA,NA,NA,16.13940705221917
Greenville,2008,45045,0,1,NA,NA,NA,NA,125.67,NA,NA,NA,48147,438119,NA,13.900333014546277,NA,NA,NA,NA,NA,NA,NA,NA,NA,NA,NA,NA,NA,NA,19.464235094018708
Greenville,2009,45045,0,1,NA,21.1981499766149,6.37164429530201,69.9793283763052,124.48,NA,7425,37.6666044915113,45917,451428,0.01644780563013371,13.579131112824193,NA,NA,NA,NA,NA,NA,NA,NA,NA,NA,NA,NA,NA,NA,22.449370203612897
Greenville,2010,45045,0,1,30.4753665972995,21.2680268680053,6.05506079459965,70.1128657522614,120.89,15.0930967202453,6933,37.6276378733477,45666,452859,0.015309400939365232,13.403730520978936,54.83882295955437,NA,NA,NA,NA,NA,NA,NA,NA,NA,NA,NA,NA,NA,21.30479762058709
Greenville,2011,45045,0,1,30.669878193098,21.4484781530184,7.51563251563252,69.8097475585038,117.16,15.1183874498358,5371,36.9930275485595,48480,461299,0.011643207550850966,13.093459990158227,55.34574066031103,NA,NA,NA,NA,NA,NA,NA,NA,NA,NA,NA,NA,NA,25.776793382452652
Greenville,2012,45045,0,1,30.8340418953389,21.5101882112561,7.05315947843531,69.5310889456241,117.16,15.6288650334893,3842,36.1581902969912,47044,467605,0.008216336437805413,13.259054116187809,55.55905403285981,NA,NA,NA,NA,NA,NA,NA,NA,NA,NA,NA,NA,NA,24.406125757342487
Greenville,2013,45045,0,1,30.2532005352977,21.4684354292073,7.58542693270862,69.0805002878038,119.65,15.579533017147,4571,35.9663392263191,49476,474266,0.009638051220201322,12.861980407619354,55.8381085030005,13.5,22.3,NA,NA,NA,NA,NA,NA,NA,NA,NA,NA,NA,26.838483943982038
Greenville,2014,45045,0,1,29.6465296007235,21.5654506700639,6.96683785182531,68.5882290943903,125.42,15.7065207641941,NA,35.5727981911202,49659,482752,NA,12.656602147686597,56.06100898946603,12.9,20.5,NA,NA,NA,NA,NA,NA,NA,57751,0,12.483787569605369,0,22.05089565225191
Greenville,2015,45045,0,1,28.4036120200257,21.8025179371766,6.76679715586802,67.862247343354,131.42,15.6361772309887,NA,35.1526146470014,NA,491863,NA,12.401827338100244,56.326790963673986,12.2,19.1,5484.276607471,3.106693219588061,590.49,76.3,10.2,14.2,84.39999999999999,NA,NA,NA,NA,17.39345362098796
Indianapolis,2005,18097,1,1,NA,NA,NA,NA,111.56,NA,NA,NA,42129,844187,NA,13.646265578598108,NA,NA,NA,NA,NA,NA,NA,NA,NA,NA,NA,NA,NA,NA,21.44533352153929
Indianapolis,2006,18097,1,1,NA,NA,NA,NA,112.21,NA,NA,NA,42072,865504,NA,13.194624172736347,NA,NA,NA,NA,NA,NA,NA,NA,NA,NA,NA,NA,NA,NA,23.18405714361582
Indianapolis,2007,18097,1,1,NA,NA,NA,NA,112.67,NA,NA,NA,45160,876804,NA,12.762259296262334,NA,NA,NA,NA,NA,NA,NA,NA,NA,NA,NA,NA,NA,NA,22.704913331774527
Indianapolis,2008,18097,1,1,NA,NA,NA,NA,109.99,NA,NA,NA,43823,880380,NA,12.460528408187374,NA,NA,NA,NA,NA,NA,NA,NA,NA,NA,NA,NA,NA,NA,23.741445926932645
Indianapolis,2009,18097,1,1,NA,22.0994663519003,10.7193599860106,62.4245196493335,108.1,NA,-3503,49.3046236932624,41201,890879,-0.0039320715832340866,12.04428435286947,NA,NA,NA,NA,NA,NA,NA,NA,NA,NA,NA,NA,NA,NA,28.478427991841343
Indianapolis,2010,18097,1,1,36.5862831223265,22.2361682025105,11.0723748431181,61.7618817360775,105.25,13.8220490186872,-4233,48.8753517665125,39393,904878,-0.004677978688839821,12.112130032998923,47.81005699938499,NA,NA,NA,NA,NA,NA,NA,NA,NA,NA,NA,NA,NA,30.75317035974619
Indianapolis,2011,18097,1,1,36.9502799307222,22.497102700037,10.7722000039794,60.7358160959203,102.71,14.2970562853581,-6627,47.7339058840117,39957,911296,-0.007272060889107381,12.15850832221364,47.7031659693239,NA,NA,NA,NA,NA,NA,NA,NA,NA,NA,NA,NA,NA,32.4289689349709
Indianapolis,2012,18097,1,1,37.2562296469508,22.7025208631673,10.3433554918583,59.3963091136985,101.8,14.7200916425939,-6511,47.5576818797848,41586,918977,-0.007085052183025255,11.882778350274272,47.64096167683793,NA,NA,NA,NA,NA,NA,NA,NA,NA,NA,NA,NA,NA,32.82073678034664
Indianapolis,2013,18097,1,1,37.1471234332151,22.7089652035704,9.92876780804799,58.0773976694714,103.4,15.4499843863849,-8412,47.0303687792816,41478,928281,-0.009061911210075397,11.828314917573449,47.529982698793624,18.7,22.6,NA,NA,NA,NA,NA,NA,NA,NA,NA,NA,NA,30.359006238760237
Indianapolis,2014,18097,1,1,37.0201861130995,22.8267826623507,8.99346628517744,57.7652010479049,107.25,15.9263292761051,NA,46.6250575946552,42700,934243,NA,11.81705402127712,47.39799904619849,19.4,22.2,NA,NA,NA,NA,NA,NA,NA,112168,0,12.335005229026983,0,32.33027555367022
Indianapolis,2015,18097,1,1,36.6121619081791,23.0783060039727,8.47097945699971,56.5324997746049,111.07,16.3963533752985,NA,46.2790149908409,NA,939020,NA,11.565248876488255,47.26907359622903,18.6,20.3,17478.064475443,4.77313217563221,1196.71,77,12.3,18.5,81.89999999999999,NA,NA,NA,NA,32.170613713367565
Jacksonville,2005,12031,1,0,NA,NA,NA,NA,162.08,NA,NA,NA,44694,810698,NA,10.632812712008663,NA,NA,NA,NA,NA,NA,NA,NA,NA,NA,NA,NA,NA,NA,15.413963782509851
Jacksonville,2006,12031,1,0,NA,NA,NA,NA,185.99,NA,NA,NA,45770,837964,NA,10.489710775164564,NA,NA,NA,NA,NA,NA,NA,NA,NA,NA,NA,NA,NA,NA,18.81360415419526
Jacksonville,2007,12031,1,0,NA,NA,NA,NA,188.58,NA,NA,NA,49175,849159,NA,10.257207425228962,NA,NA,NA,NA,NA,NA,NA,NA,NA,NA,NA,NA,NA,NA,18.74178621008792
Jacksonville,2008,12031,1,0,NA,NA,NA,NA,173.57,NA,NA,NA,50660,850962,NA,9.941689523151444,NA,NA,NA,NA,NA,NA,NA,NA,NA,NA,NA,NA,NA,NA,15.972024976369301
Jacksonville,2009,12031,1,0,NA,23.6623943208794,11.0505836575875,65.7075562009833,151.84,NA,4626,40.4377544162412,47002,857040,0.005397647717726127,9.742835806963502,NA,NA,NA,NA,NA,NA,NA,NA,NA,NA,NA,NA,NA,NA,23.152020290023426
Jacksonville,2010,12031,1,0,39.5643016527244,23.3980619293852,11.1564824267172,65.4844752309285,133.85,13.7914608327452,4226,39.5937119446799,46112,865876,0.004880606460971317,9.747354124609068,64.17999061622356,NA,NA,NA,NA,NA,NA,NA,NA,NA,NA,NA,NA,NA,23.450905624404193
Jacksonville,2011,12031,1,0,40.936450887917,23.4599350022851,11.9018949236327,65.2203950603825,122.37,14.0403415526706,-3610,40.1096613381884,45995,870709,-0.004146046497739198,9.383157863304502,63.922137225248505,NA,NA,NA,NA,NA,NA,NA,NA,NA,NA,NA,NA,NA,25.909034205733388
Jacksonville,2012,12031,1,0,41.6820127374993,23.442072865,11.2610286206155,64.3870790009042,117.11,14.8594852065586,-2648,39.1186203198379,43835,879602,-0.0030104524546328906,9.151866412309204,63.779437921415735,NA,NA,NA,NA,NA,NA,NA,NA,NA,NA,NA,NA,NA,27.090013255633643
Jacksonville,2013,12031,1,0,41.237297256708,23.6114665315779,10.9416504338587,63.5455065519093,123.38,15.3631436314363,-3659,39.8683669055887,47876,885855,-0.004130472820043913,9.121131562163107,63.4856306208492,19.4,24.6,NA,NA,NA,NA,NA,NA,NA,NA,NA,NA,NA,25.86068089645664
Jacksonville,2014,12031,1,0,41.0241712343411,23.4937256474903,10.1586730795163,62.0947289530532,133.17,15.9104320337197,NA,38.6166426549765,46013,897698,NA,9.145614672194881,63.22863290755865,20.1,25,NA,NA,NA,NA,NA,NA,NA,NA,NA,NA,NA,27.533836088498227
Jacksonville,2015,12031,1,0,39.7737824180337,23.9564585617049,9.58034943665586,60.7706376123842,140.45,16.1847794753531,NA,38.8896645708327,NA,913010,NA,8.992234477168925,63.052480083093,20,23.2,13371.313774149,3.9046032338002634,NA,NA,NA,NA,NA,NA,NA,NA,NA,25.581281702942814
Kansas City,2005,29095,1,1,NA,NA,NA,NA,125.36,NA,NA,NA,43284,651181,NA,12.669288569537501,NA,NA,NA,NA,NA,NA,NA,NA,NA,NA,NA,NA,NA,NA,20.627214437211126
Kansas City,2006,29095,1,1,NA,NA,NA,NA,128.39,NA,NA,NA,44187,664078,NA,12.378064022599755,NA,NA,NA,NA,NA,NA,NA,NA,NA,NA,NA,NA,NA,NA,24.379492663221054
Kansas City,2007,29095,1,1,NA,NA,NA,NA,128.19,NA,NA,NA,44356,666890,NA,12.055961252980252,NA,NA,NA,NA,NA,NA,NA,NA,NA,NA,NA,NA,NA,NA,22.663317189821132
Kansas City,2008,29095,1,1,NA,NA,NA,NA,123.81,NA,NA,NA,47284,668417,NA,11.908733619881001,NA,NA,NA,NA,NA,NA,NA,NA,NA,NA,NA,NA,NA,NA,20.82137949323754
Kansas City,2009,29095,1,1,NA,22.6906408204436,12.0005627462015,67.7645934024682,119.67,NA,-4692,58.6637299020232,45798,705708,-0.006648642214627013,11.066900191013847,NA,NA,NA,NA,NA,NA,NA,NA,NA,NA,NA,NA,NA,NA,23.765656945456254
Kansas City,2010,29095,1,1,35.0521445636922,22.7430813605157,12.0307427651841,66.3201801952115,116.23,14.1714341311539,-7469,57.7107251948098,44620,675259,-0.01106094106113358,11.684405539207917,33.53266442704725,NA,NA,NA,NA,NA,NA,NA,NA,NA,NA,NA,NA,NA,25.3847285747569
Kansas City,2011,29095,1,1,35.5485456842362,22.89340302788,12.0793812104788,65.5157258535062,110.41,14.8428120063191,-9449,55.5481914724885,44508,676360,-0.013970370808445206,11.458394937607192,33.404419877496714,NA,NA,NA,NA,NA,NA,NA,NA,NA,NA,NA,NA,NA,29.033422767821015
Kansas City,2012,29095,1,1,35.6263083774217,22.8527937259055,11.7857345514385,64.6128339629821,108.3,15.267262791853,-7731,55.3807093066218,44634,677377,-0.011413142164555336,11.441191537356596,33.22633573276761,NA,NA,NA,NA,NA,NA,NA,NA,NA,NA,NA,NA,NA,29.06390099529203
Kansas City,2013,29095,1,1,35.8824489424124,22.7522373563351,11.0399196882013,63.689233656778804,109.42,15.3606866441754,-6479,53.9196627544153,46802,679996,-0.00952799722351308,11.338301990011706,33.10971162245358,18.4,21.1,NA,NA,NA,NA,NA,NA,NA,NA,NA,NA,NA,24.83913284052547
Kansas City,2014,29095,1,1,35.4755959654222,22.775002795078,10.3434757697295,63.127381298544,112.82,15.7606084867894,NA,53.2031961089173,46185,683191,NA,11.241365884503749,33.015337449995506,19,20.7,NA,NA,NA,NA,NA,NA,NA,80614,0,11.999505813390968,0,23.858601007690925
Kansas City,2015,29095,1,1,34.6484608754888,22.9768440922331,9.81045551819016,61.9303065204499,118.32,16.0125489408694,NA,52.8648207594106,NA,687623,NA,11.183453723915576,32.98800075223175,17.9,19.5,12726.878318022,4.631256574875912,822.54,80.2,10.9,17.599999999999998,81.89999999999999,NA,NA,NA,NA,27.073060854217708
Knoxville,2005,47093,0,1,NA,NA,NA,NA,125.3,NA,NA,NA,42089,392382,NA,14.067923605058336,NA,NA,NA,NA,NA,NA,NA,NA,NA,NA,NA,NA,NA,NA,19.177287842747422
Knoxville,2006,47093,0,1,NA,NA,NA,NA,135.12,NA,NA,NA,44120,411967,NA,13.059298438952634,NA,NA,NA,NA,NA,NA,NA,NA,NA,NA,NA,NA,NA,NA,15.811311048234675
Knoxville,2007,47093,0,1,NA,NA,NA,NA,141.17,NA,NA,NA,45157,423874,NA,13.140697471418392,NA,NA,NA,NA,NA,NA,NA,NA,NA,NA,NA,NA,NA,NA,15.287721084383021
Knoxville,2008,47093,0,1,NA,NA,NA,NA,141.31,NA,NA,NA,45922,430019,NA,12.9761708203591,NA,NA,NA,NA,NA,NA,NA,NA,NA,NA,NA,NA,NA,NA,18.151228290615585
Knoxville,2009,47093,0,1,NA,20.775074060547,6.96979110041159,71.3845726834922,138.63,NA,3169,38.1759204460201,45380,435725,0.007272935911412015,12.301336852372483,NA,NA,NA,NA,NA,NA,NA,NA,NA,NA,NA,NA,NA,NA,19.008549217219027
Knoxville,2010,47093,0,1,30.6315691455309,20.8824766935512,6.04035051966578,71.5651050553308,135.01,16.0624632856863,1288,39.557502898746,44074,433108,0.00297385409643784,12.514199691531903,51.63073086354409,NA,NA,NA,NA,NA,NA,NA,NA,NA,NA,NA,NA,NA,15.373321473352553
Knoxville,2011,47093,0,1,31.1093862296967,20.9543403971317,6.70736704089158,70.851555666625,131.88,15.6771616977803,-350,38.5340281339583,45149,436929,-8.010454787848826e-4,12.450535441685034,51.83356941014015,NA,NA,NA,NA,NA,NA,NA,NA,NA,NA,NA,NA,NA,19.12289156626506
Knoxville,2012,47093,0,1,31.6192553926636,21.1711217351214,7.84346239946936,69.9538684216155,131.28,15.8189783743475,-320,38.2571904595396,46325,441311,-7.25112222446302e-4,12.326907781587135,52.06582806553076,NA,NA,NA,NA,NA,NA,NA,NA,NA,NA,NA,NA,NA,20.845091742623286
Knoxville,2013,47093,0,1,31.5755461512067,21.3860166167092,8.75458909912454,69.2230374675452,132.86,15.7288151221761,-739,38.4518815741038,49105,444622,-0.0016620859966443406,12.392549176603946,52.197259720759654,14.9,22,NA,NA,NA,NA,NA,NA,NA,NA,NA,NA,NA,20.657517301683782
Knoxville,2014,47093,0,1,30.9663490601341,21.3836795610094,8.63920303760258,67.9659185583298,137.23,16.27734082397,NA,38.8346094853452,47199,448644,NA,11.991690516311374,52.38548949824153,14.4,20.7,NA,NA,NA,NA,NA,NA,NA,50142,2902,11.522605374550167,0.6668780821854849,24.292447889389337
Knoxville,2015,47093,0,1,29.8520177049218,21.5957410091806,7.2025853362957,66.9862101495519,140.19,16.2146761790049,NA,38.7181885143483,NA,451324,NA,12.097739096524892,52.408296164864275,14,19.4,4857.6070631,2.740555412498801,488.69,77.9,11.4,14.299999999999999,84.89999999999999,NA,NA,NA,NA,20.66444479712215
Louisville,2005,21111,1,1,NA,NA,NA,NA,120.11,NA,NA,NA,40973,687032,NA,12.051840380069633,NA,NA,NA,NA,NA,NA,NA,NA,NA,NA,NA,NA,NA,NA,19.19590643274854
Louisville,2006,21111,1,1,NA,NA,NA,NA,123.34,NA,NA,NA,43523,701500,NA,11.789023521026373,NA,NA,NA,NA,NA,NA,NA,NA,NA,NA,NA,NA,NA,NA,22.75291236071646
Louisville,2007,21111,1,1,NA,NA,NA,NA,125.52,NA,NA,NA,43677,709264,NA,11.448487446141353,NA,NA,NA,NA,NA,NA,NA,NA,NA,NA,NA,NA,NA,NA,21.557909121967885
Louisville,2008,21111,1,1,NA,NA,NA,NA,126.44,NA,NA,NA,46745,713877,NA,10.898235970622391,NA,NA,NA,NA,NA,NA,NA,NA,NA,NA,NA,NA,NA,NA,23.133497560282343
Louisville,2009,21111,1,1,NA,21.1062239791152,8.6283185840708,68.3116510769451,123.94,NA,8423,49.0041394726431,44516,721594,0.011672768897745824,10.6015293918741,NA,NA,NA,NA,NA,NA,NA,NA,NA,NA,NA,NA,NA,NA,22.54651323664756
Louisville,2010,21111,1,1,32.1321701303986,21.3467233379721,8.69529896013865,67.3308376267591,122.33,15.4271464893409,9129,47.6786268634213,42535,742172,0.012300383199581768,10.442323342836971,59.9576031564967,NA,NA,NA,NA,NA,NA,NA,NA,NA,NA,NA,NA,NA,25.29605048158337
Louisville,2011,21111,1,1,32.0322523407856,21.5618487465819,9.03851824054467,66.8913960360121,120.06,15.7913209346686,4328,47.9902915285775,45407,746906,0.0057945712044085865,9.934315697022114,60.0105734743987,NA,NA,NA,NA,NA,NA,NA,NA,NA,NA,NA,NA,NA,27.52982213862235
Louisville,2012,21111,1,1,32.1956880684279,21.7546453210259,9.30270402213121,65.6663774385574,119.67,15.9582377675841,1658,47.0644148198529,45913,750828,0.002208228782091238,9.962334915586526,59.94036523301068,NA,NA,NA,NA,NA,NA,NA,NA,NA,NA,NA,NA,NA,26.87332396129901
Louisville,2013,21111,1,1,32.1216911641048,21.8304712095206,8.63189057317508,65.0840590954291,121.44,16.3064546839299,356,47.3192810045346,47495,756832,4.703818020379688e-4,10.028645723225234,59.91249409252004,17.2,19.6,NA,NA,NA,NA,NA,NA,NA,NA,NA,NA,NA,22.44776154682551
Louisville,2014,21111,1,1,31.6378658874502,21.9499215906737,7.89839750723347,64.5372498519352,124.67,16.6385291615465,NA,46.610695110644,48264,760026,NA,10.039130240281253,59.803081484419074,17.2,18.6,NA,NA,NA,NA,NA,NA,NA,107861,5461,14.51959642734548,0.7351268400045768,24.35876907384015
Louisville,2015,21111,1,1,30.9458612495517,22.0520180679003,7.07186330895081,64.0394394732399,129.92,16.6704301576934,NA,46.7441972012823,NA,763623,NA,10.083509794754741,59.77091116584989,16.1,17,11017.321344236,3.563458023525835,562.4599999999999,79.7,11.3,15.8,82,NA,NA,NA,NA,22.43277515080409
Memphis,2005,47157,1,1,NA,NA,NA,NA,111.55,NA,NA,NA,40917,889955,NA,9.989269120348782,NA,NA,NA,NA,NA,NA,NA,NA,NA,NA,NA,NA,NA,NA,26.706114563733358
Memphis,2006,47157,1,1,NA,NA,NA,NA,115.82,NA,NA,NA,41274,911438,NA,9.830619307073,NA,NA,NA,NA,NA,NA,NA,NA,NA,NA,NA,NA,NA,NA,27.671811298776937
Memphis,2007,47157,1,1,NA,NA,NA,NA,117.46,NA,NA,NA,44373,910100,NA,9.932974398417755,NA,NA,NA,NA,NA,NA,NA,NA,NA,NA,NA,NA,NA,NA,30.589489419577763
Memphis,2008,47157,1,1,NA,NA,NA,NA,114.72,NA,NA,NA,45722,906825,NA,9.70418768781187,NA,NA,NA,NA,NA,NA,NA,NA,NA,NA,NA,NA,NA,NA,27.735371063350666
Memphis,2009,47157,1,1,NA,22.3214705117294,10.8950140514787,63.5531480381791,110.17,NA,-2527,63.7605916739668,41880,920232,-0.002746046649105878,9.432404002468942,NA,NA,NA,NA,NA,NA,NA,NA,NA,NA,NA,NA,NA,NA,32.0339560501959
Memphis,2010,47157,1,1,40.7759814123128,22.392056137101,11.0481136074608,62.9856508161896,104.99,18.2215657311669,-2954,64.1698739375501,43859,929030,-0.0031796605061192858,9.332314349375155,70.041518426959,NA,NA,NA,NA,NA,NA,NA,NA,NA,NA,NA,NA,NA,29.934005675762656
Memphis,2011,47157,1,1,41.2071874165595,22.3373890515768,10.8367819316827,62.1049648643255,100.02,18.5858724301529,-5638,63.58517962611,44051,935088,-0.006029379053094468,9.047276833838099,70.19326478311197,NA,NA,NA,NA,NA,NA,NA,NA,NA,NA,NA,NA,NA,31.65676534704541
Memphis,2012,47157,1,1,41.271749465537,22.366882822648,10.8533916849015,61.0334790854494,98.06,18.2946819603754,-4558,63.8761091720942,44382,940764,-0.004844998320513965,8.950172413060024,70.2125563483297,NA,NA,NA,NA,NA,NA,NA,NA,NA,NA,NA,NA,NA,32.75735447527644
Memphis,2013,47157,1,1,40.8069810602168,22.4225379559587,10.8699503897945,59.9308747955255,98.79,18.6254237288136,-5448,63.3375690470326,45067,939465,-0.005799045201258163,9.13285753061583,70.08563522928443,21.6,23.7,NA,NA,NA,NA,NA,NA,NA,NA,NA,NA,NA,35.82760055303645
Memphis,2014,47157,1,1,40.5604182045526,22.569474411516,11.1469025260246,58.6313602260495,102.8,19.1431322207959,NA,62.5679445477093,44015,938803,NA,9.2032087669085,69.97830142900483,22.4,22.9,NA,NA,NA,NA,NA,NA,NA,93365,0,10.104590329290703,0,35.54646479556333
Memphis,2015,47157,1,1,39.6362348293594,22.6313113199668,10.6360184941548,57.84291355095,106.58,19.3925949569103,NA,61.1850216608256,NA,938069,NA,9.12512832211703,69.90321575851333,21.6,21.3,19304.740623802,5.500380551043249,1286.06,73.5,9.8,21.5,82.89999999999999,NA,NA,NA,NA,32.35076341724966
Nashville,2005,47037,1,1,NA,NA,NA,NA,120.83,NA,NA,NA,40804,549850,NA,15.731563153587341,NA,NA,NA,NA,NA,NA,NA,NA,NA,NA,NA,NA,NA,NA,23.102664770619512
Nashville,2006,47037,1,1,NA,NA,NA,NA,131.8,NA,NA,NA,42202,578698,NA,14.947347321055195,NA,NA,NA,NA,NA,NA,NA,NA,NA,NA,NA,NA,NA,NA,25.941842568979233
Nashville,2007,47037,1,1,NA,NA,NA,NA,138.72,NA,NA,NA,46430,619626,NA,14.024589026283598,NA,NA,NA,NA,NA,NA,NA,NA,NA,NA,NA,NA,NA,NA,24.67633494471301
Nashville,2008,47037,1,1,NA,NA,NA,NA,139.63,NA,NA,NA,46413,626144,NA,13.607093575918638,NA,NA,NA,NA,NA,NA,NA,NA,NA,NA,NA,NA,NA,NA,27.728797479077016
Nashville,2009,47037,1,1,NA,23.0894501304706,8.60168171909063,61.5169452394804,134.59,NA,3155,46.1814513396608,46249,635710,0.004962954806436898,13.496720202608108,NA,NA,NA,NA,NA,NA,NA,NA,NA,NA,NA,NA,NA,NA,27.305118938767215
Nashville,2010,47037,1,1,38.3749023818821,23.1243484224966,9.44268602991373,59.9969148725181,130.77,16.1909039334342,4963,45.745522470018,43825,628133,0.007901192900229729,14.12121318255847,37.47801317896616,NA,NA,NA,NA,NA,NA,NA,NA,NA,NA,NA,NA,NA,32.22607241008484
Nashville,2011,47037,1,1,38.6445236931701,23.2426936003958,9.66978193146418,59.1475188907588,127.71,16.3580943570768,1059,43.9655562246116,43893,635475,0.0016664699634131948,13.627601400527166,37.42054813396318,NA,NA,NA,NA,NA,NA,NA,NA,NA,NA,NA,NA,NA,30.487724320158538
Nashville,2012,47037,1,1,38.7288190142092,23.0949771689498,9.78645438463482,57.8781857850934,127.51,16.6609136103555,4570,44.6723281728236,44864,648295,0.00704925998195266,13.51236705512151,37.534057658037376,NA,NA,NA,NA,NA,NA,NA,NA,NA,NA,NA,NA,NA,29.36364747234422
Nashville,2013,47037,1,1,37.7275243267526,23.2515588095578,8.41494722829704,56.7162746820208,134.08,15.9480578139115,5449,44.569794836727,47239,658602,0.00827358556457466,13.680492922888178,37.45691841855619,17.4,23.2,NA,NA,NA,NA,NA,NA,NA,NA,NA,NA,NA,30.490555298637545
Nashville,2014,47037,1,1,37.8990584281774,23.3150190318698,7.58576671453646,55.7373558857523,147.58,16.4344796380091,NA,43.822411633139,48195,668347,NA,13.48102108635185,37.27362313958696,17.3,21.6,NA,NA,NA,NA,NA,NA,NA,51753,0,8.093563995658661,0,33.14479002919381
Nashville,2015,47037,1,1,36.4432859338222,23.8403304696808,6.5750862597143,55.596805464486,160.14,16.0360847206485,NA,43.7022803755531,NA,678889,NA,13.3158734343906,37.11883413588371,16.4,20,8107.760135833,3.12438974170729,1110.86,76.7,10.5,18.2,79.80000000000001,NA,NA,NA,NA,27.53536297153534
Oklahoma City,2005,40109,0,1,NA,NA,NA,NA,127.82,NA,NA,NA,37484,666904,NA,12.505548024903135,NA,NA,NA,NA,NA,NA,NA,NA,NA,NA,NA,NA,NA,NA,26.731977513227513
Oklahoma City,2006,40109,0,1,NA,NA,NA,NA,133.92,NA,NA,NA,39214,691266,NA,11.949090509297433,NA,NA,NA,NA,NA,NA,NA,NA,NA,NA,NA,NA,NA,NA,25.14882216671481
Oklahoma City,2007,40109,0,1,NA,NA,NA,NA,138.65,NA,NA,NA,41598,701807,NA,11.68412398280439,NA,NA,NA,NA,NA,NA,NA,NA,NA,NA,NA,NA,NA,NA,23.022412656559
Oklahoma City,2008,40109,0,1,NA,NA,NA,NA,139.52,NA,NA,NA,44144,706617,NA,11.661196942615305,NA,NA,NA,NA,NA,NA,NA,NA,NA,NA,NA,NA,NA,NA,23.690516758087742
Oklahoma City,2009,40109,0,1,NA,19.7206216306324,8.70602768185519,63.3800727919932,139.34,NA,2809,42.334154716139,41279,716704,0.003919330713934902,11.511028262713756,NA,NA,NA,NA,NA,NA,NA,NA,NA,NA,NA,NA,NA,NA,25.306981639574317
Oklahoma City,2010,40109,0,1,32.6314195937688,19.8729264952062,8.49472524011967,63.4711894367285,138.65,15.7648399658087,2504,43.4754220055387,42758,721178,0.0034720970412297656,11.508947860306332,57.32962359394253,NA,NA,NA,NA,NA,NA,NA,NA,NA,NA,NA,NA,NA,28.927844820378475
Oklahoma City,2011,40109,0,1,32.9263059051378,20.0530507655018,8.74957213196767,62.7658829164373,136.89,15.9350477451073,317,42.7060984323961,43101,732371,4.3284073236105747e-4,11.141893930808292,57.36527555847981,NA,NA,NA,NA,NA,NA,NA,NA,NA,NA,NA,NA,NA,26.945860011324534
Oklahoma City,2012,40109,0,1,33.3317495705566,20.0953045731596,8.52474544162917,62.3563518817303,138.44,16.1267658692786,734,43.7531009208525,43623,741781,9.895103810963074e-4,11.05447564712496,57.155306456757955,NA,NA,NA,NA,NA,NA,NA,NA,NA,NA,NA,NA,NA,28.7663661729985
Oklahoma City,2013,40109,0,1,33.0063412968787,20.19242040944,8.72292358803987,61.6291634176228,141.69,16.2458368614169,2380,43.0931811691802,45988,755245,0.003151295275043198,11.042774199100954,57.19044449442252,17.3,24.6,NA,NA,NA,NA,NA,NA,NA,NA,NA,NA,NA,27.939983994318514
Oklahoma City,2014,40109,0,1,32.6649522542126,20.4956890734882,8.49840255591054,60.9166815441449,147.5,16.2284435513336,NA,42.8730398844639,48226,766215,NA,10.858571027714152,57.31778656836108,17.1,22.6,NA,NA,NA,NA,NA,NA,NA,86474,1398,11.823208347917395,0.1911423696184809,26.87107803281423
Oklahoma City,2015,40109,0,1,32.2228377831284,20.7128766299252,8.84561301106365,60.368065934542,154.47,16.2768621093398,NA,42.3468761416951,NA,776864,NA,10.645363924702393,57.25011330432251,16.3,21.4,9058.927066909,3.149857463163513,650.3599999999999,90.9,10.2,17.2,82.3,NA,NA,NA,NA,24.711060799781684
Omaha,2005,31055,1,1,NA,NA,NA,NA,118.82,NA,NA,NA,46046,474913,NA,11.581068532552278,NA,NA,NA,NA,NA,NA,NA,NA,NA,NA,NA,NA,NA,NA,18.1332615733379
Omaha,2006,31055,1,1,NA,NA,NA,NA,121.01,NA,NA,NA,48981,492003,NA,11.219443783879365,NA,NA,NA,NA,NA,NA,NA,NA,NA,NA,NA,NA,NA,NA,15.578457913666258
Omaha,2007,31055,1,1,NA,NA,NA,NA,120.89,NA,NA,NA,50941,497416,NA,11.097351110539266,NA,NA,NA,NA,NA,NA,NA,NA,NA,NA,NA,NA,NA,NA,17.420405904909746
Omaha,2008,31055,1,1,NA,NA,NA,NA,119.3,NA,NA,NA,52222,502032,NA,10.89571979475412,NA,NA,NA,NA,NA,NA,NA,NA,NA,NA,NA,NA,NA,NA,16.002963231736818
Omaha,2009,31055,1,1,NA,18.1384684888186,5.76055608962508,68.2526391830436,118.13,NA,-27,49.2685632358216,49944,510199,-5.29205270884498e-5,10.780107369869404,NA,NA,NA,NA,NA,NA,NA,NA,NA,NA,NA,NA,NA,NA,17.700669730190025
Omaha,2010,31055,1,1,32.4928131416838,18.412476012301,5.16320684655374,68.9514149180146,116.4,14.0634831007502,337,47.8796900142524,50270,518777,6.496047434639546e-4,10.775342777339782,59.75392454868698,NA,NA,NA,NA,NA,NA,NA,NA,NA,NA,NA,NA,NA,21.855716110367325
Omaha,2011,31055,1,1,32.5666113168987,18.5179350220046,5.78063241106719,68.8656090990721,114.72,14.6026447347202,-1683,47.994948626681,51741,524861,-0.003206563261511143,10.574228224234606,59.853940515655665,NA,NA,NA,NA,NA,NA,NA,NA,NA,NA,NA,NA,NA,20.427377314398708
Omaha,2012,31055,1,1,32.5614261775454,18.6410165003056,5.73031314350636,67.7683929937461,114.13,14.6705165222971,-1547,48.7111452692666,51189,531265,-0.002911917781145003,10.296179872568304,59.98006177913058,NA,NA,NA,NA,NA,NA,NA,NA,NA,NA,NA,NA,NA,20.951349918253722
Omaha,2013,31055,1,1,32.3951131167389,18.9045999433782,5.24922338322508,67.0737576353912,116.05,14.4453622846354,-2293,49.1934104040951,51959,537256,-0.004267983977842965,10.628080468156707,59.99615850199445,14.1,20.3,NA,NA,NA,NA,NA,NA,NA,NA,NA,NA,NA,20.495949937128987
Omaha,2014,31055,1,1,32.3606677637449,19.0743374397017,5.5257586450247,66.0252472244422,119.46,14.6084583901774,NA,48.2338118368921,52842,543244,NA,10.437298893314976,60.05649186616623,14.2,19.6,NA,NA,NA,NA,NA,NA,NA,86485,2802,16.467969480416855,0.533540503950142,18.929418914226183
Omaha,2015,31055,1,1,31.743661044595,19.1873521113942,5.97801588127189,65.8267335872356,124.05,15.2196087940511,NA,48.1603411680654,NA,550064,NA,10.071555309927572,60.164415685553905,13.8,18.5,4631.939480272,2.2883832796992256,484.88,51.7,10.9,16.1,82.69999999999999,NA,NA,NA,NA,22.159771754636235
Raleigh,2005,37183,1,0,NA,NA,NA,NA,114.28,NA,NA,NA,57741,730138,NA,11.586850704935232,NA,NA,NA,NA,NA,NA,NA,NA,NA,NA,NA,NA,NA,NA,13.07838569145102
Raleigh,2006,37183,1,0,NA,NA,NA,NA,121.94,NA,NA,NA,61044,786522,NA,11.112213008663458,NA,NA,NA,NA,NA,NA,NA,NA,NA,NA,NA,NA,NA,NA,10.929945918752358
Raleigh,2007,37183,1,0,NA,NA,NA,NA,129.45,NA,NA,NA,61706,832970,NA,10.660648042546551,NA,NA,NA,NA,NA,NA,NA,NA,NA,NA,NA,NA,NA,NA,11.228639662408124
Raleigh,2008,37183,1,0,NA,NA,NA,NA,132.54,NA,NA,NA,65487,866410,NA,10.122228506134508,NA,NA,NA,NA,NA,NA,NA,NA,NA,NA,NA,NA,NA,NA,11.67697425707205
Raleigh,2009,37183,1,0,NA,23.8635304490207,4.89262248092781,70.0720336726771,129.35,NA,24720,35.2072742554455,63770,897214,0.027551955274884254,9.93074116097163,NA,NA,NA,NA,NA,NA,NA,NA,NA,NA,NA,NA,NA,NA,11.865279637449788
Raleigh,2010,37183,1,0,31.5988768001895,24.0752336390909,5.24340598761767,69.9353035432454,124.22,12.2182140023195,21011,38.0861494541721,61594,906969,0.023166172162444362,10.088547679137875,79.74110948555995,NA,NA,NA,NA,NA,NA,NA,NA,NA,NA,NA,NA,NA,15.482556440103853
Raleigh,2011,37183,1,0,31.8082848214855,23.634223752882,4.41046144968158,70.1691351369602,120.68,12.1736363095592,12565,38.5247196933088,62436,929780,0.013513949536449483,9.722730108197638,79.94002219935224,NA,NA,NA,NA,NA,NA,NA,NA,NA,NA,NA,NA,NA,16.852613035819143
Raleigh,2012,37183,1,0,31.8515938301046,23.5480914729013,4.5390127547456,69.1543357352597,118.76,12.3826254361689,8075,39.0932994321001,64107,952151,0.008480797688601913,9.80936847201757,80.10221508072047,NA,NA,NA,NA,NA,NA,NA,NA,NA,NA,NA,NA,NA,15.51342115874672
Raleigh,2013,37183,1,0,31.0102609410674,23.7006598819648,4.79294328870848,68.3771185506799,121.32,12.3246001432323,4899,38.7064446484143,65433,974289,0.005028282162684789,9.955978154325873,80.2627123880136,14.4,19.6,NA,NA,NA,NA,NA,NA,NA,NA,NA,NA,NA,14.582982065823078
Raleigh,2014,37183,1,0,30.5339579392583,23.8620119521464,4.23907469659848,67.9192251843046,127.96,12.6757078986587,NA,38.0636097734875,66950,998691,NA,9.802831906966219,80.42777622080268,13.8,18.4,NA,NA,NA,NA,NA,NA,NA,NA,NA,NA,NA,14.592922143579374
Raleigh,2015,37183,1,0,29.6102229290477,24.1035133533762,4.40002212919763,67.2867260925244,133.17,12.6978121883981,NA,37.9447180820053,NA,1024198,NA,9.646572244819849,80.55791300955418,13.5,18,5522.692714842,1.5977933182432842,NA,NA,NA,NA,NA,NA,NA,NA,NA,15.74855133849562
Richmond,2005,51760,1,0,NA,NA,NA,NA,154.47,NA,NA,NA,34352,180757,NA,21.741896579385582,NA,NA,NA,NA,NA,NA,NA,NA,NA,NA,NA,NA,NA,NA,26.82065279721082
Richmond,2006,51760,1,0,NA,NA,NA,NA,168.65,NA,NA,NA,35761,192913,NA,20.06085644824351,NA,NA,NA,NA,NA,NA,NA,NA,NA,NA,NA,NA,NA,NA,30.25407925407925
Richmond,2007,51760,1,0,NA,NA,NA,NA,177.01,NA,NA,NA,38301,200123,NA,16.48985873687682,NA,NA,NA,NA,NA,NA,NA,NA,NA,NA,NA,NA,NA,NA,34.98803688819717
Richmond,2008,51760,1,0,NA,NA,NA,NA,175.94,NA,NA,NA,36968,202002,NA,15.841427312600866,NA,NA,NA,NA,NA,NA,NA,NA,NA,NA,NA,NA,NA,NA,39.74417334304442
Richmond,2009,51760,1,0,NA,21.1400070440938,7.2338180996157,48.1483428944006,165.25,NA,286,62.5026352687645,37115,204451,0.001398868188465696,15.994052364625265,NA,NA,NA,NA,NA,NA,NA,NA,NA,NA,NA,NA,NA,NA,38.20391899730159
Richmond,2010,51760,1,0,47.5852798263572,21.3732895215622,8.59567478784561,44.958086206267,156.36,21.9333857854708,1034,61.928204745671,39214,204389,0.005058980669214097,16.39031454726037,16.887856614050396,NA,NA,NA,NA,NA,NA,NA,NA,NA,NA,NA,NA,NA,38.06197816313423
Richmond,2011,51760,1,0,47.9021065065459,21.3595064929358,11.5928090552637,44.897694561863,151.35,22.9026207263536,-1152,61.5344408978914,38368,205533,-0.005604939352804659,16.055815854388346,16.85170502854491,NA,NA,NA,NA,NA,NA,NA,NA,NA,NA,NA,NA,NA,39.52223273415326
Richmond,2012,51760,1,0,48.0769467150144,21.7310927123383,11.2429165092558,44.1959750002566,148.53,23.9054968860005,440,61.5180003000885,37933,210309,0.002092159631779905,15.501000908187477,17.047261774103863,NA,NA,NA,NA,NA,NA,NA,NA,NA,NA,NA,NA,NA,38.610521054604526
Richmond,2013,51760,1,0,47.4094021884824,21.7127086845397,13.1135822081017,43.440115089255,151.53,24.2270564242012,773,59.911925522633,39249,214114,0.0036102263280308623,15.505758614569809,17.18273011796806,20.5,21.3,NA,NA,NA,NA,NA,NA,NA,NA,NA,NA,NA,40.31543780592028
Richmond,2014,51760,1,0,46.3003310261812,21.744872985062,11.994566085983701,43.0777906419674,159.92,24.3307867578073,NA,60.9490232090451,NA,217853,NA,15.377341601905872,17.30523439392796,21.6,21.8,NA,NA,NA,NA,NA,NA,NA,NA,NA,NA,NA,42.02272197924484
Richmond,2015,51760,1,0,45.852079316337,21.90149728233,12.003662698743,42.9648501214699,165.48,25.3309692671395,NA,61.1848768749987,NA,220289,NA,14.98032130519454,17.339938004461537,21.3,20.1,8049.622091903,9.236408178796571,NA,NA,NA,NA,NA,NA,NA,NA,NA,38.22116613010373
St. Louis,2005,MERGED,0,1,NA,NA,NA,NA,136.1644,NA,NA,NA,48650.88,1319123,NA,11.53796878683792,NA,NA,NA,NA,NA,NA,NA,NA,NA,NA,NA,NA,NA,NA,19.578897338403042
St. Louis,2006,MERGED,0,1,NA,NA,NA,NA,141.5192,NA,NA,NA,47932.439999999995,1347691,NA,11.144987983150441,NA,NA,NA,NA,NA,NA,NA,NA,NA,NA,NA,NA,NA,NA,20.407225445113696
St. Louis,2007,MERGED,0,1,NA,NA,NA,NA,143.0932,NA,NA,NA,51304.159999999996,1345877,NA,11.04112782966051,NA,NA,NA,NA,NA,NA,NA,NA,NA,NA,NA,NA,NA,NA,17.69266380862992
St. Louis,2008,MERGED,0,1,NA,NA,NA,NA,139.76279999999997,NA,NA,NA,52072.64,1346191,NA,11.164834707704925,NA,NA,NA,NA,NA,NA,NA,NA,NA,NA,NA,NA,NA,NA,18.774045777073024
St. Louis,2009,MERGED,0,1,NA,23.33674505861843,8.063324316024726,71.69536444272136,133.0456,NA,2784.3999999999996,58.45344537833596,51449.24,1348995,0.0020640550928654293,10.926652804495198,NA,NA,NA,NA,NA,NA,NA,NA,NA,NA,NA,NA,NA,NA,21.562938607891045
St. Louis,2010,MERGED,0,1,34.52625517390126,23.457069122621014,8.463075432078249,70.07389520867012,126.7404,15.538827300622671,3910.44,58.63031050371757,49884.48,1318037,0.002966866635762122,11.342625434642578,47.23991180219147,NA,NA,NA,NA,NA,NA,NA,NA,NA,NA,NA,NA,NA,20.52313883299799
St. Louis,2011,MERGED,0,1,34.82820237178775,23.540903113062065,8.35787218849173,69.28075618155698,121.97800000000001,15.938754137422041,261.44000000000005,58.447664343331056,49717.799999999996,1316761,1.9854780024621026e-4,11.194134698703865,47.131355700152945,NA,NA,NA,NA,NA,NA,NA,NA,NA,NA,NA,NA,NA,21.945286261432862
St. Louis,2012,MERGED,0,1,34.894584086700704,23.648264684555485,7.948668195181377,68.21854666904896,118.8336,16.28351967007408,-68.83999999999992,58.399011194105384,50571,1318610,-5.220649016767651e-5,10.935758108917724,47.14536042186661,NA,NA,NA,NA,NA,NA,NA,NA,NA,NA,NA,NA,NA,24.390810737687005
St. Louis,2013,MERGED,0,1,34.54465349742715,23.523859486225604,7.963881385427438,67.77817004792138,118.7744,16.776618651252235,-1835.36,58.32366697800872,53298.880000000005,1319860,-0.001390571727304411,10.728410589001863,47.13526470329846,18.428,19.052,NA,NA,NA,NA,NA,NA,NA,NA,NA,NA,NA,22.611821619021875
St. Louis,2014,MERGED,0,1,34.03391075207708,23.607353376877775,7.158121209131885,67.38202271451082,123.41560000000001,17.045869762500374,NA,57.531506382522984,54234.12,1319295,NA,10.581409010115252,47.03600391035281,18.895999999999997,18.82,NA,NA,NA,NA,NA,NA,NA,148262,0,11.38580748215472,0,19.9175999659328
St. Louis,2015,MERGED,0,1,33.42711056957292,23.683768198484245,6.781973426564937,66.83855881891841,127.2792,17.15119120554414,NA,57.69624317334754,NA,1319047,NA,10.628885854711774,46.969088390609365,17.872,17.252,22354.021969654,4.087988773248699,634.8892,79.408,11.868,16.84,80.69199999999998,NA,NA,NA,NA,19.6283411956641
Tulsa,2005,40143,0,1,NA,NA,NA,NA,114.21,NA,NA,NA,40956,560431,NA,13.685895319852042,NA,NA,NA,NA,NA,NA,NA,NA,NA,NA,NA,NA,NA,NA,22.225332400279914
Tulsa,2006,40143,0,1,NA,NA,NA,NA,117.91,NA,NA,NA,41752,577795,NA,13.25729713825838,NA,NA,NA,NA,NA,NA,NA,NA,NA,NA,NA,NA,NA,NA,24.058132809662798
Tulsa,2007,40143,0,1,NA,NA,NA,NA,122.34,NA,NA,NA,45313,585068,NA,12.57973432148058,NA,NA,NA,NA,NA,NA,NA,NA,NA,NA,NA,NA,NA,NA,23.281381578067982
Tulsa,2008,40143,0,1,NA,NA,NA,NA,124.28,NA,NA,NA,46857,591982,NA,12.584842106685677,NA,NA,NA,NA,NA,NA,NA,NA,NA,NA,NA,NA,NA,NA,20.012368583797155
Tulsa,2009,40143,0,1,NA,18.8569358606618,9.74870440989538,65.4533692759971,124.25,NA,3397,45.8994474672886,46143,601961,0.0056432227336986945,12.376217063896167,NA,NA,NA,NA,NA,NA,NA,NA,NA,NA,NA,NA,NA,NA,22.15003183596034
Tulsa,2010,40143,0,1,31.8720210186982,19.0610105909462,9.75305638343166,64.9730296466953,123.81,15.2311548628202,779,46.5096135028873,44231,605418,0.001286714303175657,12.255995031531933,64.40740354602535,NA,NA,NA,NA,NA,NA,NA,NA,NA,NA,NA,NA,NA,24.41351236006697
Tulsa,2011,40143,0,1,31.9049074867485,19.3670349420772,9.64120087869173,64.5439658095772,120.44,15.4261404133999,39,46.2185536686352,46497,610599,6.387170630806798e-5,12.070114756165667,64.54971583701223,NA,NA,NA,NA,NA,NA,NA,NA,NA,NA,NA,NA,NA,21.472336593737154
Tulsa,2012,40143,0,1,32.14639735321,19.3954915443897,10.3312399950745,63.537332856825,120.76,15.4334489197119,1951,46.1087460239227,47371,613816,0.0031784769377142335,12.05573005591252,64.41030118218889,NA,NA,NA,NA,NA,NA,NA,NA,NA,NA,NA,NA,NA,25.15407441223465
Tulsa,2013,40143,0,1,31.6562679196515,19.3095305307044,11.2595478863222,62.8077612099336,121.84,15.7774101234126,575,47.3298976146399,48082,622409,9.238298289388489e-4,12.033887684786048,64.66230950399614,16.9,24.4,NA,NA,NA,NA,NA,NA,NA,NA,NA,NA,NA,24.703483585468767
Tulsa,2014,40143,0,1,31.5889111970423,19.481489693449898,10.7058564370457,62.2734351592415,125.38,15.6126212743641,NA,47.409710708323,50507,629598,NA,11.928246277783602,64.91899020540905,16.5,22.7,NA,NA,NA,NA,NA,NA,NA,80140,0,13.118822416259874,0,21.455671306576658
Tulsa,2015,40143,0,1,30.6838735729849,19.4104417839243,10.4073537744759,61.4470800189917,130.07,15.9840112448388,NA,46.4612907334634,NA,639242,NA,11.763932908037956,65.1982387840797,15.9,21.5,7381.882082482,3.0536831690978214,671.39,81.1,9.7,15.7,82.6,NA,NA,NA,NA,24.531516183986373
