city,county,state,display_name,current_peer,baseline_peer,year,FIPS,under_5_per,five_to_17_per,child_per,bach_plus_per_all,bach_plus_per_black,per_25_64_assoc_plus,per_25_64_bach_plus,per_25_64_grad,per_25_34_assoc_plus,per_25_34_bach_plus,per_25_34_grad,bach_plus_per_hispanic,bach_plus_per_white,enrolled_3_4,ACT_JCPS,College_in_KY_JCPS,College_out_of_state_JCPS,Successful_Transition_JCPS,Kindergarten_Readiness_JCPS,CCR_All_JCPS,CCR_White_JCPS,CCR_Black_JCPS,CCR_Hispanic_JCPS,NAEP_Reading_All,NAEP_Math_All,NAEP_Reading_White,NAEP_Math_White,NAEP_Reading_Black,NAEP_Math_Black,NAEP_Reading_Hispanic,NAEP_Math_Hispanic,per_high_wage
Birmingham,Jefferson,AL,BIR,1,1,2005,1073,0.275616289,0.247982949,0.255920246,0.265389644,0.151307032,0.366738809,0.299107932,0.149577144,0.369863176,0.322122491,0.091401473,0.096321225,0.345611428,42.8,NA,NA,NA,NA,NA,NA,NA,NA,NA,NA,NA,NA,NA,NA,NA,NA,NA,0.379183481
Birmingham,Jefferson,AL,BIR,1,1,2006,1073,0.222420684,0.200682242,0.206951393,0.270637565,0.188461305,0.387349018,0.308727976,0.150411095,0.424953339,0.354745807,0.100849165,0.19934807,0.333980164,51.3,NA,NA,NA,NA,NA,NA,NA,NA,NA,NA,NA,NA,NA,NA,NA,NA,NA,0.400600659
Birmingham,Jefferson,AL,BIR,1,1,2007,1073,0.270082326,0.206815348,0.225265596,0.271563313,0.155672105,0.380607443,0.302815473,0.15873288,0.371373618,0.308321107,0.113738642,0.183074948,0.360442303,45.9,NA,NA,NA,NA,NA,NA,NA,NA,NA,NA,NA,NA,NA,NA,NA,NA,NA,0.402478588
Birmingham,Jefferson,AL,BIR,1,1,2008,1073,0.214831451,0.186570102,0.194870535,0.262522014,0.156651009,0.38226173,0.301456276,0.153553513,0.397887062,0.320139871,0.10676289,0.239984811,0.349046571,59,NA,NA,NA,NA,NA,NA,NA,NA,NA,NA,NA,NA,NA,NA,NA,NA,NA,0.38780646
Birmingham,Jefferson,AL,BIR,1,1,2009,1073,0.242944023,0.235241243,0.23758461,0.278764981,0.166498041,0.392192382,0.313419046,0.149553146,0.39829072,0.336659189,0.111509221,0.169176625,0.362442896,57.6,NA,NA,NA,NA,NA,NA,NA,NA,NA,NA,NA,NA,NA,NA,NA,NA,NA,0.392936829
Birmingham,Jefferson,AL,BIR,1,1,2010,1073,0.312298821,0.276551321,0.286778053,0.275047893,0.149702094,0.391563897,0.306114139,0.153426106,0.418088773,0.363687949,0.122767013,0.133638444,0.372387047,53.4,NA,NA,NA,NA,NA,NA,NA,NA,NA,NA,NA,NA,NA,NA,NA,NA,NA,0.406195803
Birmingham,Jefferson,AL,BIR,1,1,2011,1073,0.277243517,0.279826019,0.279075619,0.289884063,0.176391413,0.405703117,0.316394202,0.164605764,0.446794448,0.349468626,0.128159129,0.107336757,0.376040007,59.5,NA,NA,NA,NA,NA,NA,NA,NA,NA,NA,NA,NA,NA,NA,NA,NA,NA,0.434114983
Birmingham,Jefferson,AL,BIR,1,1,2012,1073,0.331146455,0.266485313,0.285899995,0.286339413,0.179292094,0.406681555,0.32382869,0.162679981,0.424312901,0.363589057,0.123476063,0.149458753,0.391393353,48.4,NA,NA,NA,NA,NA,NA,NA,NA,NA,NA,NA,NA,NA,NA,NA,NA,NA,0.426146648
Birmingham,Jefferson,AL,BIR,1,1,2013,1073,0.339223536,0.252091356,0.277004558,0.297729335,0.193191117,0.41564999,0.33505506,0.168756594,0.447206023,0.371095324,0.119605556,0.186238887,0.392402533,50.1,NA,NA,NA,NA,NA,NA,NA,NA,NA,NA,NA,NA,NA,NA,NA,NA,NA,0.422501472
Birmingham,Jefferson,AL,BIR,1,1,2014,1073,0.314020397,0.302280319,0.305634829,0.290169319,0.180578119,0.407792834,0.32392278,0.164111577,0.415505098,0.333175654,0.113129402,0.180861762,0.388409179,53.8,NA,NA,NA,NA,NA,NA,NA,NA,NA,NA,NA,NA,NA,NA,NA,NA,NA,0.414837092
Birmingham,Jefferson,AL,BIR,1,1,2015,1073,0.291124822,0.255278365,0.265410568,0.30475453,0.19045603,0.421931042,0.332708162,0.168600731,0.446351529,0.384115967,0.137591446,0.185645641,0.406850875,55.3,NA,NA,NA,NA,NA,NA,NA,NA,NA,NA,NA,NA,NA,NA,NA,NA,NA,0.426483278
Charlotte,Mecklenberg,NC,CHA,1,1,2005,37119,0.163006717,0.161919179,0.162259786,0.368544453,0.206599429,0.498211165,0.406449202,0.170636261,0.509310149,0.429127578,0.094049086,0.153783363,0.473587161,58.5,NA,NA,NA,NA,NA,NA,NA,NA,NA,NA,NA,NA,NA,NA,NA,NA,NA,0.412249537
Charlotte,Mecklenberg,NC,CHA,1,1,2006,37119,0.14969697,0.145910595,0.147096076,0.357456825,0.208517885,0.488077702,0.404310844,0.182425414,0.484811752,0.424821386,0.117829333,0.153225455,0.467159781,59.6,NA,NA,NA,NA,NA,NA,NA,NA,NA,NA,NA,NA,NA,NA,NA,NA,NA,0.414952058
Charlotte,Mecklenberg,NC,CHA,1,1,2007,37119,0.130819453,0.135803691,0.134224286,0.397865524,0.246066207,0.514282323,0.435526973,0.194251876,0.521909026,0.460270082,0.115591074,0.166040833,0.503461944,59.7,NA,NA,NA,NA,NA,NA,NA,NA,NA,NA,NA,NA,NA,NA,NA,NA,NA,0.435035017
Charlotte,Mecklenberg,NC,CHA,1,1,2008,37119,0.177852303,0.125441516,0.142142233,0.390128592,0.246737386,0.505446046,0.425319629,0.191588021,0.543009372,0.478415073,0.123258762,0.158124867,0.484103058,59.5,NA,NA,NA,NA,NA,NA,NA,NA,NA,NA,NA,NA,NA,NA,NA,NA,NA,0.433858012
Charlotte,Mecklenberg,NC,CHA,1,1,2009,37119,0.217758755,0.193916035,0.20150134,0.383594107,0.254698816,0.505203387,0.418825401,0.178207976,0.528707778,0.455725077,0.124362678,0.158492778,0.472013501,59.6,NA,NA,NA,NA,NA,NA,NA,NA,NA,NA,NA,NA,NA,NA,NA,NA,NA,0.449842705
Charlotte,Mecklenberg,NC,CHA,1,1,2010,37119,0.240818375,0.202835866,0.214157485,0.377217432,0.234939584,0.488797864,0.411972204,0.187133398,0.487489564,0.421462976,0.115464646,0.16040008,0.470439661,52.4,NA,NA,NA,NA,NA,NA,NA,NA,NA,NA,NA,NA,NA,NA,NA,NA,NA,0.42191889
Charlotte,Mecklenberg,NC,CHA,1,1,2011,37119,0.273702236,0.227564181,0.24121043,0.395249441,0.244202972,0.505484643,0.425901815,0.18624079,0.502830619,0.422718407,0.106727627,0.152008338,0.48892912,47.5,NA,NA,NA,NA,NA,NA,NA,NA,NA,NA,NA,NA,NA,NA,NA,NA,NA,0.438478805
Charlotte,Mecklenberg,NC,CHA,1,1,2012,37119,0.238198535,0.214691943,0.221616589,0.39869551,0.236492004,0.505679424,0.432734754,0.191137044,0.543548377,0.468159813,0.12309136,0.175982188,0.499365759,48.5,NA,NA,NA,NA,NA,NA,NA,NA,NA,NA,NA,NA,NA,NA,NA,NA,NA,0.443419024
Charlotte,Mecklenberg,NC,CHA,1,1,2013,37119,0.201497166,0.201656695,0.201610477,0.408081506,0.271960988,0.511546196,0.439429321,0.198332216,0.526129139,0.464034153,0.122125856,0.161747842,0.505030907,51.8,NA,NA,NA,NA,NA,NA,NA,NA,NA,NA,NA,NA,NA,NA,NA,NA,NA,0.432127306
Charlotte,Mecklenberg,NC,CHA,1,1,2014,37119,0.245000214,0.200033626,0.213021411,0.420373444,0.288375731,0.528473032,0.448373713,0.203609225,0.523446666,0.45407638,0.123410751,0.168513145,0.518413205,55.2,NA,NA,NA,NA,NA,NA,NA,NA,NA,NA,NA,NA,NA,NA,NA,NA,NA,0.453638119
Charlotte,Mecklenberg,NC,CHA,1,1,2015,37119,0.187802953,0.188035399,0.187968709,0.424324218,0.283571269,0.526134631,0.449244501,0.20847085,0.547755059,0.485712949,0.146846441,0.1566516,0.512737031,42.5,NA,NA,NA,NA,NA,NA,NA,NA,NA,NA,NA,NA,NA,NA,NA,NA,NA,0.459372421
Cincinatti,Hamilton,OH,CIN,1,1,2005,39061,0.231068933,0.187588647,0.20002966,0.291252429,0.125251925,0.410496831,0.334898883,0.167640205,0.444502711,0.380358061,0.109452841,0.345318568,0.35183614,51.2,NA,NA,NA,NA,NA,NA,NA,NA,NA,NA,NA,NA,NA,NA,NA,NA,NA,0.400404013
Cincinatti,Hamilton,OH,CIN,1,1,2006,39061,0.260486629,0.194239991,0.212652567,0.284936852,0.135754156,0.414286319,0.330544444,0.169972597,0.435935215,0.354282,0.112377444,0.264705882,0.349354908,41.7,NA,NA,NA,NA,NA,NA,NA,NA,NA,NA,NA,NA,NA,NA,NA,NA,NA,0.397706179
Cincinatti,Hamilton,OH,CIN,1,1,2007,39061,0.229294905,0.176064875,0.190950562,0.302085515,0.147962001,0.426417725,0.348108754,0.175229522,0.455755403,0.387426087,0.11524198,0.284661673,0.36805763,51.1,NA,NA,NA,NA,NA,NA,NA,NA,NA,NA,NA,NA,NA,NA,NA,NA,NA,0.397153968
Cincinatti,Hamilton,OH,CIN,1,1,2008,39061,0.228926802,0.192555223,0.202885625,0.307586111,0.142520931,0.431092166,0.336206549,0.174278744,0.432556442,0.353292664,0.10516711,0.198777477,0.363596865,57,NA,NA,NA,NA,NA,NA,NA,NA,NA,NA,NA,NA,NA,NA,NA,NA,NA,0.405285614
Cincinatti,Hamilton,OH,CIN,1,1,2009,39061,0.264957419,0.186607779,0.208852365,0.310226858,0.134616306,0.42211969,0.343443305,0.174117564,0.458408255,0.390225332,0.114269978,0.226110363,0.369056936,42.7,NA,NA,NA,NA,NA,NA,NA,NA,NA,NA,NA,NA,NA,NA,NA,NA,NA,0.417326427
Cincinatti,Hamilton,OH,CIN,1,1,2010,39061,0.35092217,0.269540035,0.292898563,0.318399803,0.137744429,0.435165065,0.349475274,0.175623461,0.445372175,0.36837876,0.108913909,0.31875742,0.382374499,48.6,NA,NA,NA,NA,NA,NA,NA,NA,NA,NA,NA,NA,NA,NA,NA,NA,NA,0.431671481
Cincinatti,Hamilton,OH,CIN,1,1,2011,39061,0.345407406,0.256129786,0.2820387,0.315056184,0.142521022,0.431518537,0.349348323,0.173888143,0.468155478,0.396616829,0.117870243,0.199156428,0.383641282,46.1,NA,NA,NA,NA,NA,NA,NA,NA,NA,NA,NA,NA,NA,NA,NA,NA,NA,0.418256591
Cincinatti,Hamilton,OH,CIN,1,1,2012,39061,0.329964443,0.298392001,0.307385735,0.321654533,0.139431631,0.440156226,0.354366423,0.181439309,0.47958993,0.400325707,0.13326392,0.299187566,0.388660741,50.3,NA,NA,NA,NA,NA,NA,NA,NA,NA,NA,NA,NA,NA,NA,NA,NA,NA,0.413973082
Cincinatti,Hamilton,OH,CIN,1,1,2013,39061,0.334339825,0.234358039,0.26306951,0.332485061,0.155324163,0.44874643,0.361411427,0.185060592,0.495883476,0.41664477,0.133874612,0.3046352,0.397513082,46.3,NA,NA,NA,NA,NA,NA,NA,NA,NA,NA,NA,NA,NA,NA,NA,NA,NA,0.426961129
Cincinatti,Hamilton,OH,CIN,1,1,2014,39061,0.275953724,0.230848317,0.243833158,0.338203172,0.167574685,0.467718017,0.373802742,0.189989253,0.543457432,0.438552217,0.149680057,0.332855335,0.406468554,49.4,NA,NA,NA,NA,NA,NA,NA,NA,NA,NA,NA,NA,NA,NA,NA,NA,NA,0.435248124
Cincinatti,Hamilton,OH,CIN,1,1,2015,39061,0.203423205,0.247257809,0.234537173,0.346851911,0.181453662,0.476093741,0.384299612,0.190954845,0.5119144,0.416949747,0.140226854,0.322235822,0.418642546,49.2,NA,NA,NA,NA,NA,NA,NA,NA,NA,NA,NA,NA,NA,NA,NA,NA,NA,0.443724913
Columbus,Franklin,OH,COL,1,1,2005,39049,0.242853871,0.18749288,0.204672827,0.319487791,0.167533343,0.430577279,0.365409468,0.17370837,0.445851334,0.377477667,0.108794914,0.22689555,0.371743666,37.1,NA,NA,NA,NA,NA,NA,NA,NA,NA,NA,NA,NA,NA,NA,NA,NA,NA,0.42839411
Columbus,Franklin,OH,COL,1,1,2006,39049,0.256891418,0.203898799,0.22014361,0.312194719,0.170555972,0.424856021,0.363113414,0.172430598,0.439430174,0.393644535,0.111025917,0.197198638,0.366417401,41.8,NA,NA,NA,NA,NA,NA,NA,NA,NA,NA,NA,NA,NA,NA,NA,NA,NA,0.417072037
Columbus,Franklin,OH,COL,1,1,2007,39049,0.239449442,0.209204631,0.218334816,0.329308725,0.168265825,0.447271184,0.37560665,0.177885517,0.461092626,0.402533364,0.115190573,0.179402903,0.385840925,40.8,NA,NA,NA,NA,NA,NA,NA,NA,NA,NA,NA,NA,NA,NA,NA,NA,NA,0.429835172
Columbus,Franklin,OH,COL,1,1,2008,39049,0.260300036,0.171609279,0.198900752,0.33341899,0.178681771,0.449385832,0.378697915,0.181610194,0.491844959,0.427894376,0.129197085,0.219134456,0.387597253,41.5,NA,NA,NA,NA,NA,NA,NA,NA,NA,NA,NA,NA,NA,NA,NA,NA,NA,0.444191261
Columbus,Franklin,OH,COL,1,1,2009,39049,0.284753995,0.249701929,0.260778019,0.344492747,0.193145134,0.450536704,0.380307604,0.167097465,0.48393887,0.42033263,0.109960798,0.146129335,0.387811582,47.1,NA,NA,NA,NA,NA,NA,NA,NA,NA,NA,NA,NA,NA,NA,NA,NA,NA,0.44932657
Columbus,Franklin,OH,COL,1,1,2010,39049,0.307459653,0.230934003,0.253780996,0.339145546,0.159910981,0.440420857,0.368333481,0.169469845,0.485206516,0.4120637,0.11565815,0.189828159,0.386852938,40.3,NA,NA,NA,NA,NA,NA,NA,NA,NA,NA,NA,NA,NA,NA,NA,NA,NA,0.418976629
Columbus,Franklin,OH,COL,1,1,2011,39049,0.28830992,0.25722247,0.266723131,0.335229847,0.161031396,0.439217633,0.36725893,0.175235736,0.474977377,0.409792478,0.13364887,0.217367141,0.383262268,46.6,NA,NA,NA,NA,NA,NA,NA,NA,NA,NA,NA,NA,NA,NA,NA,NA,NA,0.424197709
Columbus,Franklin,OH,COL,1,1,2012,39049,0.307300651,0.230933141,0.253995854,0.354245642,0.186149962,0.470902511,0.392590294,0.184076721,0.52123307,0.442653601,0.132446948,0.169798498,0.409526211,39.9,NA,NA,NA,NA,NA,NA,NA,NA,NA,NA,NA,NA,NA,NA,NA,NA,NA,0.434553675
Columbus,Franklin,OH,COL,1,1,2013,39049,0.269388764,0.255638395,0.259849189,0.365960517,0.209754075,0.463306094,0.395101384,0.189917682,0.508074923,0.441615744,0.144670171,0.160550155,0.412786262,52.2,NA,NA,NA,NA,NA,NA,NA,NA,NA,NA,NA,NA,NA,NA,NA,NA,NA,0.443635575
Columbus,Franklin,OH,COL,1,1,2014,39049,0.258018305,0.242808016,0.24756336,0.365794892,0.187523744,0.468651514,0.399343782,0.192982379,0.510768821,0.447468157,0.137159087,0.216377267,0.42289718,43.9,NA,NA,NA,NA,NA,NA,NA,NA,NA,NA,NA,NA,NA,NA,NA,NA,NA,0.454648542
Columbus,Franklin,OH,COL,1,1,2015,39049,0.260852135,0.242134568,0.247925797,0.373667423,0.205436362,0.480519256,0.405634262,0.18686339,0.516141101,0.449233921,0.132473722,0.190931229,0.425253081,40.7,NA,NA,NA,NA,NA,NA,NA,NA,NA,NA,NA,NA,NA,NA,NA,NA,NA,0.449120747
Dayton,Montgomery,OH,DAY,0,1,2005,39113,0.294647619,0.22008514,0.24111858,0.23064586,0.149600614,0.347127188,0.254599234,0.13056462,0.351082113,0.265121443,0.075527368,0.149796748,0.255379531,48.9,NA,NA,NA,NA,NA,NA,NA,NA,NA,NA,NA,NA,NA,NA,NA,NA,NA,0.394688832
Dayton,Montgomery,OH,DAY,0,1,2006,39113,0.295706392,0.186898458,0.216612062,0.220275306,0.181319011,0.347092836,0.25069488,0.122288199,0.353192142,0.261448742,0.072759362,0.26674887,0.240369647,45.1,NA,NA,NA,NA,NA,NA,NA,NA,NA,NA,NA,NA,NA,NA,NA,NA,NA,0.369827621
Dayton,Montgomery,OH,DAY,0,1,2007,39113,0.279930511,0.21374918,0.232118339,0.242239925,0.170898572,0.368423487,0.279122396,0.140863513,0.352239589,0.260727346,0.068506889,0.200543584,0.267654066,37.3,NA,NA,NA,NA,NA,NA,NA,NA,NA,NA,NA,NA,NA,NA,NA,NA,NA,0.397484322
Dayton,Montgomery,OH,DAY,0,1,2008,39113,0.298186898,0.17642178,0.210961234,0.225339346,0.172383787,0.352336728,0.258149595,0.134780867,0.345675446,0.25997079,0.07896384,NA,0.250509769,52.1,NA,NA,NA,NA,NA,NA,NA,NA,NA,NA,NA,NA,NA,NA,NA,NA,NA,0.371643596
Dayton,Montgomery,OH,DAY,0,1,2009,39113,0.275717828,0.197018182,0.219731135,0.233236637,0.159509202,0.360443359,0.264315608,0.140602905,0.361868296,0.259523941,0.085563419,NA,0.261809292,50.5,NA,NA,NA,NA,NA,NA,NA,NA,NA,NA,NA,NA,NA,NA,NA,NA,NA,0.375725567
Dayton,Montgomery,OH,DAY,0,1,2010,39113,0.329830832,0.252086678,0.273064387,0.225980838,0.148450173,0.348704305,0.243935102,0.131102048,0.370121924,0.259151823,0.083412652,0.307514451,0.244194999,56.5,NA,NA,NA,NA,NA,NA,NA,NA,NA,NA,NA,NA,NA,NA,NA,NA,NA,0.374561733
Dayton,Montgomery,OH,DAY,0,1,2011,39113,0.315997065,0.263822352,0.278147141,0.23705832,0.168985998,0.353251356,0.254072921,0.133970538,0.366200327,0.255990475,0.074802798,0.197240926,0.258821481,49.1,NA,NA,NA,NA,NA,NA,NA,NA,NA,NA,NA,NA,NA,NA,NA,NA,NA,0.380314135
Dayton,Montgomery,OH,DAY,0,1,2012,39113,0.356790817,0.250297574,0.279085259,0.243561779,0.180299424,0.360775761,0.261033507,0.138238316,0.359373195,0.251169844,0.066233391,0.182350421,0.264765639,51.3,NA,NA,NA,NA,NA,NA,NA,NA,NA,NA,NA,NA,NA,NA,NA,NA,NA,0.36538965
Dayton,Montgomery,OH,DAY,0,1,2013,39113,0.362615039,0.271368054,0.296757507,0.239066661,0.159957208,0.372590944,0.259599014,0.137542609,0.389990184,0.264911432,0.091952002,0.16600428,0.263449631,44.6,NA,NA,NA,NA,NA,NA,NA,NA,NA,NA,NA,NA,NA,NA,NA,NA,NA,0.40909453
Dayton,Montgomery,OH,DAY,0,1,2014,39113,0.390255936,0.275083298,0.306826101,0.250742654,0.164801974,0.390264123,0.27296101,0.149540561,0.38974984,0.253395438,0.078167624,0.221025786,0.271256912,44.3,NA,NA,NA,NA,NA,NA,NA,NA,NA,NA,NA,NA,NA,NA,NA,NA,NA,0.388303053
Dayton,Montgomery,OH,DAY,0,1,2015,39113,0.311505816,0.264905981,0.277632776,0.276746653,0.186048183,0.396327451,0.285718475,0.156065021,0.407272727,0.300176866,0.106176158,0.176160907,0.290069896,46.6,NA,NA,NA,NA,NA,NA,NA,NA,NA,NA,NA,NA,NA,NA,NA,NA,NA,0.408623881
Grand Rapids,Kent,MI,GR,1,0,2005,26081,0.19607122,0.159581414,0.170152359,0.267445016,0.151340371,0.399106268,0.306202255,0.141040286,0.399525878,0.318359587,0.072309599,0.069544631,0.307138945,45.9,NA,NA,NA,NA,NA,NA,NA,NA,NA,NA,NA,NA,NA,NA,NA,NA,NA,0.366465704
Grand Rapids,Kent,MI,GR,1,0,2006,26081,0.179535027,0.167938664,0.171241356,0.275248291,0.136897261,0.411171104,0.318538563,0.146965333,0.383749388,0.302090422,0.075964328,0.130669546,0.318684127,46.7,NA,NA,NA,NA,NA,NA,NA,NA,NA,NA,NA,NA,NA,NA,NA,NA,NA,0.34870455
Grand Rapids,Kent,MI,GR,1,0,2007,26081,0.214196089,0.178526918,0.188821318,0.273808807,0.106669928,0.402268195,0.313622007,0.151912127,0.407855056,0.31847358,0.077787817,0.079462061,0.321111263,48.4,NA,NA,NA,NA,NA,NA,NA,NA,NA,NA,NA,NA,NA,NA,NA,NA,NA,0.360441409
Grand Rapids,Kent,MI,GR,1,0,2008,26081,0.237503593,0.179681129,0.196360019,0.287259788,0.108005912,0.401113633,0.314962962,0.1416702,0.410589651,0.330481348,0.08,0.117940863,0.325535211,45,NA,NA,NA,NA,NA,NA,NA,NA,NA,NA,NA,NA,NA,NA,NA,NA,NA,0.369495934
Grand Rapids,Kent,MI,GR,1,0,2009,26081,0.250529614,0.197437439,0.213120311,0.286409094,0.144879804,0.420984929,0.325141452,0.139112575,0.439063941,0.353449281,0.070024271,0.073553124,0.319513467,43.3,NA,NA,NA,NA,NA,NA,NA,NA,NA,NA,NA,NA,NA,NA,NA,NA,NA,0.363024971
Grand Rapids,Kent,MI,GR,1,0,2010,26081,0.281321866,0.226691719,0.242098777,0.294252663,0.135694977,0.415871975,0.323533813,0.152163738,0.412571934,0.324384145,0.067693191,0.1289613,0.323444892,45.5,NA,NA,NA,NA,NA,NA,NA,NA,NA,NA,NA,NA,NA,NA,NA,NA,NA,0.387988049
Grand Rapids,Kent,MI,GR,1,0,2011,26081,0.236826109,0.189087514,0.202519322,0.300986982,0.124305298,0.419776686,0.336870657,0.158187831,0.434635638,0.355014142,0.085749764,0.113840255,0.335499842,44.3,NA,NA,NA,NA,NA,NA,NA,NA,NA,NA,NA,NA,NA,NA,NA,NA,NA,0.382048956
Grand Rapids,Kent,MI,GR,1,0,2012,26081,0.274340652,0.23595586,0.246534256,0.305588555,0.148233607,0.43411366,0.334757197,0.15140521,0.463031371,0.371087087,0.086849448,0.150042717,0.334694962,50,NA,NA,NA,NA,NA,NA,NA,NA,NA,NA,NA,NA,NA,NA,NA,NA,NA,0.378504121
Grand Rapids,Kent,MI,GR,1,0,2013,26081,0.222882165,0.17414115,0.188086876,0.32854949,0.139208549,0.452983129,0.356302398,0.169758382,0.490972576,0.399223587,0.100868585,0.112486249,0.365718348,44.9,NA,NA,NA,NA,NA,NA,NA,NA,NA,NA,NA,NA,NA,NA,NA,NA,NA,0.395416242
Grand Rapids,Kent,MI,GR,1,0,2014,26081,0.212739,0.209227233,0.210223337,0.331454834,0.130377447,0.44780209,0.354776381,0.169523764,0.465968586,0.370052777,0.103700738,0.167322835,0.362454988,41.4,NA,NA,NA,NA,NA,NA,NA,NA,NA,NA,NA,NA,NA,NA,NA,NA,NA,0.390650463
Grand Rapids,Kent,MI,GR,1,0,2015,26081,0.199377232,0.206708431,0.204624586,0.327567783,0.159008246,0.450610229,0.35476382,0.159478805,0.483462285,0.394552161,0.089773229,0.158517756,0.366167564,49.8,NA,NA,NA,NA,NA,NA,NA,NA,NA,NA,NA,NA,NA,NA,NA,NA,NA,0.376645779
Greensboro,Guilford,NC,GBR,1,1,2005,37081,0.2098922,0.225729146,0.221248631,0.309831335,0.186760621,0.41253832,0.33606016,0.145643853,0.388182436,0.306878658,0.081701676,0.128566973,0.381849579,56.4,NA,NA,NA,NA,NA,NA,NA,NA,NA,NA,NA,NA,NA,NA,NA,NA,NA,0.389322561
Greensboro,Guilford,NC,GBR,1,1,2006,37081,0.258211988,0.196227519,0.213700016,0.304948228,0.214056315,0.40685544,0.331479362,0.150945649,0.392576978,0.320558455,0.085668867,0.118996416,0.365138211,47.7,NA,NA,NA,NA,NA,NA,NA,NA,NA,NA,NA,NA,NA,NA,NA,NA,NA,0.373980164
Greensboro,Guilford,NC,GBR,1,1,2007,37081,0.274425101,0.194342655,0.217053692,0.329924892,0.247248647,0.419654518,0.348665002,0.170204693,0.397651319,0.34534748,0.097145371,0.099268548,0.376335066,46.4,NA,NA,NA,NA,NA,NA,NA,NA,NA,NA,NA,NA,NA,NA,NA,NA,NA,0.384517496
Greensboro,Guilford,NC,GBR,1,1,2008,37081,0.201458873,0.185658041,0.190158557,0.316088767,0.195540564,0.409474899,0.336658619,0.156955335,0.393478692,0.323120699,0.077372287,0.144186624,0.385300613,50.1,NA,NA,NA,NA,NA,NA,NA,NA,NA,NA,NA,NA,NA,NA,NA,NA,NA,0.390076709
Greensboro,Guilford,NC,GBR,1,1,2009,37081,0.28036116,0.206109856,0.227681289,0.307322272,0.215792942,0.412551238,0.345220018,0.158190601,0.379743172,0.303730559,0.068807409,0.151461018,0.380192119,44.6,NA,NA,NA,NA,NA,NA,NA,NA,NA,NA,NA,NA,NA,NA,NA,NA,NA,0.413586458
Greensboro,Guilford,NC,GBR,1,1,2010,37081,0.324154573,0.255196658,0.273840379,0.316096296,0.202628887,0.427171821,0.346367825,0.159150905,0.42178701,0.363737329,0.095576273,0.218910349,0.371915926,41,NA,NA,NA,NA,NA,NA,NA,NA,NA,NA,NA,NA,NA,NA,NA,NA,NA,0.380790744
Greensboro,Guilford,NC,GBR,1,1,2011,37081,0.291360869,0.224456135,0.242867752,0.340072727,0.228551555,0.430689198,0.354846006,0.167419323,0.458604057,0.361067576,0.101370989,0.110540993,0.403859911,44.2,NA,NA,NA,NA,NA,NA,NA,NA,NA,NA,NA,NA,NA,NA,NA,NA,NA,0.39722266
Greensboro,Guilford,NC,GBR,1,1,2012,37081,0.28239257,0.238614528,0.250536591,0.317253677,0.241779011,0.40926835,0.337771498,0.15086967,0.42168405,0.360520465,0.095498157,0.120432209,0.373522378,44,NA,NA,NA,NA,NA,NA,NA,NA,NA,NA,NA,NA,NA,NA,NA,NA,NA,0.398007633
Greensboro,Guilford,NC,GBR,1,1,2013,37081,0.253193923,0.29232085,0.281671854,0.335378507,0.215866121,0.446968531,0.363517233,0.174292119,0.430629779,0.353907703,0.104357967,0.164414175,0.417951316,40.2,NA,NA,NA,NA,NA,NA,NA,NA,NA,NA,NA,NA,NA,NA,NA,NA,NA,0.399114563
Greensboro,Guilford,NC,GBR,1,1,2014,37081,0.295182681,0.245617874,0.259108201,0.326827309,0.210099679,0.444130475,0.351291705,0.171996272,0.461418969,0.357457064,0.104818455,0.116714996,0.400963879,35.3,NA,NA,NA,NA,NA,NA,NA,NA,NA,NA,NA,NA,NA,NA,NA,NA,NA,0.402177415
Greensboro,Guilford,NC,GBR,1,1,2015,37081,0.261841217,0.223003331,0.23346499,0.337391234,0.231971912,0.438251772,0.353189424,0.175164691,0.406063805,0.323592728,0.094651463,0.14474362,0.404480821,39.9,NA,NA,NA,NA,NA,NA,NA,NA,NA,NA,NA,NA,NA,NA,NA,NA,NA,0.413367766
Greenville,Greenville,SC,GVL,1,0,2005,45045,0.234351619,0.173593951,0.191120423,0.27814911,0.110570515,0.390526197,0.315233677,0.155369469,0.366561172,0.309738674,0.092395334,0.133676668,0.33236943,49.6,NA,NA,NA,NA,NA,NA,NA,NA,NA,NA,NA,NA,NA,NA,NA,NA,NA,0.402129673
Greenville,Greenville,SC,GVL,1,0,2006,45045,0.228371614,0.186963519,0.198745467,0.256872318,0.096454827,0.375406702,0.29302709,0.142225087,0.378367663,0.286298679,0.06707394,0.137766574,0.310494957,46.1,NA,NA,NA,NA,NA,NA,NA,NA,NA,NA,NA,NA,NA,NA,NA,NA,NA,0.364281033
Greenville,Greenville,SC,GVL,1,0,2007,45045,0.206217163,0.145644074,0.163389342,0.28228606,0.126322379,0.393601856,0.316807863,0.153814871,0.369704773,0.292741806,0.081969851,0.148403067,0.324912834,46.6,NA,NA,NA,NA,NA,NA,NA,NA,NA,NA,NA,NA,NA,NA,NA,NA,NA,0.402345814
Greenville,Greenville,SC,GVL,1,0,2008,45045,0.246879154,0.17814515,0.198580945,0.290058937,0.14946332,0.412180755,0.326620945,0.160314722,0.40532394,0.315773794,0.079420991,0.081944761,0.333091298,51.7,NA,NA,NA,NA,NA,NA,NA,NA,NA,NA,NA,NA,NA,NA,NA,NA,NA,0.380248637
Greenville,Greenville,SC,GVL,1,0,2009,45045,0.291521343,0.203214281,0.229921216,0.287296135,0.143944609,0.403132026,0.319927032,0.159957339,0.418671116,0.350789665,0.104341505,0.094778457,0.341733058,52.1,NA,NA,NA,NA,NA,NA,NA,NA,NA,NA,NA,NA,NA,NA,NA,NA,NA,0.402902311
Greenville,Greenville,SC,GVL,1,0,2010,45045,0.266745306,0.193221854,0.214687951,0.295118009,0.1629837,0.412917562,0.318247591,0.153548063,0.41578604,0.331376386,0.10154925,0.084739677,0.328506879,55.6,NA,NA,NA,NA,NA,NA,NA,NA,NA,NA,NA,NA,NA,NA,NA,NA,NA,0.406187605
Greenville,Greenville,SC,GVL,1,0,2011,45045,0.29918614,0.245122444,0.261186989,0.276591368,0.1350355,0.399433922,0.310150887,0.146657259,0.390393211,0.302989571,0.1004405,0.17675275,0.32746105,43.3,NA,NA,NA,NA,NA,NA,NA,NA,NA,NA,NA,NA,NA,NA,NA,NA,NA,0.379432045
Greenville,Greenville,SC,GVL,1,0,2012,45045,0.285304888,0.231286482,0.246824139,0.314035741,0.131811445,0.435626699,0.348132488,0.179401993,0.426841735,0.3541467,0.114098141,0.176528186,0.36178049,41.5,NA,NA,NA,NA,NA,NA,NA,NA,NA,NA,NA,NA,NA,NA,NA,NA,NA,0.404728619
Greenville,Greenville,SC,GVL,1,0,2013,45045,0.320110519,0.251348977,0.270337536,0.31208024,0.144259504,0.434524213,0.335701266,0.168827854,0.422718603,0.364802875,0.112000883,0.104309303,0.355001574,40,NA,NA,NA,NA,NA,NA,NA,NA,NA,NA,NA,NA,NA,NA,NA,NA,NA,0.401934969
Greenville,Greenville,SC,GVL,1,0,2014,45045,0.246416471,0.214642452,0.223510265,0.309747772,0.171944123,0.441762491,0.347122118,0.171478201,0.449865629,0.358246069,0.111682575,0.141050626,0.358871965,33.8,NA,NA,NA,NA,NA,NA,NA,NA,NA,NA,NA,NA,NA,NA,NA,NA,NA,0.412965852
Greenville,Greenville,SC,GVL,1,0,2015,45045,0.161251158,0.184683039,0.178055701,0.32300232,0.154764231,0.428442581,0.34342936,0.176528858,0.425551951,0.347673358,0.132124546,0.1332659,0.362093594,48.4,NA,NA,NA,NA,NA,NA,NA,NA,NA,NA,NA,NA,NA,NA,NA,NA,NA,0.413517448
Indianapolis,Marion,IN,IND,1,1,2005,18097,0.266491743,0.197006299,0.218951114,0.255367975,0.155071405,0.354097108,0.279322479,0.124964854,0.395785064,0.316953375,0.069087822,0.087331516,0.306344686,44.5,NA,NA,NA,NA,NA,NA,NA,NA,NA,NA,NA,NA,NA,NA,NA,NA,NA,0.375731336
Indianapolis,Marion,IN,IND,1,1,2006,18097,0.262360953,0.222600799,0.235266115,0.245612695,0.146895962,0.349827881,0.279871263,0.133883744,0.376168485,0.301082889,0.072911856,0.116971949,0.301141324,44.2,NA,NA,NA,NA,NA,NA,NA,NA,NA,NA,NA,NA,NA,NA,NA,NA,NA,0.376567058
Indianapolis,Marion,IN,IND,1,1,2007,18097,0.259100489,0.217033556,0.230155181,0.255704938,0.153170028,0.355652245,0.285168043,0.132146586,0.365693442,0.303564587,0.0694879,0.08352392,0.311533736,41.9,NA,NA,NA,NA,NA,NA,NA,NA,NA,NA,NA,NA,NA,NA,NA,NA,NA,0.369208801
Indianapolis,Marion,IN,IND,1,1,2008,18097,0.281513902,0.220360025,0.239517827,0.266512436,0.174667766,0.370852431,0.296607198,0.136129909,0.384178866,0.315616743,0.077119926,0.096491494,0.320313058,37.2,NA,NA,NA,NA,NA,NA,NA,NA,NA,NA,NA,NA,NA,NA,NA,NA,NA,0.38092754
Indianapolis,Marion,IN,IND,1,1,2009,18097,0.324872815,0.267717313,0.286125671,0.268103829,0.139757428,0.362233388,0.296758919,0.133676008,0.410361928,0.34954988,0.08864362,0.087902448,0.331455529,40.8,NA,NA,NA,NA,NA,NA,NA,NA,NA,NA,NA,NA,NA,NA,NA,NA,NA,0.397919596
Indianapolis,Marion,IN,IND,1,1,2010,18097,0.359918417,0.290471877,0.311612099,0.258099727,0.145236107,0.357665055,0.279981508,0.129227112,0.365002577,0.290781653,0.083140354,0.088150324,0.309619201,35.1,NA,NA,NA,NA,NA,NA,NA,NA,NA,NA,NA,NA,NA,NA,NA,NA,NA,0.363326332
Indianapolis,Marion,IN,IND,1,1,2011,18097,0.352271556,0.316773232,0.327687299,0.252619275,0.155162304,0.345775692,0.271410299,0.123568156,0.379253564,0.301582009,0.067880108,0.053236175,0.302456212,39.7,NA,NA,NA,NA,NA,NA,NA,NA,NA,NA,NA,NA,NA,NA,NA,NA,NA,0.364210516
Indianapolis,Marion,IN,IND,1,1,2012,18097,0.359236674,0.319733663,0.33201985,0.28092395,0.164466753,0.382131076,0.298076146,0.136804275,0.416708918,0.334358489,0.090943054,0.114399364,0.333788534,40.2,NA,NA,NA,NA,NA,NA,NA,NA,NA,NA,NA,NA,NA,NA,NA,NA,NA,0.361910316
Indianapolis,Marion,IN,IND,1,1,2013,18097,0.339363995,0.293659658,0.307688846,0.265747062,0.148374173,0.360184085,0.288102622,0.131129864,0.382095984,0.311921121,0.092830774,0.101913983,0.327782798,32.7,NA,NA,NA,NA,NA,NA,NA,NA,NA,NA,NA,NA,NA,NA,NA,NA,NA,0.377526047
Indianapolis,Marion,IN,IND,1,1,2014,18097,0.364521536,0.311062021,0.327477475,0.285114506,0.175131785,0.372183852,0.300851341,0.13634344,0.414643235,0.342074295,0.105087671,0.116641303,0.332433399,46.9,NA,NA,NA,NA,NA,NA,NA,NA,NA,NA,NA,NA,NA,NA,NA,NA,NA,0.365873897
Indianapolis,Marion,IN,IND,1,1,2015,18097,0.360171812,0.310662949,0.32585343,0.290429719,0.179958967,0.385568336,0.304150302,0.138025791,0.425046801,0.352223872,0.102659609,0.090616527,0.328039178,36.1,NA,NA,NA,NA,NA,NA,NA,NA,NA,NA,NA,NA,NA,NA,NA,NA,NA,0.374001645
Jacksonville,Duval,FL,JAC,0,1,2005,12031,0.181024495,0.146844403,0.156703807,0.23719884,0.160865837,0.355992738,0.260621168,0.115628649,0.350514897,0.276632035,0.068197449,0.23423926,0.279106483,51.2,NA,NA,NA,NA,NA,NA,NA,NA,NA,NA,NA,NA,NA,NA,NA,NA,NA,0.374673903
Jacksonville,Duval,FL,JAC,0,1,2006,12031,0.186552113,0.191107955,0.189765169,0.22511562,0.167279761,0.343130636,0.249217243,0.111537176,0.341690746,0.236723871,0.061165339,0.207511669,0.263770796,54.1,NA,NA,NA,NA,NA,NA,NA,NA,NA,NA,NA,NA,NA,NA,NA,NA,NA,0.376614341
Jacksonville,Duval,FL,JAC,0,1,2007,12031,0.206410675,0.183326937,0.190300997,0.245371707,0.152830019,0.361232636,0.262229045,0.121917979,0.384379408,0.28278385,0.079389986,0.253890887,0.283163034,56.4,NA,NA,NA,NA,NA,NA,NA,NA,NA,NA,NA,NA,NA,NA,NA,NA,NA,0.370746728
Jacksonville,Duval,FL,JAC,0,1,2008,12031,0.173603592,0.156973897,0.161903458,0.224639465,0.130987823,0.340076756,0.247749802,0.121164338,0.326636891,0.245827532,0.057872087,0.220263457,0.266309529,57.6,NA,NA,NA,NA,NA,NA,NA,NA,NA,NA,NA,NA,NA,NA,NA,NA,NA,0.390987461
Jacksonville,Duval,FL,JAC,0,1,2009,12031,0.258203082,0.223040052,0.234013199,0.258842324,0.162035165,0.366838464,0.273786569,0.122805747,0.367859469,0.287702825,0.069831001,0.210938724,0.289111856,51,NA,NA,NA,NA,NA,NA,NA,NA,NA,NA,NA,NA,NA,NA,NA,NA,NA,0.392450263
Jacksonville,Duval,FL,JAC,0,1,2010,12031,0.242104556,0.232851832,0.235599274,0.24283981,0.155155632,0.348386405,0.252140698,0.111305789,0.36837846,0.2574626,0.056024417,0.210335694,0.278169588,51.6,NA,NA,NA,NA,NA,NA,NA,NA,NA,NA,NA,NA,NA,NA,NA,NA,NA,0.379562306
Jacksonville,Duval,FL,JAC,0,1,2011,12031,0.289233041,0.248545345,0.260721764,0.241908307,0.149623138,0.362639701,0.259113298,0.115670513,0.373921859,0.260925158,0.063213086,0.224614355,0.290771498,47.1,NA,NA,NA,NA,NA,NA,NA,NA,NA,NA,NA,NA,NA,NA,NA,NA,NA,0.387133562
Jacksonville,Duval,FL,JAC,0,1,2012,12031,0.278762179,0.272171741,0.274154357,0.258484427,0.166683124,0.368297636,0.271912595,0.117306196,0.398981299,0.28810648,0.067992713,0.236980111,0.287700496,42.7,NA,NA,NA,NA,NA,NA,NA,NA,NA,NA,NA,NA,NA,NA,NA,NA,NA,0.396012443
Jacksonville,Duval,FL,JAC,0,1,2013,12031,0.326518513,0.234491016,0.262210023,0.266008625,0.174752799,0.397534735,0.283992284,0.12745727,0.435505761,0.307780601,0.07251451,0.250361491,0.305266594,45.9,NA,NA,NA,NA,NA,NA,NA,NA,NA,NA,NA,NA,NA,NA,NA,NA,NA,0.402016475
Jacksonville,Duval,FL,JAC,0,1,2014,12031,0.303754732,0.269810857,0.279918153,0.244415975,0.148416977,0.376633894,0.264684644,0.117120186,0.394940992,0.286585837,0.083003953,0.218465424,0.300154724,52.3,NA,NA,NA,NA,NA,NA,NA,NA,NA,NA,NA,NA,NA,NA,NA,NA,NA,0.386794913
Jacksonville,Duval,FL,JAC,0,1,2015,12031,0.270934411,0.255834951,0.260370451,0.28817387,0.163462473,0.39671354,0.299478238,0.133846814,0.401700996,0.305575714,0.09400921,0.239072793,0.327153929,48.9,NA,NA,NA,NA,NA,NA,NA,NA,NA,NA,NA,NA,NA,NA,NA,NA,NA,0.404105372
Kansas City,Jackson,MO,KC,1,1,2005,29095,0.225830392,0.200598454,0.208388811,0.258727642,0.149941563,0.360297123,0.29683065,0.145504553,0.366926788,0.304430957,0.071333289,0.118962908,0.315883624,44.2,NA,NA,NA,NA,NA,NA,NA,NA,NA,NA,NA,NA,NA,NA,NA,NA,NA,0.383862572
Kansas City,Jackson,MO,KC,1,1,2006,29095,0.307632569,0.220135579,0.246532221,0.252777378,0.143671103,0.363222843,0.284114764,0.13633854,0.371726624,0.278902338,0.060624555,0.119867032,0.302504546,49,NA,NA,NA,NA,NA,NA,NA,NA,NA,NA,NA,NA,NA,NA,NA,NA,NA,0.371710628
Kansas City,Jackson,MO,KC,1,1,2007,29095,0.310309893,0.195300452,0.230924004,0.26258119,0.126649544,0.354371059,0.289083861,0.13974189,0.357638334,0.299908728,0.090039932,0.112959191,0.311139428,46.4,NA,NA,NA,NA,NA,NA,NA,NA,NA,NA,NA,NA,NA,NA,NA,NA,NA,0.385050158
Kansas City,Jackson,MO,KC,1,1,2008,29095,0.245000912,0.195830971,0.210628361,0.256909758,0.138240274,0.370371295,0.286133362,0.146094489,0.389662511,0.30976614,0.083169485,0.096708954,0.311702027,41.3,NA,NA,NA,NA,NA,NA,NA,NA,NA,NA,NA,NA,NA,NA,NA,NA,NA,0.407878342
Kansas City,Jackson,MO,KC,1,1,2009,29095,0.287133981,0.220961765,0.241775844,0.280322108,0.147554708,0.361285047,0.301949044,0.146931973,0.403068602,0.345396158,0.092349152,0.101343596,0.325266351,47.8,NA,NA,NA,NA,NA,NA,NA,NA,NA,NA,NA,NA,NA,NA,NA,NA,NA,0.379852231
Kansas City,Jackson,MO,KC,1,1,2010,29095,0.308005023,0.236939806,0.25772336,0.264137093,0.145224515,0.359433442,0.289534948,0.151519832,0.387094144,0.31449361,0.092146832,0.101036359,0.317556753,37.9,NA,NA,NA,NA,NA,NA,NA,NA,NA,NA,NA,NA,NA,NA,NA,NA,NA,0.398518206
Kansas City,Jackson,MO,KC,1,1,2011,29095,0.355595284,0.269877193,0.295385453,0.261510814,0.151174919,0.369897798,0.292365487,0.145660603,0.402096503,0.319836761,0.103524846,0.130967964,0.318746507,45.2,NA,NA,NA,NA,NA,NA,NA,NA,NA,NA,NA,NA,NA,NA,NA,NA,NA,0.389575682
Kansas City,Jackson,MO,KC,1,1,2012,29095,0.37857691,0.259527777,0.293796116,0.270342748,0.143507857,0.370630427,0.288912199,0.137986523,0.416348388,0.329261361,0.099542277,0.13581256,0.323005195,32.4,NA,NA,NA,NA,NA,NA,NA,NA,NA,NA,NA,NA,NA,NA,NA,NA,NA,0.394551108
Kansas City,Jackson,MO,KC,1,1,2013,29095,0.256566401,0.25044541,0.252228535,0.272067362,0.139886405,0.365622066,0.294225363,0.13909547,0.412089688,0.340337163,0.103558729,0.140291472,0.334975779,41.8,NA,NA,NA,NA,NA,NA,NA,NA,NA,NA,NA,NA,NA,NA,NA,NA,NA,0.378195418
Kansas City,Jackson,MO,KC,1,1,2014,29095,0.296041456,0.218341382,0.240958878,0.288832414,0.154026481,0.392363458,0.312855663,0.143941459,0.440484773,0.360160162,0.108021745,0.125454545,0.349188958,36.7,NA,NA,NA,NA,NA,NA,NA,NA,NA,NA,NA,NA,NA,NA,NA,NA,NA,0.403512856
Kansas City,Jackson,MO,KC,1,1,2015,29095,0.312329663,0.258558827,0.273959771,0.294450037,0.150562154,0.392179338,0.31352454,0.151168128,0.434562496,0.357138724,0.105851382,0.127229299,0.350990482,40.8,NA,NA,NA,NA,NA,NA,NA,NA,NA,NA,NA,NA,NA,NA,NA,NA,NA,0.388338514
Knoxville,Knox,TN,KNO,1,0,2005,47093,0.204935668,0.189717439,0.194036999,0.278164211,0.193169798,0.394201282,0.323143227,0.166100719,0.458127633,0.379771786,0.134360477,NA,0.304372919,39.2,NA,NA,NA,NA,NA,NA,NA,NA,NA,NA,NA,NA,NA,NA,NA,NA,NA,0.400575164
Knoxville,Knox,TN,KNO,1,0,2006,47093,0.250178699,0.126625632,0.162354589,0.314339547,0.160464677,0.430031292,0.350299508,0.187358069,0.453518743,0.379281168,0.131571203,NA,0.330871042,40.1,NA,NA,NA,NA,NA,NA,NA,NA,NA,NA,NA,NA,NA,NA,NA,NA,NA,0.415017141
Knoxville,Knox,TN,KNO,1,0,2007,47093,0.169942197,0.149381234,0.155249786,0.307902004,0.228419119,0.434850808,0.359733602,0.180313719,0.471838893,0.393168894,0.128436379,0.411135371,0.330141099,31.9,NA,NA,NA,NA,NA,NA,NA,NA,NA,NA,NA,NA,NA,NA,NA,NA,NA,0.407352962
Knoxville,Knox,TN,KNO,1,0,2008,47093,0.214141042,0.174153732,0.186002357,0.319075257,0.209288465,0.451186163,0.372619048,0.174197723,0.485277614,0.417107537,0.11222145,0.216140482,0.355732879,46.1,NA,NA,NA,NA,NA,NA,NA,NA,NA,NA,NA,NA,NA,NA,NA,NA,NA,0.434974625
Knoxville,Knox,TN,KNO,1,0,2009,47093,0.269382697,0.160490864,0.190895329,0.325092852,0.186102557,0.478147205,0.387429057,0.184028243,0.532697231,0.457237608,0.124990303,NA,0.358896232,40.8,NA,NA,NA,NA,NA,NA,NA,NA,NA,NA,NA,NA,NA,NA,NA,NA,NA,0.425785956
Knoxville,Knox,TN,KNO,1,0,2010,47093,0.261897428,0.116503205,0.158129127,0.338882448,0.188602382,0.450993897,0.367674641,0.186849982,0.498101159,0.415459587,0.157788607,NA,0.348286403,51.5,NA,NA,NA,NA,NA,NA,NA,NA,NA,NA,NA,NA,NA,NA,NA,NA,NA,0.439462149
Knoxville,Knox,TN,KNO,1,0,2011,47093,0.248792082,0.173066188,0.194203056,0.305807997,0.177442712,0.454352232,0.356701819,0.180156467,0.45390795,0.371866109,0.136284519,0.212030075,0.338657947,27.8,NA,NA,NA,NA,NA,NA,NA,NA,NA,NA,NA,NA,NA,NA,NA,NA,NA,0.432767372
Knoxville,Knox,TN,KNO,1,0,2012,47093,0.190965574,0.219149714,0.211246617,0.327790489,0.167316153,0.486470152,0.3730106,0.192143987,0.502301225,0.397290572,0.124575127,NA,0.362700553,37.2,NA,NA,NA,NA,NA,NA,NA,NA,NA,NA,NA,NA,NA,NA,NA,NA,NA,0.432723031
Knoxville,Knox,TN,KNO,1,0,2013,47093,0.209810549,0.210714393,0.21046456,0.324582719,0.213310655,0.466770511,0.371288172,0.193301176,0.512844783,0.428735117,0.152842126,0.131934217,0.361024365,43.3,NA,NA,NA,NA,NA,NA,NA,NA,NA,NA,NA,NA,NA,NA,NA,NA,NA,0.427459217
Knoxville,Knox,TN,KNO,1,0,2014,47093,0.304563263,0.221749237,0.244476303,0.342510624,0.178155319,0.446515404,0.369987304,0.180210915,0.435933639,0.356562957,0.111508917,0.165009496,0.360579684,42.4,NA,NA,NA,NA,NA,NA,NA,NA,NA,NA,NA,NA,NA,NA,NA,NA,NA,0.418868226
Knoxville,Knox,TN,KNO,1,0,2015,47093,0.239657342,0.197281373,0.208419592,0.333712767,0.194170004,0.459048976,0.379100146,0.202048517,0.479828269,0.399575684,0.153639264,0.274780287,0.374439667,43.4,NA,NA,NA,NA,NA,NA,NA,NA,NA,NA,NA,NA,NA,NA,NA,NA,NA,0.449875301
Louisville,Jefferson,KY,LOU,1,1,2005,21111,0.27751727,0.160889453,0.195443861,0.262160788,0.134015467,0.379904112,0.301689109,0.159346127,0.417959562,0.331192329,0.093212864,0.24382419,0.297266546,45.3,NA,NA,NA,NA,NA,NA,NA,NA,NA,NA,NA,NA,NA,NA,NA,NA,NA,0.37728885
Louisville,Jefferson,KY,LOU,1,1,2006,21111,0.278167544,0.209844894,0.229780364,0.26997914,0.144962763,0.372380792,0.299983708,0.167101121,0.382388856,0.303310569,0.103986703,0.231662419,0.298260518,53.8,NA,NA,NA,NA,NA,NA,NA,NA,NA,NA,NA,NA,NA,NA,NA,NA,NA,0.394457681
Louisville,Jefferson,KY,LOU,1,1,2007,21111,0.255045409,0.202195434,0.217390253,0.259004384,0.122096294,0.376812346,0.302146794,0.162016232,0.379707626,0.316463877,0.10604136,0.243645543,0.307639595,49.3,NA,NA,NA,NA,NA,NA,NA,NA,NA,NA,NA,NA,NA,NA,NA,NA,NA,0.384451401
Louisville,Jefferson,KY,LOU,1,1,2008,21111,0.285141769,0.21185884,0.233740591,0.271848262,0.162319209,0.382590479,0.310378354,0.165782985,0.424981523,0.370663483,0.128045938,0.127195183,0.307824485,62.5,NA,55.7,9.6,96.1,NA,NA,NA,NA,NA,NA,NA,NA,NA,NA,NA,NA,NA,0.380930444
Louisville,Jefferson,KY,LOU,1,1,2009,21111,0.245832004,0.223580126,0.230440075,0.284810811,0.144929052,0.403868182,0.32337099,0.160775469,0.452409469,0.363338636,0.111088238,0.173031026,0.325047628,48.3,18.7,56.8,9.8,95.3,NA,NA,NA,NA,NA,219.4265955,232.8294764,229.740367,243.1531272,202.7293626,216.2115082,NA,226.3524923,0.391440376
Louisville,Jefferson,KY,LOU,1,1,2010,21111,0.296624332,0.238386503,0.255091586,0.295552376,0.164736417,0.401280932,0.329621674,0.170958764,0.438879868,0.364793133,0.117549307,0.210454234,0.330139044,43.5,18.5,57.8,8.4,91.4,NA,NA,NA,NA,NA,NA,NA,NA,NA,NA,NA,NA,NA,0.400031008
Louisville,Jefferson,KY,LOU,1,1,2011,21111,0.319920145,0.260080051,0.277335364,0.279292987,0.188045241,0.389183648,0.311772258,0.164625807,0.411645939,0.333879958,0.121530674,0.177550572,0.316884817,46.2,18.7,56.7,8.4,92.4,NA,NA,NA,NA,NA,222.7909589,235.2414368,230.4905456,242.9317418,208.0143107,221.2053974,221.492882,237.8457551,0.404037929
Louisville,Jefferson,KY,LOU,1,1,2012,21111,0.30598961,0.256347092,0.270733783,0.295216251,0.178139712,0.413220701,0.330945552,0.17305923,0.443616483,0.364072944,0.132060811,0.255926438,0.334466867,54.3,19.1,66,9.1,90.9,NA,NA,NA,NA,NA,NA,NA,NA,NA,NA,NA,NA,NA,0.391151511
Louisville,Jefferson,KY,LOU,1,1,2013,21111,0.25113869,0.217182573,0.226889652,0.301352066,0.152016722,0.415137195,0.327620862,0.175108376,0.451799985,0.360709264,0.13305646,0.187697079,0.340207142,46.1,18.8,62.9,9.11,92.7,47.9,NA,NA,NA,NA,220.9394003,233.6955628,232.5850993,244.5513469,203.0271111,219.9461008,221.4848524,224.4598089,0.399140873
Louisville,Jefferson,KY,LOU,1,1,2014,21111,0.2883167,0.231562266,0.248083834,0.310288243,0.154005426,0.416672152,0.333140724,0.182474028,0.462432499,0.385004066,0.137149018,0.292135398,0.3470472,43.1,19.1,71.2,9.6,92.3,52.3,NA,NA,NA,NA,NA,NA,NA,NA,NA,NA,NA,NA,0.398367065
Louisville,Jefferson,KY,LOU,1,1,2015,21111,0.239331371,0.225329852,0.229452159,0.325239463,0.182494123,0.446640999,0.357189243,0.182131052,0.492478957,0.407819712,0.145433976,0.290344592,0.364551635,48.5,19.1,NA,NA,NA,51.9,NA,NA,NA,NA,221.9467184,235.7361865,231.627958,244.5876462,207.953615,224.5681262,217.2208724,225.5759186,0.4234203
Louisville,Jefferson,KY,LOU,1,1,2016,21111,NA,NA,NA,NA,NA,NA,NA,NA,NA,NA,NA,NA,NA,NA,19,NA,NA,NA,47.9,63.4,75.5,44.7,58.2,NA,NA,NA,NA,NA,NA,NA,NA,NA
Memphis,Shelby,TN,MEM,1,1,2005,47157,0.295439967,0.258585402,0.269267171,0.261601635,0.152172997,0.361061768,0.291982081,0.139462725,0.354192304,0.28995244,0.086107693,0.154087864,0.386553265,47.7,NA,NA,NA,NA,NA,NA,NA,NA,NA,NA,NA,NA,NA,NA,NA,NA,NA,0.372234475
Memphis,Shelby,TN,MEM,1,1,2006,47157,0.293340777,0.275001277,0.280112343,0.256502905,0.138821612,0.339328018,0.283579324,0.14007744,0.311874106,0.268424524,0.076610727,0.111351523,0.392275491,40.5,NA,NA,NA,NA,NA,NA,NA,NA,NA,NA,NA,NA,NA,NA,NA,NA,NA,0.351510133
Memphis,Shelby,TN,MEM,1,1,2007,47157,0.374064194,0.284594037,0.310453317,0.266497874,0.144935916,0.353740693,0.291364731,0.151508748,0.314127806,0.256537417,0.082639938,0.12519984,0.394010734,46.7,NA,NA,NA,NA,NA,NA,NA,NA,NA,NA,NA,NA,NA,NA,NA,NA,NA,0.368353388
Memphis,Shelby,TN,MEM,1,1,2008,47157,0.322548935,0.263505466,0.280610792,0.271666319,0.144850191,0.364550321,0.298266369,0.158417753,0.317031661,0.256528473,0.093757879,0.138028858,0.405070523,52.4,NA,NA,NA,NA,NA,NA,NA,NA,NA,NA,NA,NA,NA,NA,NA,NA,NA,0.393668738
Memphis,Shelby,TN,MEM,1,1,2009,47157,0.376105696,0.299709916,0.321809248,0.260637604,0.145049188,0.349153686,0.288012518,0.143960236,0.332531202,0.284240825,0.08968655,0.14253692,0.389328685,39.7,NA,NA,NA,NA,NA,NA,NA,NA,NA,NA,NA,NA,NA,NA,NA,NA,NA,0.383468337
Memphis,Shelby,TN,MEM,1,1,2010,47157,0.342927758,0.28608415,0.301681508,0.2796606,0.155330503,0.361558238,0.295135773,0.148903021,0.34528713,0.285081878,0.088829693,0.1469345,0.407520002,39.5,NA,NA,NA,NA,NA,NA,NA,NA,NA,NA,NA,NA,NA,NA,NA,NA,NA,0.386607233
Memphis,Shelby,TN,MEM,1,1,2011,47157,0.401422475,0.287344259,0.319314825,0.291443873,0.176409077,0.378699606,0.318521828,0.154232851,0.374488564,0.325367968,0.098772554,0.160071878,0.43719048,44.3,NA,NA,NA,NA,NA,NA,NA,NA,NA,NA,NA,NA,NA,NA,NA,NA,NA,0.389950011
Memphis,Shelby,TN,MEM,1,1,2012,47157,0.397827281,0.303480543,0.330221934,0.285513561,0.168905404,0.373936955,0.301787381,0.146972693,0.351522079,0.288014379,0.085707195,0.144161036,0.42074731,40.8,NA,NA,NA,NA,NA,NA,NA,NA,NA,NA,NA,NA,NA,NA,NA,NA,NA,0.388153715
Memphis,Shelby,TN,MEM,1,1,2013,47157,0.405173957,0.340497234,0.358738828,0.302235758,0.17823297,0.381680868,0.308909437,0.161559192,0.363559933,0.297164004,0.100948835,0.095767653,0.425654218,44.3,NA,NA,NA,NA,NA,NA,NA,NA,NA,NA,NA,NA,NA,NA,NA,NA,NA,0.392753825
Memphis,Shelby,TN,MEM,1,1,2014,47157,0.378506467,0.349681912,0.357973778,0.292496286,0.173815373,0.37005237,0.309847099,0.155731966,0.352576564,0.301419129,0.094434143,0.101066695,0.439431616,39.4,NA,NA,NA,NA,NA,NA,NA,NA,NA,NA,NA,NA,NA,NA,NA,NA,NA,0.38123143
Memphis,Shelby,TN,MEM,1,1,2015,47157,0.384902227,0.302310461,0.326059265,0.296949677,0.179345411,0.366937207,0.302831865,0.152326399,0.36076887,0.300505483,0.102868373,0.113882403,0.423608937,36.8,NA,NA,NA,NA,NA,NA,NA,NA,NA,NA,NA,NA,NA,NA,NA,NA,NA,0.384955884
Nashville,Davidson,TN,NAS,1,1,2005,47037,0.236414553,0.23159307,0.233218387,0.308195715,0.175082763,0.411437876,0.346717383,0.165309179,0.465627625,0.403739188,0.108475038,0.192289249,0.378158726,35.1,NA,NA,NA,NA,NA,NA,NA,NA,NA,NA,NA,NA,NA,NA,NA,NA,NA,0.409667322
Nashville,Davidson,TN,NAS,1,1,2006,47037,0.284973855,0.251468388,0.2624074,0.317807794,0.229605449,0.424075042,0.354777811,0.17404394,0.437162091,0.383759461,0.119362377,0.108902673,0.365790314,34.9,NA,NA,NA,NA,NA,NA,NA,NA,NA,NA,NA,NA,NA,NA,NA,NA,NA,0.408498382
Nashville,Davidson,TN,NAS,1,1,2007,47037,0.34609657,0.207526417,0.250896867,0.321943666,0.230995704,0.420717084,0.356263807,0.164350983,0.439330223,0.383314716,0.121021968,0.080183779,0.37472686,36.9,NA,NA,NA,NA,NA,NA,NA,NA,NA,NA,NA,NA,NA,NA,NA,NA,NA,0.387424087
Nashville,Davidson,TN,NAS,1,1,2008,47037,0.285004429,0.276919389,0.279475446,0.305665308,0.204703981,0.400129597,0.340103052,0.164775295,0.430315522,0.381231738,0.113490679,0.096425376,0.364392656,44.9,NA,NA,NA,NA,NA,NA,NA,NA,NA,NA,NA,NA,NA,NA,NA,NA,NA,0.41124429
Nashville,Davidson,TN,NAS,1,1,2009,47037,0.343195014,0.244200673,0.278530768,0.345812884,0.262870702,0.441418268,0.375313905,0.175038389,0.472978211,0.411469305,0.114996377,0.118971523,0.386195148,45.7,NA,NA,NA,NA,NA,NA,NA,NA,NA,NA,NA,NA,NA,NA,NA,NA,NA,0.41934222
Nashville,Davidson,TN,NAS,1,1,2010,47037,0.34917107,0.311253154,0.323798661,0.3317037,0.214995614,0.428034805,0.362325476,0.182440925,0.463866508,0.391150442,0.13609827,0.077252678,0.406154555,45.5,NA,NA,NA,NA,NA,NA,NA,NA,NA,NA,NA,NA,NA,NA,NA,NA,NA,0.403786485
Nashville,Davidson,TN,NAS,1,1,2011,47037,0.33175665,0.296884863,0.308378744,0.335693066,0.251183261,0.417443757,0.366189185,0.167086064,0.451703888,0.413948305,0.111466415,0.116255677,0.394311945,37.8,NA,NA,NA,NA,NA,NA,NA,NA,NA,NA,NA,NA,NA,NA,NA,NA,NA,0.421503268
Nashville,Davidson,TN,NAS,1,1,2012,47037,0.303487422,0.293964564,0.297100343,0.35444025,0.237799034,0.450329555,0.388346445,0.17852139,0.515333749,0.455565765,0.134787674,0.145708463,0.427118175,37.1,NA,NA,NA,NA,NA,NA,NA,NA,NA,NA,NA,NA,NA,NA,NA,NA,NA,0.428685154
Nashville,Davidson,TN,NAS,1,1,2013,47037,0.30194684,0.306951477,0.305326978,0.369644453,0.246495579,0.456798244,0.387446937,0.176977528,0.541178731,0.477967838,0.14389543,0.130148029,0.43190522,45,NA,NA,NA,NA,NA,NA,NA,NA,NA,NA,NA,NA,NA,NA,NA,NA,NA,0.423852022
Nashville,Davidson,TN,NAS,1,1,2014,47037,0.345971973,0.326709869,0.332999605,0.369689244,0.268380282,0.4622993,0.390537081,0.171973586,0.547537604,0.485887884,0.14238633,0.143038193,0.4223777,40.1,NA,NA,NA,NA,NA,NA,NA,NA,NA,NA,NA,NA,NA,NA,NA,NA,NA,0.412516493
Nashville,Davidson,TN,NAS,1,1,2015,47037,0.267878503,0.283264328,0.278190987,0.38319159,0.245681314,0.46909074,0.400887246,0.191154863,0.551154509,0.491165997,0.172353054,0.141343655,0.442742214,40.2,NA,NA,NA,NA,NA,NA,NA,NA,NA,NA,NA,NA,NA,NA,NA,NA,NA,0.429840865
Oklahoma City,Oklahoma,OK,OKC,1,0,2005,40109,0.346936529,0.234508157,0.271216397,0.269313277,0.170863854,0.371518061,0.303694093,0.146488803,0.377004998,0.305765344,0.070706664,0.115191943,0.320435673,38,NA,NA,NA,NA,NA,NA,NA,NA,NA,NA,NA,NA,NA,NA,NA,NA,NA,0.37161016
Oklahoma City,Oklahoma,OK,OKC,1,0,2006,40109,0.284499309,0.241734697,0.255446821,0.258724388,0.179131301,0.342724937,0.286378096,0.136130051,0.300500419,0.248753938,0.059731249,0.077355734,0.296347537,36.4,NA,NA,NA,NA,NA,NA,NA,NA,NA,NA,NA,NA,NA,NA,NA,NA,NA,0.370732822
Oklahoma City,Oklahoma,OK,OKC,1,0,2007,40109,0.255948346,0.222298698,0.233354492,0.272181275,0.176055346,0.358221018,0.302690595,0.14204931,0.339078065,0.279309045,0.064987895,0.072939683,0.322967213,42.6,NA,NA,NA,NA,NA,NA,NA,NA,NA,NA,NA,NA,NA,NA,NA,NA,NA,0.385298597
Oklahoma City,Oklahoma,OK,OKC,1,0,2008,40109,0.263410061,0.230875424,0.241370621,0.259284998,0.154966102,0.355746645,0.288295909,0.138764325,0.340272901,0.265676733,0.060549814,0.076595745,0.302750692,43.2,NA,NA,NA,NA,NA,NA,NA,NA,NA,NA,NA,NA,NA,NA,NA,NA,NA,0.395919832
Oklahoma City,Oklahoma,OK,OKC,1,0,2009,40109,0.277394583,0.246271836,0.256377853,0.271359666,0.189942011,0.369709271,0.305043909,0.145022409,0.375182557,0.312400131,0.074543393,0.060351166,0.320354075,35.8,NA,NA,NA,NA,NA,NA,NA,NA,NA,NA,NA,NA,NA,NA,NA,NA,NA,0.394133644
Oklahoma City,Oklahoma,OK,OKC,1,0,2010,40109,0.329221616,0.275846568,0.292425933,0.265353363,0.18714465,0.357640353,0.294812753,0.142228409,0.354001783,0.290213416,0.078198061,0.079928498,0.311019647,45.8,NA,NA,NA,NA,NA,NA,NA,NA,NA,NA,NA,NA,NA,NA,NA,NA,NA,0.386692451
Oklahoma City,Oklahoma,OK,OKC,1,0,2011,40109,0.335438197,0.245307495,0.273286987,0.290825377,0.222861229,0.371318639,0.310938196,0.150867803,0.358752105,0.304381564,0.082287689,0.109740441,0.327705718,33.8,NA,NA,NA,NA,NA,NA,NA,NA,NA,NA,NA,NA,NA,NA,NA,NA,NA,0.392069136
Oklahoma City,Oklahoma,OK,OKC,1,0,2012,40109,0.297823677,0.286351075,0.289877093,0.287713952,0.178272092,0.372926094,0.304556997,0.142269468,0.393405119,0.317084079,0.084646346,0.07908659,0.334941587,42.8,NA,NA,NA,NA,NA,NA,NA,NA,NA,NA,NA,NA,NA,NA,NA,NA,NA,0.38556783
Oklahoma City,Oklahoma,OK,OKC,1,0,2013,40109,0.309731863,0.272350288,0.283771854,0.278895053,0.184405941,0.369365541,0.302302226,0.134619909,0.396458155,0.324235092,0.076499152,0.085806384,0.323640693,37.9,NA,NA,NA,NA,NA,NA,NA,NA,NA,NA,NA,NA,NA,NA,NA,NA,NA,0.383481227
Oklahoma City,Oklahoma,OK,OKC,1,0,2014,40109,0.285875032,0.265609492,0.271877785,0.294779578,0.194294548,0.38315872,0.307192479,0.144875549,0.403796348,0.32437755,0.085864645,0.091576652,0.339011963,44.5,NA,NA,NA,NA,NA,NA,NA,NA,NA,NA,NA,NA,NA,NA,NA,NA,NA,0.408562696
Oklahoma City,Oklahoma,OK,OKC,1,0,2015,40109,0.27458354,0.239867905,0.250657426,0.295059556,0.17605368,0.376431788,0.312657906,0.154829073,0.365268489,0.304225375,0.09025388,0.099311863,0.337134605,43,NA,NA,NA,NA,NA,NA,NA,NA,NA,NA,NA,NA,NA,NA,NA,NA,NA,0.389103331
Omaha,Douglas,NE,OMA,1,1,2005,31055,0.210322856,0.172921638,0.184565457,0.333159397,0.147005928,0.454547231,0.37414312,0.164751632,0.477197133,0.392707536,0.088929093,0.08639195,0.383250152,48.5,NA,NA,NA,NA,NA,NA,NA,NA,NA,NA,NA,NA,NA,NA,NA,NA,NA,0.397767813
Omaha,Douglas,NE,OMA,1,1,2006,31055,0.198453674,0.141056562,0.159030272,0.330972423,0.187779434,0.450535672,0.377447368,0.166388253,0.462768387,0.384993148,0.091465852,0.124734077,0.37513702,39.8,NA,NA,NA,NA,NA,NA,NA,NA,NA,NA,NA,NA,NA,NA,NA,NA,NA,0.410856365
Omaha,Douglas,NE,OMA,1,1,2007,31055,0.213529093,0.161216406,0.177879787,0.338016136,0.116821817,0.451267363,0.376688346,0.176724436,0.437351736,0.375026957,0.099647761,0.082771648,0.389170683,44,NA,NA,NA,NA,NA,NA,NA,NA,NA,NA,NA,NA,NA,NA,NA,NA,NA,0.426160617
Omaha,Douglas,NE,OMA,1,1,2008,31055,0.187697929,0.153824185,0.164638177,0.332018843,0.159026504,0.455289651,0.375058432,0.177644255,0.492336512,0.401793824,0.130790191,0.106204653,0.381044384,52.6,NA,NA,NA,NA,NA,NA,NA,NA,NA,NA,NA,NA,NA,NA,NA,NA,NA,0.404787048
Omaha,Douglas,NE,OMA,1,1,2009,31055,0.186289157,0.178950929,0.181344463,0.327416343,0.140145058,0.443898109,0.373837042,0.17755777,0.447692527,0.380655746,0.110535201,0.065660069,0.377474916,47,NA,NA,NA,NA,NA,NA,NA,NA,NA,NA,NA,NA,NA,NA,NA,NA,NA,0.413116325
Omaha,Douglas,NE,OMA,1,1,2010,31055,0.224420504,0.219555605,0.221038543,0.343545733,0.126506943,0.462663347,0.387270315,0.17684884,0.473757386,0.399659864,0.097745668,0.118442698,0.392700311,51.1,NA,NA,NA,NA,NA,NA,NA,NA,NA,NA,NA,NA,NA,NA,NA,NA,NA,0.406479665
Omaha,Douglas,NE,OMA,1,1,2011,31055,0.260369071,0.187247433,0.2094974,0.340762341,0.189224624,0.451273871,0.380515972,0.174912298,0.458117803,0.393959125,0.118779767,0.10893608,0.387018707,46.7,NA,NA,NA,NA,NA,NA,NA,NA,NA,NA,NA,NA,NA,NA,NA,NA,NA,0.403944758
Omaha,Douglas,NE,OMA,1,1,2012,31055,0.246820838,0.196479498,0.211741852,0.360703288,0.184817434,0.474088122,0.393357417,0.183578588,0.525271223,0.424854137,0.120158399,0.120990297,0.400640922,48.8,NA,NA,NA,NA,NA,NA,NA,NA,NA,NA,NA,NA,NA,NA,NA,NA,NA,0.423183134
Omaha,Douglas,NE,OMA,1,1,2013,31055,0.279337082,0.178066764,0.208463146,0.350529367,0.197855181,0.465559964,0.387554813,0.185866917,0.491435994,0.403450892,0.118171786,0.107700067,0.386105246,42.3,NA,NA,NA,NA,NA,NA,NA,NA,NA,NA,NA,NA,NA,NA,NA,NA,NA,0.427428747
Omaha,Douglas,NE,OMA,1,1,2014,31055,0.193250628,0.191115239,0.191751006,0.358303931,0.22567706,0.465005788,0.385394171,0.17848344,0.508802434,0.438314325,0.099623652,0.083781932,0.380371752,32.5,NA,NA,NA,NA,NA,NA,NA,NA,NA,NA,NA,NA,NA,NA,NA,NA,NA,0.415557382
Omaha,Douglas,NE,OMA,1,1,2015,31055,0.237093046,0.218900854,0.224356567,0.365915792,0.207761211,0.479803675,0.399196603,0.183746285,0.512980449,0.426091851,0.133882418,0.116661407,0.404172689,40.1,NA,NA,NA,NA,NA,NA,NA,NA,NA,NA,NA,NA,NA,NA,NA,NA,NA,0.432640593
Raleigh,Wake,NC,RAL,0,1,2005,37183,0.157106448,0.122869117,0.13331239,0.460936839,0.289771675,0.584825902,0.505713427,0.224553184,0.59035485,0.533170756,0.137875545,0.199710662,0.531691298,49,NA,NA,NA,NA,NA,NA,NA,NA,NA,NA,NA,NA,NA,NA,NA,NA,NA,0.509099577
Raleigh,Wake,NC,RAL,0,1,2006,37183,0.12879569,0.103722773,0.111457681,0.428396488,0.268021968,0.565332446,0.477720064,0.226754235,0.547235532,0.469363777,0.128052998,0.168241745,0.514585874,59,NA,NA,NA,NA,NA,NA,NA,NA,NA,NA,NA,NA,NA,NA,NA,NA,NA,0.51391593
Raleigh,Wake,NC,RAL,0,1,2007,37183,0.13957758,0.103402668,0.114489163,0.458055993,0.269012777,0.576093807,0.497129741,0.23703486,0.558332381,0.495519172,0.141476633,0.201445732,0.541923533,53.4,NA,NA,NA,NA,NA,NA,NA,NA,NA,NA,NA,NA,NA,NA,NA,NA,NA,0.506603748
Raleigh,Wake,NC,RAL,0,1,2008,37183,0.138411472,0.111118538,0.119719084,0.456350246,0.280620701,0.577962672,0.49935056,0.240463727,0.56486964,0.500668513,0.160888804,0.183542245,0.537218225,57.4,NA,NA,NA,NA,NA,NA,NA,NA,NA,NA,NA,NA,NA,NA,NA,NA,NA,0.510252116
Raleigh,Wake,NC,RAL,0,1,2009,37183,0.165425197,0.102229867,0.121152633,0.462535085,0.300379534,0.585600339,0.504134837,0.225093334,0.57716623,0.518789772,0.125624426,0.180070016,0.520494179,54.7,NA,NA,NA,NA,NA,NA,NA,NA,NA,NA,NA,NA,NA,NA,NA,NA,NA,0.522247229
Raleigh,Wake,NC,RAL,0,1,2010,37183,0.181776219,0.14815903,0.157726717,0.448240169,0.315898371,0.579305045,0.487130352,0.228243884,0.55939109,0.470390989,0.135750032,0.144728399,0.509162165,48.5,NA,NA,NA,NA,NA,NA,NA,NA,NA,NA,NA,NA,NA,NA,NA,NA,NA,0.517768715
Raleigh,Wake,NC,RAL,0,1,2011,37183,0.178761336,0.167666458,0.170707045,0.438178184,0.294664433,0.578826567,0.49345834,0.23137954,0.562992912,0.501732769,0.153838475,0.123317348,0.515924869,59.6,NA,NA,NA,NA,NA,NA,NA,NA,NA,NA,NA,NA,NA,NA,NA,NA,NA,0.523879293
Raleigh,Wake,NC,RAL,0,1,2012,37183,0.189358372,0.146977523,0.158602253,0.454849953,0.292071443,0.580926829,0.494332311,0.228841444,0.564902307,0.498209373,0.148484827,0.179499755,0.521698167,53.1,NA,NA,NA,NA,NA,NA,NA,NA,NA,NA,NA,NA,NA,NA,NA,NA,NA,0.520105533
Raleigh,Wake,NC,RAL,0,1,2013,37183,0.165756661,0.141959204,0.148321496,0.47993399,0.313086859,0.592486126,0.513879389,0.251435448,0.583146755,0.515964622,0.153742925,0.207950086,0.538849126,52.6,NA,NA,NA,NA,NA,NA,NA,NA,NA,NA,NA,NA,NA,NA,NA,NA,NA,0.52519105
Raleigh,Wake,NC,RAL,0,1,2014,37183,0.168697224,0.1407362,0.148102996,0.475210681,0.324405809,0.606872382,0.514396144,0.245620073,0.59661496,0.531672748,0.158516616,0.231347975,0.533690274,55.2,NA,NA,NA,NA,NA,NA,NA,NA,NA,NA,NA,NA,NA,NA,NA,NA,NA,0.503651835
Raleigh,Wake,NC,RAL,0,1,2015,37183,0.196757974,0.147731276,0.160625335,0.486877277,0.296852761,0.602339479,0.522253519,0.254211467,0.592391846,0.520621193,0.169340215,0.174933887,0.552985281,55.8,NA,NA,NA,NA,NA,NA,NA,NA,NA,NA,NA,NA,NA,NA,NA,NA,NA,0.517406942
Richmond,Richmond City,VA,RIC,0,1,2005,51760,0.263886195,0.278348631,0.273124358,0.319581512,0.125646881,0.391595033,0.352870636,0.189292157,0.434746871,0.402727443,0.152026901,NA,0.562724479,58,NA,NA,NA,NA,NA,NA,NA,NA,NA,NA,NA,NA,NA,NA,NA,NA,NA,0.356880649
Richmond,Richmond City,VA,RIC,0,1,2006,51760,0.379752884,0.269046582,0.307464525,0.31641605,0.130117279,0.410808652,0.357431076,0.170558355,0.470955038,0.434817489,0.127739489,NA,0.549989164,30.8,NA,NA,NA,NA,NA,NA,NA,NA,NA,NA,NA,NA,NA,NA,NA,NA,NA,0.420841518
Richmond,Richmond City,VA,RIC,0,1,2007,51760,0.344325208,0.364476313,0.357741729,0.288089842,0.116265258,0.387783712,0.33138186,0.165404626,0.453872078,0.400652952,0.131081935,0.143945993,0.528075497,36.7,NA,NA,NA,NA,NA,NA,NA,NA,NA,NA,NA,NA,NA,NA,NA,NA,NA,0.402633333
Richmond,Richmond City,VA,RIC,0,1,2008,51760,0.327854671,0.444024206,0.406508986,0.299053296,0.112613804,0.404853192,0.35462275,0.175722118,0.436615117,0.393559864,0.129855514,NA,0.545521244,38.2,NA,NA,NA,NA,NA,NA,NA,NA,NA,NA,NA,NA,NA,NA,NA,NA,NA,0.397821028
Richmond,Richmond City,VA,RIC,0,1,2009,51760,0.309356522,0.435518659,0.388954503,0.325061462,0.129541864,0.403875939,0.346645123,0.160190833,0.454757611,0.384427708,0.124641986,NA,0.530570908,42.8,NA,NA,NA,NA,NA,NA,NA,NA,NA,NA,NA,NA,NA,NA,NA,NA,NA,0.389603489
Richmond,Richmond City,VA,RIC,0,1,2010,51760,0.409249287,0.368448893,0.382297602,0.331071945,0.125307515,0.409884129,0.356154632,0.166583924,0.469003386,0.424933853,0.138865971,NA,0.582452134,43,NA,NA,NA,NA,NA,NA,NA,NA,NA,NA,NA,NA,NA,NA,NA,NA,NA,0.413057674
Richmond,Richmond City,VA,RIC,0,1,2011,51760,0.459115733,0.36942358,0.401425368,0.329475896,0.117378311,0.414214377,0.357036245,0.178499696,0.479411044,0.422856054,0.132106796,0.107584313,0.578156719,58.3,NA,NA,NA,NA,NA,NA,NA,NA,NA,NA,NA,NA,NA,NA,NA,NA,NA,0.421596205
Richmond,Richmond City,VA,RIC,0,1,2012,51760,0.37948571,0.382516956,0.381472062,0.333589687,0.129598791,0.421100258,0.361518466,0.168525271,0.488152025,0.433901452,0.122295851,NA,0.566386344,51.3,NA,NA,NA,NA,NA,NA,NA,NA,NA,NA,NA,NA,NA,NA,NA,NA,NA,0.401474854
Richmond,Richmond City,VA,RIC,0,1,2013,51760,0.408432338,0.388382554,0.395412634,0.339845683,0.166543055,0.407267824,0.366473204,0.172784603,0.445537171,0.413260312,0.149102773,0.13936199,0.545515708,53.5,NA,NA,NA,NA,NA,NA,NA,NA,NA,NA,NA,NA,NA,NA,NA,NA,NA,0.41597761
Richmond,Richmond City,VA,RIC,0,1,2014,51760,0.382133804,0.430707457,0.414562537,0.342655486,0.122219785,0.44040831,0.380800236,0.182240464,0.527174888,0.468699552,0.142130045,0.127847453,0.589353347,47,NA,NA,NA,NA,NA,NA,NA,NA,NA,NA,NA,NA,NA,NA,NA,NA,NA,0.435170282
Richmond,Richmond City,VA,RIC,0,1,2015,51760,0.283280085,0.441575286,0.38764933,0.364351315,0.138795888,0.464723902,0.394893426,0.186877516,0.506242265,0.447640967,0.132140608,0.114866615,0.598187434,45.1,NA,NA,NA,NA,NA,NA,NA,NA,NA,NA,NA,NA,NA,NA,NA,NA,NA,0.444914791
St. Louis,St. Louis both city and county,MO,STL,1,0,2005,MERGED,0.212030228,0.18872232,0.194228049,0.325734767,0.174176475,0.451297172,0.383516361,0.200507664,0.476992384,0.408820186,0.135495722,0.313111005,0.398264091,55.2074874,NA,NA,NA,NA,NA,NA,NA,NA,NA,NA,NA,NA,NA,NA,NA,NA,NA,0.418930248
St. Louis,St. Louis both city and county,MO,STL,1,0,2006,MERGED,0.228279571,0.191595467,0.201326351,0.33394481,0.164653065,0.453786234,0.384933453,0.20897312,0.485887983,0.404895642,0.139103876,0.403216844,0.405606151,54.34355457,NA,NA,NA,NA,NA,NA,NA,NA,NA,NA,NA,NA,NA,NA,NA,NA,NA,0.416521403
St. Louis,St. Louis both city and county,MO,STL,1,0,2007,MERGED,0.20457796,0.166399678,0.176396342,0.327813093,0.158434812,0.449092055,0.379561083,0.201911821,0.470464885,0.392010158,0.126504536,0.239338117,0.405077655,52.85135603,NA,NA,NA,NA,NA,NA,NA,NA,NA,NA,NA,NA,NA,NA,NA,NA,NA,0.409838663
St. Louis,St. Louis both city and county,MO,STL,1,0,2008,MERGED,0.221330364,0.174691397,0.187054941,0.340269052,0.173950217,0.453794139,0.381380677,0.208146945,0.464819719,0.393997475,0.147392391,0.295608281,0.410194676,52.87840396,NA,NA,NA,NA,NA,NA,NA,NA,NA,NA,NA,NA,NA,NA,NA,NA,NA,0.427344795
St. Louis,St. Louis both city and county,MO,STL,1,0,2009,MERGED,0.232236951,0.217078977,0.220356853,0.340577024,0.165440043,0.474940381,0.392158287,0.213100406,0.516302133,0.424008263,0.158416141,0.340564492,0.420506013,55.97734639,NA,NA,NA,NA,NA,NA,NA,NA,NA,NA,NA,NA,NA,NA,NA,NA,NA,0.444862862
St. Louis,St. Louis both city and county,MO,STL,1,0,2010,MERGED,0.253696522,0.196319872,0.211272117,0.351826476,0.177377922,0.48340837,0.402200807,0.214736669,0.513382557,0.423857695,0.154431396,0.319453576,0.438656571,60.68391289,NA,NA,NA,NA,NA,NA,NA,NA,NA,NA,NA,NA,NA,NA,NA,NA,NA,0.44209344
St. Louis,St. Louis both city and county,MO,STL,1,0,2011,MERGED,0.249701689,0.215395689,0.224822807,0.352464621,0.177562235,0.476752002,0.39511294,0.214968722,0.496546175,0.416393103,0.144170774,0.249432796,0.437696211,61.12077704,NA,NA,NA,NA,NA,NA,NA,NA,NA,NA,NA,NA,NA,NA,NA,NA,NA,0.440388355
St. Louis,St. Louis both city and county,MO,STL,1,0,2012,MERGED,0.27950581,0.240441831,0.250692944,0.366213312,0.181149527,0.4900875,0.412069361,0.218745593,0.542720307,0.45184219,0.158980403,0.260328177,0.451809782,54.40721411,NA,NA,NA,NA,NA,NA,NA,NA,NA,NA,NA,NA,NA,NA,NA,NA,NA,0.440357492
St. Louis,St. Louis both city and county,MO,STL,1,0,2013,MERGED,0.249893631,0.227402269,0.233145146,0.382098268,0.177307074,0.503840134,0.421438164,0.222791404,0.537730586,0.450382348,0.151036859,0.334812375,0.476372106,56.26412771,NA,NA,NA,NA,NA,NA,NA,NA,NA,NA,NA,NA,NA,NA,NA,NA,NA,0.450117024
St. Louis,St. Louis both city and county,MO,STL,1,0,2014,MERGED,0.202785935,0.211275285,0.207291076,0.383684772,0.19565037,0.512182745,0.432534753,0.233642439,0.564965144,0.481483333,0.18074577,0.330053447,0.471274781,56.55641536,NA,NA,NA,NA,NA,NA,NA,NA,NA,NA,NA,NA,NA,NA,NA,NA,NA,0.474855738
St. Louis,St. Louis both city and county,MO,STL,1,0,2015,MERGED,0.200064773,0.20421433,0.202495094,0.386630689,0.17652576,0.509737531,0.428823504,0.232067036,0.540193683,0.459798917,0.175390675,0.330676192,0.479778816,63.92806291,NA,NA,NA,NA,NA,NA,NA,NA,NA,NA,NA,NA,NA,NA,NA,NA,NA,0.450936966
Tulsa,Tulsa,OK,TUL,1,0,2005,40143,0.248512978,0.216338628,0.226523829,0.276135357,0.196965997,0.412844128,0.314773266,0.140746534,0.409105864,0.295345836,0.069850429,0.096278992,0.323088575,41.4,NA,NA,NA,NA,NA,NA,NA,NA,NA,NA,NA,NA,NA,NA,NA,NA,NA,0.405961967
Tulsa,Tulsa,OK,TUL,1,0,2006,40143,0.302194231,0.21734679,0.243069334,0.275513949,0.147560243,0.392903642,0.312267389,0.146921317,0.361547064,0.292484479,0.05723724,0.125710015,0.324548735,40.6,NA,NA,NA,NA,NA,NA,NA,NA,NA,NA,NA,NA,NA,NA,NA,NA,NA,0.391606001
Tulsa,Tulsa,OK,TUL,1,0,2007,40143,0.284650001,0.213180397,0.235632728,0.266600822,0.148007435,0.396119472,0.299637131,0.144069635,0.365083344,0.255257551,0.070510089,0.094460252,0.316501575,48.7,NA,NA,NA,NA,NA,NA,NA,NA,NA,NA,NA,NA,NA,NA,NA,NA,NA,0.396159426
Tulsa,Tulsa,OK,TUL,1,0,2008,40143,0.231361871,0.189691216,0.202708762,0.264435908,0.164657503,0.389662162,0.302506953,0.147265362,0.358314054,0.278529981,0.074638753,0.136957253,0.304678559,57.3,NA,NA,NA,NA,NA,NA,NA,NA,NA,NA,NA,NA,NA,NA,NA,NA,NA,0.392272366
Tulsa,Tulsa,OK,TUL,1,0,2009,40143,0.250228083,0.214600304,0.225990348,0.272938662,0.169209315,0.391458186,0.307934079,0.13865982,0.356518993,0.283640443,0.057294389,0.113191923,0.317971723,45.6,NA,NA,NA,NA,NA,NA,NA,NA,NA,NA,NA,NA,NA,NA,NA,NA,NA,0.396130588
Tulsa,Tulsa,OK,TUL,1,0,2010,40143,0.26416678,0.239856488,0.246974507,0.27472074,0.199651521,0.384162964,0.295840671,0.135828388,0.344474676,0.257043977,0.064093077,0.080364982,0.302241112,50.6,NA,NA,NA,NA,NA,NA,NA,NA,NA,NA,NA,NA,NA,NA,NA,NA,NA,0.399957773
Tulsa,Tulsa,OK,TUL,1,0,2011,40143,0.251997144,0.204154112,0.218382719,0.281577275,0.175470211,0.414911504,0.314260407,0.149124361,0.410455312,0.29950534,0.069747049,0.118853695,0.325982698,51.3,NA,NA,NA,NA,NA,NA,NA,NA,NA,NA,NA,NA,NA,NA,NA,NA,NA,0.400058265
Tulsa,Tulsa,OK,TUL,1,0,2012,40143,0.290105968,0.240494422,0.255209057,0.284406889,0.176920912,0.406394311,0.310945482,0.143109579,0.397092587,0.297259461,0.068955862,0.097597865,0.329477879,48.9,NA,NA,NA,NA,NA,NA,NA,NA,NA,NA,NA,NA,NA,NA,NA,NA,NA,0.3976966
Tulsa,Tulsa,OK,TUL,1,0,2013,40143,0.296561382,0.23305656,0.25178644,0.295704912,0.195687943,0.401763348,0.309037158,0.150170072,0.389121478,0.308791852,0.080992411,0.07419457,0.334307771,48.3,NA,NA,NA,NA,NA,NA,NA,NA,NA,NA,NA,NA,NA,NA,NA,NA,NA,0.400314481
Tulsa,Tulsa,OK,TUL,1,0,2014,40143,0.243072937,0.207335636,0.217819486,0.294871045,0.176219995,0.405327815,0.317410637,0.142600274,0.404498161,0.323702683,0.083898406,0.097253653,0.330176215,45.1,NA,NA,NA,NA,NA,NA,NA,NA,NA,NA,NA,NA,NA,NA,NA,NA,NA,0.413815035
Tulsa,Tulsa,OK,TUL,1,0,2015,40143,0.286475625,0.234578017,0.249727434,0.292466252,0.194580772,0.402568404,0.308169494,0.137216652,0.41541765,0.314550248,0.071943364,0.126365642,0.336798303,52.8,NA,NA,NA,NA,NA,NA,NA,NA,NA,NA,NA,NA,NA,NA,NA,NA,NA,0.413152034
