GEO.id,GEO.id2,GEO.display-label,HD01_VD01,HD02_VD01,HD01_VD02,HD02_VD02,HD01_VD03,HD02_VD03,HD01_VD04,HD02_VD04,HD01_VD05,HD02_VD05,HD01_VD06,HD02_VD06,HD01_VD07,HD02_VD07,HD01_VD08,HD02_VD08,HD01_VD09,HD02_VD09,HD01_VD10,HD02_VD10,HD01_VD11,HD02_VD11,HD01_VD12,HD02_VD12,HD01_VD13,HD02_VD13,HD01_VD14,HD02_VD14,HD01_VD15,HD02_VD15,HD01_VD16,HD02_VD16,HD01_VD17,HD02_VD17
Id,Id2,Geography,Estimate; Total:,Margin of Error; Total:,Estimate; Male:,Margin of Error; Male:,Estimate; Male: - Less than 9th grade,Margin of Error; Male: - Less than 9th grade,"Estimate; Male: - 9th to 12th grade, no diploma","Margin of Error; Male: - 9th to 12th grade, no diploma",Estimate; Male: - High school graduate (includes equivalency),Margin of Error; Male: - High school graduate (includes equivalency),"Estimate; Male: - Some college, no degree","Margin of Error; Male: - Some college, no degree",Estimate; Male: - Associate's degree,Margin of Error; Male: - Associate's degree,Estimate; Male: - Bachelor's degree,Margin of Error; Male: - Bachelor's degree,Estimate; Male: - Graduate degree,Margin of Error; Male: - Graduate degree,Estimate; Female:,Margin of Error; Female:,Estimate; Female: - Less than 9th grade,Margin of Error; Female: - Less than 9th grade,"Estimate; Female: - 9th to 12th grade, no diploma","Margin of Error; Female: - 9th to 12th grade, no diploma",Estimate; Female: - High school graduate (includes equivalency),Margin of Error; Female: - High school graduate (includes equivalency),"Estimate; Female: - Some college, no degree","Margin of Error; Female: - Some college, no degree",Estimate; Female: - Associate's degree,Margin of Error; Female: - Associate's degree,Estimate; Female: - Bachelor's degree,Margin of Error; Female: - Bachelor's degree,Estimate; Female: - Graduate degree,Margin of Error; Female: - Graduate degree
0500000US01073,01073,"Jefferson County, Alabama",9817,*****,5928,*****,1261,954,1247,552,1361,654,937,436,154,193,509,451,459,398,3889,*****,771,538,603,510,760,420,729,503,37,71,512,336,477,386
0500000US01089,01089,"Madison County, Alabama",4100,305,2118,268,1139,327,242,192,148,174,98,90,30,54,404,218,57,98,1982,249,514,318,190,293,627,323,49,82,140,136,347,246,115,143
0500000US02020,02020,"Anchorage Municipality, Alaska",10296,477,5325,*****,681,655,867,372,1608,501,991,415,124,135,750,408,304,333,4971,476,1124,764,265,194,1475,542,1212,423,171,167,559,419,165,200
0500000US04003,04003,"Cochise County, Arizona",21528,1251,9900,602,2120,448,1367,540,2939,873,1954,737,572,425,696,483,252,262,11628,860,2783,962,1404,537,2936,987,2196,1003,1163,675,744,471,402,282
0500000US04005,04005,"Coconino County, Arizona",7134,442,3651,275,908,489,355,248,948,488,919,460,63,109,325,313,133,160,3483,274,443,253,800,491,994,460,596,302,160,161,268,191,222,293
0500000US04013,04013,"Maricopa County, Arizona",569758,*****,305607,*****,77666,5990,54866,3952,83413,5794,46581,3644,17282,2835,18434,2461,7365,1587,264151,*****,59295,5018,48309,3818,70167,4597,42175,2987,15318,2033,20971,2270,7916,1880
0500000US04015,04015,"Mohave County, Arizona",13966,467,6861,*****,1248,695,1881,594,1670,668,1327,573,272,356,441,300,22,40,7105,467,971,444,1447,724,1993,678,1360,612,692,593,424,410,218,210
0500000US04019,04019,"Pima County, Arizona",163442,*****,78370,*****,10030,1623,12459,1732,26732,2360,15276,2029,5031,1126,6246,1356,2596,737,85072,*****,13399,1628,12405,1774,26468,2206,16916,2196,6844,1372,6189,1029,2851,957
0500000US04021,04021,"Pinal County, Arizona",42740,*****,24435,*****,5777,1179,4935,1061,7532,1399,3636,911,1427,741,472,269,656,382,18305,*****,3378,849,2617,852,5701,1147,3940,1128,886,494,1309,569,474,268
0500000US04025,04025,"Yavapai County, Arizona",13418,589,7179,*****,1757,670,1367,484,2320,848,882,356,35,68,818,556,0,291,6239,589,942,518,1079,620,2122,970,1675,622,288,251,133,160,0,291
0500000US04027,04027,"Yuma County, Arizona",50755,*****,24023,*****,7648,1009,3619,962,5658,1126,3865,939,1499,796,1049,517,685,397,26732,*****,8563,1031,3885,983,6436,1178,4271,964,1576,746,834,440,1167,630
0500000US05007,05007,"Benton County, Arkansas",13397,*****,7657,350,1941,759,2627,864,1947,665,271,265,585,441,199,153,87,117,5740,349,1790,633,1317,467,996,455,1100,545,39,62,322,277,176,163
0500000US05119,05119,"Pulaski County, Arkansas",7173,300,4076,325,1102,494,479,220,1521,644,147,194,178,184,374,326,275,226,3097,436,342,262,312,329,1083,514,752,423,81,103,395,280,132,133
0500000US05131,05131,"Sebastian County, Arkansas",6283,464,3769,398,1571,724,810,571,710,436,596,641,82,140,0,257,0,257,2514,300,993,570,225,163,577,421,475,349,26,47,196,293,22,45
0500000US05143,05143,"Washington County, Arkansas",11544,*****,6596,305,3163,915,1416,567,779,492,521,473,0,257,242,297,475,355,4948,305,1624,582,1120,667,975,541,879,528,0,257,246,245,104,137
0500000US06001,06001,"Alameda County, California",174151,*****,92146,*****,23911,2834,13877,1976,29955,2933,9638,1716,3433,968,7204,1284,4128,1025,82005,*****,17674,2166,11980,2086,21167,2329,11497,1531,5696,1213,10071,1537,3920,973
0500000US06007,06007,"Butte County, California",12706,*****,6593,*****,1634,755,966,498,1706,618,1112,485,225,261,635,344,315,277,6113,*****,1204,344,947,527,929,424,1703,516,399,254,614,431,317,267
0500000US06013,06013,"Contra Costa County, California",122164,*****,63396,*****,12167,2169,9607,1880,19061,2479,10441,1768,3408,931,6168,1489,2544,1048,58768,*****,12070,1707,7747,1584,16934,1984,11392,1610,4056,1145,5313,1086,1256,495
0500000US06017,06017,"El Dorado County, California",9241,534,4798,347,970,576,292,352,1264,801,786,437,666,446,603,371,217,259,4443,378,1107,521,503,380,1016,505,916,492,418,334,366,257,117,145
0500000US06019,06019,"Fresno County, California",214400,*****,112636,*****,36074,2628,19823,2401,26012,2492,17682,2270,5533,1199,5434,1218,2078,923,101764,*****,30086,2478,15650,2105,23573,2470,18598,2548,6354,1387,5154,1306,2349,716
0500000US06023,06023,"Humboldt County, California",4911,371,2712,341,598,376,155,117,594,358,619,396,53,93,541,349,152,144,2199,438,648,329,69,74,327,235,382,230,302,274,471,328,0,289
0500000US06025,06025,"Imperial County, California",64417,*****,31520,*****,8293,1236,6142,1080,7578,1231,6038,1089,1372,558,1454,741,643,384,32897,*****,10064,1035,5267,1228,7776,1237,4802,1040,2313,630,1736,619,939,470
0500000US06029,06029,"Kern County, California",176146,*****,94272,*****,29365,2508,20349,2371,26947,2518,11599,1823,3203,1085,1517,712,1292,525,81874,*****,25000,2189,11340,1733,22960,2147,11856,2044,4807,1335,4815,1107,1096,591
0500000US06031,06031,"Kings County, California",36876,*****,22291,*****,6152,1121,4660,953,6777,1355,2422,828,1195,562,486,306,599,453,14585,*****,5016,882,1965,686,4077,884,2105,800,863,419,497,347,62,111
0500000US06037,06037,"Los Angeles County, California",2532784,*****,1266369,*****,354648,9713,231899,8616,350741,9838,169894,6177,52453,3865,76628,4976,30106,2831,1266415,*****,381447,8147,208106,8024,320479,8216,175604,6591,66420,4005,84215,4817,30144,2884
0500000US06039,06039,"Madera County, California",36463,*****,18501,*****,6972,1396,3698,988,4352,1035,2313,942,152,147,818,534,196,269,17962,*****,5441,913,4003,1012,5416,1082,2288,651,394,244,364,317,56,96
0500000US06041,06041,"Marin County, California",19381,596,11027,388,3392,925,1739,740,2212,1045,1233,658,593,536,1405,733,453,356,8354,693,1449,593,1446,691,1884,756,1293,545,218,185,1073,532,991,522
0500000US06047,06047,"Merced County, California",63687,*****,33213,*****,14540,2220,5331,1342,8446,1927,3320,1160,1005,428,408,270,163,179,30474,*****,12279,1587,3534,1054,6488,1487,5329,1200,1617,725,876,425,351,336
0500000US06053,06053,"Monterey County, California",106361,*****,58350,*****,22514,2104,10476,1496,13927,1780,7011,1542,1770,828,1560,676,1092,433,48011,*****,19568,1895,5457,1239,9740,1499,6676,1373,3410,957,2470,839,690,321
0500000US06055,06055,"Napa County, California",20057,*****,11230,*****,5559,1068,1092,568,2114,952,1362,625,434,401,499,383,170,198,8827,*****,3238,897,1476,588,1703,795,1386,549,455,269,306,309,263,268
0500000US06059,06059,"Orange County, California",512566,*****,265163,*****,76266,4978,48898,4071,64811,4916,37312,3774,11208,1989,18018,2531,8650,1266,247403,*****,67017,3479,40390,3259,59886,3361,38912,3093,13281,1730,19651,2402,8266,1534
0500000US06061,06061,"Placer County, California",19665,*****,10237,*****,2180,842,1780,691,2373,747,1918,665,526,345,643,403,817,423,9428,*****,2010,933,1241,772,1894,692,2457,799,949,468,671,381,206,200
0500000US06065,06065,"Riverside County, California",444091,*****,229829,*****,56729,4065,43342,3856,69500,3910,33729,3245,10518,1881,10308,1681,5703,1147,214262,*****,51012,3504,38327,3132,65204,4274,32975,3086,10596,1697,11398,1946,4750,1163
0500000US06067,06067,"Sacramento County, California",140438,*****,72194,*****,17261,2568,8955,1364,22530,2430,12045,1931,2825,747,6259,1364,2319,615,68244,*****,14952,2032,8886,1590,16373,2093,14431,1835,4389,1159,7066,1171,2147,695
0500000US06071,06071,"San Bernardino County, California",474109,*****,240210,*****,54501,4310,46887,3595,72777,4680,37104,3578,12472,1972,11092,1740,5377,1264,233899,*****,52736,3492,41507,3561,66261,3934,41358,3563,11663,2023,13602,2212,6772,1340
0500000US06073,06073,"San Diego County, California",455772,*****,222902,*****,53102,3734,36484,2787,54141,3831,38031,2793,12285,2009,19978,2282,8881,1526,232870,*****,56246,4051,33442,2684,55099,3427,41497,2817,15301,2024,21854,2584,9431,1396
0500000US06075,06075,"San Francisco County, California",71181,*****,38525,*****,5777,1335,5132,1320,8381,1496,5856,1434,1542,615,7546,1389,4291,1057,32656,*****,6936,1575,3584,1035,7074,1288,5195,1311,1443,634,4935,1034,3489,1000
0500000US06077,06077,"San Joaquin County, California",124472,*****,65243,*****,17125,2492,10721,1820,23989,2807,8325,1568,2333,762,1650,642,1100,415,59229,*****,14137,1879,11319,1829,17286,1821,9731,1448,3175,990,2822,946,759,347
0500000US06079,06079,"San Luis Obispo County, California",24885,*****,14034,*****,2681,779,2975,824,4030,930,2439,663,831,419,699,399,379,354,10851,*****,1723,793,1746,729,3034,811,2311,889,679,485,567,374,791,518
0500000US06081,06081,"San Mateo County, California",92215,*****,47344,*****,9972,2155,5425,1356,14213,1992,7413,1297,2143,738,6355,1705,1823,707,44871,*****,8933,1429,4937,1222,13050,1453,7636,1405,2855,751,4680,1091,2780,907
0500000US06083,06083,"Santa Barbara County, California",77657,*****,41436,*****,16315,1923,6127,1054,9448,1578,5658,1220,1264,577,1927,710,697,388,36221,*****,11485,1401,5654,1156,7285,1131,6111,1060,2578,763,2007,806,1101,581
0500000US06085,06085,"Santa Clara County, California",243960,*****,129108,*****,26393,2886,20385,2423,40434,3526,17709,2440,7213,1403,11462,1792,5512,1270,114852,*****,25210,2440,16619,1922,33440,2991,18511,1968,6039,1315,11765,1725,3268,847
0500000US06087,06087,"Santa Cruz County, California",35086,*****,18598,*****,6715,1486,2242,716,4232,1029,2634,772,728,400,1315,601,732,420,16488,*****,5745,928,2185,674,3991,1006,2022,692,376,226,1456,760,713,303
0500000US06089,06089,"Shasta County, California",6771,473,3709,480,520,481,431,306,1613,642,570,342,403,309,172,210,0,289,3062,453,652,437,163,202,805,423,910,397,254,246,278,208,0,289
0500000US06095,06095,"Solano County, California",48050,*****,25605,*****,5300,955,4268,1313,8107,1424,4083,1114,1914,834,1289,552,644,484,22445,*****,3755,954,3168,946,6003,1268,4608,1098,1814,599,2351,940,746,369
0500000US06097,06097,"Sonoma County, California",53506,*****,29787,*****,10842,1883,4935,1170,7575,1458,3212,939,1430,615,1503,618,290,228,23719,*****,8707,1133,3687,896,4350,1004,3800,902,961,587,1356,552,858,452
0500000US06099,06099,"Stanislaus County, California",99158,*****,51291,*****,16294,2097,7988,1292,12259,1958,8518,1476,2932,1151,2779,1085,521,323,47867,*****,15268,1578,7564,1369,11906,1424,8992,1501,1795,715,1892,738,450,310
0500000US06101,06101,"Sutter County, California",11125,796,5866,495,1967,650,1402,749,1674,728,499,384,191,208,63,105,70,119,5259,479,1832,868,495,303,1769,585,699,361,0,289,340,227,124,174
0500000US06107,06107,"Tulare County, California",113104,*****,59093,*****,22327,2199,9444,1653,14796,1994,7947,1441,1985,746,1972,646,622,316,54011,*****,20128,1862,5887,1020,13126,1625,9127,1578,3270,991,2306,944,167,157
0500000US06111,06111,"Ventura County, California",154896,*****,80185,*****,21937,2967,14679,2716,20323,2654,11096,1745,4118,1078,5794,1385,2238,794,74711,*****,21728,2210,11718,1763,17497,2172,12743,1723,4136,967,5257,1089,1632,577
0500000US06113,06113,"Yolo County, California",27108,*****,14112,*****,2576,743,2015,679,5354,899,1559,707,998,602,1253,691,357,279,12996,*****,2888,736,1723,724,3094,869,2293,761,1138,512,1020,441,840,533
0500000US06115,06115,"Yuba County, California",7120,686,4225,510,1628,461,1017,496,822,542,477,329,61,104,82,124,138,204,2895,505,1142,445,367,279,644,457,677,499,0,289,65,104,0,289
0500000US08001,08001,"Adams County, Colorado",79788,*****,43370,*****,9129,1490,10663,1916,13423,1848,5375,1208,1537,739,2688,1007,555,396,36418,*****,5988,1092,7369,1376,11437,1705,7469,1220,1469,634,2045,785,641,469
0500000US08005,08005,"Arapahoe County, Colorado",47543,*****,24983,*****,6336,1734,4436,1104,5998,1442,3816,1167,1543,699,2185,754,669,385,22560,*****,3923,1143,3942,1184,6190,1477,3508,715,1806,651,2332,819,859,448
0500000US08013,08013,"Boulder County, Colorado",19376,*****,10428,*****,3468,1104,1849,714,2135,760,1077,472,208,225,1136,547,555,347,8948,*****,1968,819,1579,578,2284,754,1185,526,360,277,922,518,650,345
0500000US08031,08031,"Denver County, Colorado",106074,*****,57700,*****,12072,1987,12296,2014,21404,2603,5806,1474,1770,906,2747,1021,1605,672,48374,*****,11856,1794,10278,1565,13037,1871,6615,1284,1379,583,3830,1061,1379,414
0500000US08035,08035,"Douglas County, Colorado",9780,676,5168,524,338,384,129,130,873,575,1485,560,135,123,1416,540,792,412,4612,516,160,175,150,188,1070,553,1207,436,49,86,1675,595,301,221
0500000US08041,08041,"El Paso County, Colorado",38456,*****,19256,*****,3312,1145,1815,647,5073,1119,4392,1087,1333,521,1608,671,1723,575,19200,*****,1287,569,3571,1071,4272,1028,5686,1386,1369,583,2810,838,205,169
0500000US08059,08059,"Jefferson County, Colorado",39366,*****,19693,*****,2593,901,3374,971,6574,1225,3358,819,1222,466,1566,615,1006,434,19673,*****,2117,863,2439,1009,5376,1148,5145,1107,1016,481,2727,729,853,456
0500000US08069,08069,"Larimer County, Colorado",13999,*****,7472,*****,1879,761,825,394,2290,866,886,441,271,262,834,427,487,415,6527,*****,763,369,1021,522,1983,649,1183,451,461,286,905,413,211,177
0500000US08077,08077,"Mesa County, Colorado",7744,465,3800,294,980,441,1008,508,1261,468,269,221,0,271,142,197,140,163,3944,274,631,243,473,322,1293,360,844,363,200,173,465,309,38,65
0500000US08101,08101,"Pueblo County, Colorado",33945,*****,16321,*****,1661,680,2286,604,6178,908,3082,727,1564,603,1182,522,368,279,17624,*****,1709,628,2666,792,5319,968,4143,933,2262,636,1328,636,197,131
0500000US08123,08123,"Weld County, Colorado",33229,*****,17779,*****,4795,1118,3896,1093,5725,1120,1698,542,986,592,593,331,86,146,15450,*****,3862,933,2677,859,5951,1227,1485,525,553,305,570,374,352,200
0500000US09001,09001,"Fairfield County, Connecticut",78216,*****,40069,*****,7731,1706,4904,1219,14482,1755,5991,1166,1796,877,3341,1176,1824,648,38147,*****,7338,1139,4717,1134,11713,1496,6292,1259,2097,859,3884,1015,2106,793
0500000US09003,09003,"Hartford County, Connecticut",61310,*****,28428,*****,5180,1145,5974,1280,9268,1419,4178,1066,1245,705,1872,687,711,344,32882,*****,5166,797,5176,1175,10724,1634,5537,1035,2608,760,1942,622,1729,682
0500000US09009,09009,"New Haven County, Connecticut",56426,*****,27731,*****,3242,943,4545,1111,11209,1396,3351,915,1335,690,2256,697,1793,716,28695,*****,4150,899,4005,1032,11099,1291,4043,953,1767,682,2095,606,1536,536
0500000US09011,09011,"New London County, Connecticut",8818,621,4847,488,295,252,531,299,2574,711,738,450,351,377,267,296,91,120,3971,481,641,456,316,230,1294,601,697,377,339,344,595,453,89,124
0500000US09015,09015,"Windham County, Connecticut",4850,422,2592,302,747,377,595,368,948,407,290,225,0,269,12,22,0,269,2258,235,634,305,426,289,636,293,236,211,130,131,143,141,53,90
0500000US10003,10003,"New Castle County, Delaware",19328,*****,10156,*****,3114,709,2065,851,2887,999,729,474,477,379,630,357,254,183,9172,*****,2801,765,596,435,2888,993,992,518,366,225,1158,509,371,259
0500000US10005,10005,"Sussex County, Delaware",5372,222,3072,61,1566,608,224,173,911,527,176,174,144,165,23,38,28,46,2300,230,682,567,434,319,775,404,23,39,0,261,365,288,21,35
0500000US11001,11001,"District of Columbia, District of Columbia",30777,*****,16358,*****,5694,1422,1767,837,2677,1035,1415,685,299,358,1644,808,2862,879,14419,*****,4764,1080,1273,619,1471,671,684,377,715,514,2976,749,2536,775
0500000US12001,12001,"Alachua County, Florida",7786,1156,3697,849,108,121,204,211,754,470,771,524,186,317,639,535,1035,822,4089,673,65,110,222,179,877,446,629,418,220,190,888,578,1188,598
0500000US12009,12009,"Brevard County, Florida",20803,*****,10205,*****,200,239,264,248,2587,822,3420,872,1224,717,1259,691,1251,697,10598,*****,536,276,1788,667,2577,824,2194,613,1140,484,1969,660,394,400
0500000US12011,12011,"Broward County, Florida",258482,*****,126218,*****,9318,2006,11337,1784,35744,3202,23770,2498,11985,2029,23193,2575,10871,1809,132264,*****,11516,1970,8446,1816,38419,3362,25018,2722,10843,1479,25465,2750,12557,1945
0500000US12021,12021,"Collier County, Florida",44442,*****,26448,*****,8132,2565,3232,1166,9029,2111,2665,1117,741,597,1551,716,1098,507,17994,*****,4735,1126,2318,821,5824,962,2557,706,1039,479,763,392,758,436
0500000US12031,12031,"Duval County, Florida",27637,*****,13775,*****,2128,948,918,374,4165,906,2633,696,1216,753,1527,503,1188,408,13862,*****,2176,897,1318,536,2920,802,2828,823,1600,673,2351,649,669,371
0500000US12033,12033,"Escambia County, Florida",4292,475,1992,621,259,206,281,247,547,370,217,184,294,261,296,273,98,104,2300,390,204,278,107,125,688,397,869,446,69,89,256,191,107,128
0500000US12053,12053,"Hernando County, Florida",7938,616,3915,387,260,220,626,398,903,396,1169,504,658,469,299,227,0,300,4023,460,408,257,741,729,1470,529,835,472,0,300,569,297,0,300
0500000US12055,12055,"Highlands County, Florida",8270,2,5410,*****,2809,727,416,322,1274,453,220,231,146,261,419,482,126,162,2860,300,1066,555,362,246,324,269,393,254,259,304,236,229,220,229
0500000US12057,12057,"Hillsborough County, Florida",151351,*****,76810,*****,11517,1533,12907,2155,22648,2254,9877,1827,4765,1223,10958,1507,4138,989,74541,*****,10913,1634,7715,1511,22455,2217,11992,1735,7859,1780,9041,1505,4566,1129
0500000US12061,12061,"Indian River County, Florida",6412,454,3553,496,1174,453,478,243,1156,475,0,300,86,112,550,377,109,132,2859,293,693,277,687,343,542,341,286,260,384,312,134,148,133,176
0500000US12069,12069,"Lake County, Florida",16740,*****,8861,*****,1783,691,1970,1039,2196,757,1325,576,781,521,392,257,414,381,7879,*****,1399,621,1830,602,1925,728,1318,430,567,461,757,394,83,104
0500000US12071,12071,"Lee County, Florida",53206,*****,29497,*****,7842,1404,4821,909,8260,1696,4132,1243,963,395,2380,1127,1099,399,23709,*****,3670,958,2989,811,8500,1403,3494,958,1772,608,2475,658,809,436
0500000US12081,12081,"Manatee County, Florida",20123,*****,11300,*****,2701,882,2611,935,3577,963,571,372,174,154,1161,646,505,401,8823,*****,2011,629,1460,545,2995,724,617,298,668,367,809,361,263,345
0500000US12083,12083,"Marion County, Florida",15602,408,8263,*****,907,370,924,465,3536,775,1146,501,674,453,374,217,702,500,7339,407,774,380,705,377,2197,629,2188,603,367,211,769,399,339,280
0500000US12085,12085,"Martin County, Florida",6996,246,4053,301,1289,570,1037,458,1097,352,63,79,233,188,48,86,286,277,2943,359,458,367,226,254,1145,611,448,339,36,68,202,185,428,330
0500000US12086,12086,"Miami-Dade County, Florida",1015449,*****,478243,*****,74146,4827,56275,3774,135764,5614,60567,3073,34198,3467,76562,4373,40731,3346,537206,*****,87673,4334,57525,4287,145348,6927,72825,4061,49819,4069,84601,4975,39415,3612
0500000US12087,12087,"Monroe County, Florida",8944,497,5042,220,938,485,855,409,537,319,1132,558,99,124,700,409,781,504,3902,460,283,253,841,396,854,527,936,434,522,438,430,334,36,63
0500000US12091,12091,"Okaloosa County, Florida",5408,357,2541,567,0,300,260,303,556,328,700,389,370,288,262,288,393,502,2867,504,350,501,144,169,879,450,536,353,192,121,694,450,72,122
0500000US12095,12095,"Orange County, Florida",150707,*****,75620,*****,8068,1525,8757,1567,23866,2420,11839,1610,7584,1570,10951,1910,4555,1304,75087,*****,7904,1463,6508,1373,20797,2172,11670,1680,9137,1569,14010,1827,5061,1195
0500000US12097,12097,"Osceola County, Florida",58463,*****,29228,*****,942,481,3317,1178,12114,1897,6789,1479,2113,770,2917,1160,1036,529,29235,*****,2655,759,2796,1077,10108,1555,5674,1061,3511,1125,2686,703,1805,655
0500000US12099,12099,"Palm Beach County, Florida",129690,*****,68190,*****,16896,2690,7497,1536,17859,2161,9822,1968,4066,1167,7509,1435,4541,1258,61500,*****,11296,1666,7549,1550,15162,2121,9376,1725,5070,1266,9255,1511,3792,951
0500000US12101,12101,"Pasco County, Florida",24127,*****,12515,*****,1384,786,1648,716,5192,1367,1380,661,840,488,1607,765,464,366,11612,*****,1506,678,1293,774,3576,824,2182,755,814,445,1900,583,341,208
0500000US12103,12103,"Pinellas County, Florida",37743,*****,19547,*****,1908,569,2094,1068,6733,1221,2828,916,1067,568,3054,1030,1863,805,18196,*****,1688,765,2575,1006,5230,1066,2567,718,1767,697,2668,702,1701,556
0500000US12105,12105,"Polk County, Florida",45069,*****,24873,*****,6131,1323,3614,821,9320,1428,2436,740,988,435,1897,674,487,339,20196,*****,4144,864,2451,821,8082,1333,2499,752,1245,535,1604,602,171,164
0500000US12109,12109,"St. Johns County, Florida",3969,311,2145,328,0,300,109,189,0,300,361,280,538,496,583,350,554,421,1824,278,75,115,0,300,452,311,462,276,130,157,534,261,171,172
0500000US12111,12111,"St. Lucie County, Florida",20570,681,11362,*****,1541,726,2381,930,3494,1253,1659,590,1098,614,883,563,306,207,9208,681,993,628,1553,616,2812,1017,1311,665,1169,478,1110,545,260,186
0500000US12115,12115,"Sarasota County, Florida",14948,*****,8112,*****,1280,619,938,410,2847,688,1317,510,308,293,1132,548,290,200,6836,*****,1433,714,1231,620,1686,512,719,298,447,420,1058,525,262,219
0500000US12117,12117,"Seminole County, Florida",36052,*****,17683,*****,2215,971,2018,879,5137,1232,3269,876,1181,575,2200,690,1663,639,18369,*****,1234,695,1320,525,3353,977,4562,1234,2222,710,4237,1018,1441,627
0500000US12127,12127,"Volusia County, Florida",28869,*****,14838,*****,1364,536,1449,734,6616,1531,2679,959,861,552,1295,736,574,587,14031,*****,1667,661,1828,652,4375,981,2810,943,819,508,1968,867,564,441
0500000US13051,13051,"Chatham County, Georgia",3583,374,1621,241,332,328,163,190,526,306,372,268,0,292,50,76,178,179,1962,348,373,382,398,361,114,142,190,170,315,260,524,297,48,77
0500000US13057,13057,"Cherokee County, Georgia",7728,782,4504,726,581,481,934,874,493,421,1170,815,256,226,772,730,298,245,3224,302,284,331,519,406,629,539,662,491,200,177,550,385,380,280
0500000US13063,13063,"Clayton County, Georgia",15757,*****,9496,304,2647,1099,1164,597,3520,1039,990,540,340,413,788,620,47,84,6261,304,2627,879,1597,649,1102,701,312,259,334,398,289,333,0,292
0500000US13067,13067,"Cobb County, Georgia",40066,*****,23146,*****,6010,1621,3632,1212,6914,1479,2711,983,752,645,2121,784,1006,650,16920,*****,2293,801,4518,1210,3480,988,2017,747,1110,774,2782,1019,720,406
0500000US13073,13073,"Columbia County, Georgia",1895,210,994,304,0,292,30,52,136,101,474,382,0,292,91,163,263,245,901,329,14,28,113,100,135,119,439,346,0,292,131,129,69,69
0500000US13089,13089,"DeKalb County, Georgia",40272,*****,26393,*****,10600,2105,4448,1554,5585,1780,1515,687,912,686,2397,1228,936,561,13879,*****,3470,1104,1769,858,3097,1107,2040,794,573,330,1641,760,1289,666
0500000US13117,13117,"Forsyth County, Georgia",6841,708,4362,417,2283,670,1129,634,388,354,198,253,0,292,301,292,63,135,2479,408,641,639,263,219,430,348,175,186,55,90,654,334,261,281
0500000US13121,13121,"Fulton County, Georgia",43026,*****,26374,*****,7387,1964,5642,2238,5969,1959,2155,914,1015,828,1898,839,2308,956,16652,*****,3095,1134,2668,1152,5160,1198,1944,720,722,375,2169,651,894,530
0500000US13135,13135,"Gwinnett County, Georgia",71307,*****,42275,*****,12507,2214,7545,1713,12100,1829,3895,1041,1875,773,2961,929,1392,645,29032,*****,6818,1469,4934,1204,7052,1416,3773,854,1203,517,3497,1234,1755,968
0500000US13139,13139,"Hall County, Georgia",21969,*****,13372,338,6462,1530,2051,816,3169,1027,1268,809,236,270,74,88,112,133,8597,338,4025,831,1648,664,2015,641,497,342,115,155,275,266,22,38
0500000US13247,13247,"Rockdale County, Georgia",4255,291,2668,304,1003,301,483,307,593,442,529,504,0,292,0,292,60,100,1587,145,347,190,335,291,225,175,580,299,59,98,41,66,0,292
0500000US13313,13313,"Whitfield County, Georgia",12585,*****,6425,382,2861,917,1337,587,1481,660,433,453,0,292,205,219,108,151,6160,382,2193,701,1794,862,903,515,351,235,326,443,450,424,143,165
0500000US15001,15001,"Hawaii County, Hawaii",8569,431,4291,*****,274,231,336,167,2390,519,614,325,372,327,288,221,17,29,4278,431,149,110,231,201,1932,527,629,350,316,199,737,470,284,246
0500000US15003,15003,"Honolulu County, Hawaii",33018,*****,16917,*****,433,356,1206,460,7312,1180,3711,912,1371,598,2087,825,797,461,16101,*****,449,258,1090,410,5492,979,4279,854,1917,707,1694,553,1180,477
0500000US15009,15009,"Maui County, Hawaii",6133,440,3031,323,114,118,405,265,1000,432,746,352,185,182,512,379,69,116,3102,402,167,162,350,268,873,341,919,440,248,237,267,208,278,283
0500000US16001,16001,"Ada County, Idaho",11691,*****,6452,*****,1000,457,1225,483,971,433,1340,588,537,346,1153,677,226,224,5239,*****,421,293,840,559,1534,459,915,465,228,216,820,515,481,332
0500000US16005,16005,"Bannock County, Idaho",1957,282,1142,155,250,181,179,141,341,146,99,96,0,253,143,128,130,173,815,242,212,242,136,131,166,161,233,292,0,253,68,64,0,253
0500000US16019,16019,"Bonneville County, Idaho",3867,373,2032,273,691,329,350,197,593,350,251,217,0,253,55,86,92,97,1835,240,605,370,528,325,106,118,218,156,225,319,112,191,41,68
0500000US16027,16027,"Canyon County, Idaho",17102,*****,9165,*****,3283,646,1841,529,2468,696,647,403,226,289,303,272,397,359,7937,*****,2801,708,1807,648,2057,620,862,419,113,146,282,242,15,27
0500000US17031,17031,"Cook County, Illinois",644000,*****,341415,*****,97751,4711,50578,3747,103281,5438,41504,3872,12278,2284,27753,3028,8270,1375,302585,*****,88636,4090,40986,3506,80564,4624,41276,3041,15608,2132,23501,2375,12014,1719
0500000US17043,17043,"DuPage County, Illinois",61026,*****,34302,*****,5130,1328,4109,1629,11869,2342,4987,1509,2167,1167,3944,1586,2096,931,26724,*****,2974,854,2972,1153,8759,1710,3117,845,2927,1067,4324,1110,1651,638
0500000US17089,17089,"Kane County, Illinois",69812,*****,38418,*****,11701,1536,7095,1530,11314,1559,4896,1148,1099,483,2138,861,175,166,31394,*****,11353,1562,4495,1062,9098,1815,2959,1059,848,366,2261,856,380,343
0500000US17093,17093,"Kendall County, Illinois",6796,818,3300,678,517,316,980,510,886,626,505,337,130,166,282,233,0,261,3496,624,406,231,1077,549,970,560,753,451,0,261,279,186,11,21
0500000US17097,17097,"Lake County, Illinois",69435,*****,37796,*****,11716,2360,5073,1439,12628,2201,4663,1190,1250,834,1680,613,786,452,31639,*****,9276,1296,5063,1322,9594,1624,4114,1076,624,403,1959,661,1009,594
0500000US17111,17111,"McHenry County, Illinois",17674,*****,9584,288,1619,715,1256,711,4434,915,1508,679,87,105,445,399,235,233,8090,288,2503,882,466,366,3361,723,739,513,112,155,697,528,212,298
0500000US17161,17161,"Rock Island County, Illinois",7898,564,4282,483,868,338,1032,477,1015,410,564,298,452,245,195,258,156,185,3616,377,851,418,958,459,958,498,340,215,364,197,145,147,0,261
0500000US17197,17197,"Will County, Illinois",50456,*****,27529,*****,5149,1038,5251,1251,9498,1725,3723,917,1456,641,1825,805,627,506,22927,*****,4940,1159,2500,1042,7165,1485,4301,1155,1842,849,1630,754,549,448
0500000US17201,17201,"Winnebago County, Illinois",15616,*****,8671,*****,2939,811,1766,737,2011,699,984,558,441,387,530,443,0,261,6945,*****,1976,704,1907,744,1590,671,734,406,202,315,330,284,206,198
0500000US18003,18003,"Allen County, Indiana",10033,*****,5635,280,1417,691,1128,402,1777,544,498,317,349,320,343,414,123,146,4398,281,1340,435,370,305,924,444,765,478,145,157,293,194,561,449
0500000US18039,18039,"Elkhart County, Indiana",14199,479,8113,258,2627,969,1418,636,2568,941,957,481,0,263,161,214,382,388,6086,528,1520,715,1071,655,1458,637,1191,657,172,207,674,736,0,263
0500000US18057,18057,"Hamilton County, Indiana",3873,339,2051,192,231,295,336,228,481,524,397,291,0,263,127,148,479,354,1822,371,109,165,79,131,337,277,534,362,0,263,442,329,321,222
0500000US18089,18089,"Lake County, Indiana",37314,*****,18762,*****,3417,731,3137,910,6336,1070,3220,1019,957,738,1312,532,383,312,18552,*****,4593,958,2471,778,4963,1018,3601,830,1098,405,1309,561,517,301
0500000US18097,18097,"Marion County, Indiana",30409,*****,18378,*****,6934,1204,2590,903,4157,908,2151,886,423,299,1491,638,632,425,12031,*****,2930,709,1839,624,3993,877,1198,496,637,408,1159,443,275,167
0500000US18127,18127,"Porter County, Indiana",5831,426,2467,363,486,369,0,263,1010,461,582,397,142,156,179,213,68,114,3364,262,302,360,606,393,1081,479,567,316,267,316,353,318,188,188
0500000US18141,18141,"St. Joseph County, Indiana",6954,324,4087,176,1722,699,1122,635,554,338,266,260,61,109,362,292,0,263,2867,345,693,369,768,363,942,272,142,174,102,127,185,160,35,58
0500000US18157,18157,"Tippecanoe County, Indiana",4883,546,2770,434,788,326,512,287,904,416,103,124,46,77,282,212,135,137,2113,445,631,335,419,282,389,220,340,275,120,147,145,141,69,79
0500000US19153,19153,"Polk County, Iowa",12450,474,6697,474,1846,778,1592,673,2400,843,449,297,139,162,96,123,175,155,5753,*****,1695,568,1088,544,1556,559,491,261,95,111,729,491,99,122
0500000US19193,19193,"Woodbury County, Iowa",5145,399,2868,312,881,373,609,372,948,436,232,286,83,103,54,99,61,104,2277,302,703,334,402,308,571,382,337,208,99,122,102,117,63,94
0500000US20091,20091,"Johnson County, Kansas",16631,*****,9283,*****,2638,1122,849,596,2370,587,1272,601,166,214,1211,658,777,496,7348,*****,367,326,659,530,2175,758,1788,850,479,392,1075,469,805,395
0500000US20173,20173,"Sedgwick County, Kansas",24275,*****,12969,*****,3419,679,2859,806,3017,762,2222,765,503,421,591,373,358,252,11306,*****,2930,694,2095,749,3213,785,1536,736,361,351,870,398,301,216
0500000US20177,20177,"Shawnee County, Kansas",7657,*****,3977,*****,876,271,675,330,1121,355,879,419,59,99,269,212,98,116,3680,*****,580,341,575,401,1614,476,521,263,207,269,183,162,0,237
0500000US20209,20209,"Wyandotte County, Kansas",18422,*****,10391,*****,3550,1035,1688,792,3649,840,696,423,47,78,574,524,187,243,8031,*****,2483,734,809,427,3230,765,971,495,141,146,310,280,87,100
0500000US21067,21067,"Fayette County, Kentucky",8460,*****,5257,136,985,613,1172,653,1262,563,156,159,324,335,904,506,454,332,3203,137,1109,484,559,377,534,350,343,261,55,72,400,275,203,251
0500000US21111,21111,"Jefferson County, Kentucky",10593,*****,5884,365,572,459,932,544,2070,791,924,460,69,114,862,592,455,379,4709,364,863,409,310,245,1471,618,481,302,447,492,582,458,555,394
0500000US22033,22033,"East Baton Rouge Parish, Louisiana",6085,386,3264,401,153,152,913,810,718,409,688,428,31,59,577,418,184,191,2821,386,232,259,327,263,1262,395,364,194,81,105,234,209,321,198
0500000US22051,22051,"Jefferson Parish, Louisiana",23289,*****,11353,*****,1022,401,1972,782,4620,1121,1946,693,401,299,1079,783,313,259,11936,*****,1448,785,1858,881,3913,1132,1465,549,500,391,1674,772,1078,555
0500000US22071,22071,"Orleans Parish, Louisiana",6256,563,3368,284,170,224,209,315,1020,562,751,512,164,216,527,277,527,363,2888,487,392,357,151,200,994,528,237,284,37,67,462,456,615,481
0500000US22103,22103,"St. Tammany Parish, Louisiana",4550,533,2292,398,128,168,633,418,666,448,227,253,83,110,269,223,286,210,2258,345,197,199,193,175,489,242,538,303,131,150,433,247,277,182
0500000US24003,24003,"Anne Arundel County, Maryland",10420,*****,5054,216,511,395,748,464,1732,816,803,497,671,522,386,321,203,218,5366,215,72,128,445,476,808,498,1046,504,551,457,1535,538,909,591
0500000US24005,24005,"Baltimore County, Maryland",12540,*****,6609,*****,1448,764,695,589,1730,739,1137,448,278,256,770,367,551,319,5931,*****,802,468,581,325,1046,396,1057,487,541,396,1235,553,669,343
0500000US24021,24021,"Frederick County, Maryland",6342,505,3649,390,510,401,173,285,967,578,1066,498,281,372,331,377,321,293,2693,359,126,147,154,237,483,306,963,486,444,407,149,145,374,350
0500000US24025,24025,"Harford County, Maryland",3227,786,1981,336,0,277,0,277,887,320,263,227,319,260,92,90,420,216,1246,572,43,77,0,277,243,244,250,265,109,192,343,325,258,239
0500000US24027,24027,"Howard County, Maryland",6751,362,3603,340,617,411,354,339,702,423,449,339,257,331,720,343,504,277,3148,311,778,375,55,91,429,317,653,403,88,141,556,320,589,287
0500000US24031,24031,"Montgomery County, Maryland",75137,*****,37243,*****,7488,1827,3956,1036,8117,1682,4334,1274,3105,1154,5679,1397,4564,1137,37894,*****,7569,1645,3961,1076,8498,1617,6296,1385,2317,954,4952,1025,4301,1074
0500000US24033,24033,"Prince George's County, Maryland",56366,*****,31729,*****,12153,1683,5641,1200,7488,1407,2762,945,896,527,1536,761,1253,591,24637,*****,6624,1293,3607,898,5753,1082,3706,993,1783,813,2280,812,884,411
0500000US24510,24510,"Baltimore city, Maryland",8466,367,4752,*****,662,331,1814,768,974,630,462,404,0,277,246,189,594,287,3714,367,884,380,159,179,841,466,956,499,0,277,485,401,389,286
0500000US25005,25005,"Bristol County, Massachusetts",13454,*****,6697,*****,1957,728,1093,549,1856,565,253,269,313,236,939,548,286,280,6757,*****,1757,525,874,505,1802,699,1016,505,192,214,959,473,157,185
0500000US25009,25009,"Essex County, Massachusetts",53353,*****,25589,*****,6753,1679,5124,1393,7391,1632,2765,1046,1205,657,1489,957,862,466,27764,*****,5446,1164,4680,1208,7764,1691,4112,1133,1845,830,2706,834,1211,729
0500000US25013,25013,"Hampden County, Massachusetts",40000,*****,18268,*****,3272,793,4381,1014,6009,1454,2230,918,1126,875,604,466,646,503,21732,*****,5020,862,3603,970,5572,1040,3239,981,1595,617,1797,643,906,541
0500000US25017,25017,"Middlesex County, Massachusetts",43934,*****,22319,*****,2548,941,2729,1182,6789,1505,3553,1036,734,442,3433,1048,2533,851,21615,*****,2646,933,2065,663,6188,1337,2484,757,1599,686,4350,897,2283,680
0500000US25021,25021,"Norfolk County, Massachusetts",9824,709,4984,611,809,344,425,408,822,669,1052,682,576,609,598,461,702,528,4840,531,348,369,405,339,872,710,890,497,732,448,886,469,707,406
0500000US25023,25023,"Plymouth County, Massachusetts",6962,489,3541,495,511,239,323,303,1940,539,344,203,33,57,211,176,179,227,3421,461,771,408,486,476,942,509,62,105,486,444,160,192,514,318
0500000US25025,25025,"Suffolk County, Massachusetts",68992,*****,33874,*****,8789,1790,4644,1136,10532,1449,3684,1212,1108,634,3253,962,1864,779,35118,*****,9464,1600,4193,1125,9484,1675,5178,1108,1866,634,3164,933,1769,697
0500000US25027,25027,"Worcester County, Massachusetts",30733,781,13906,781,1943,685,1971,541,4968,1216,2484,798,499,380,1377,659,664,358,16827,*****,1680,846,1850,818,6758,1245,3874,1152,727,541,1320,759,618,466
0500000US26005,26005,"Allegan County, Michigan",3610,391,2157,289,1127,463,335,281,487,238,146,111,62,101,0,235,0,235,1453,237,336,245,212,170,519,254,301,254,0,235,85,151,0,235
0500000US26049,26049,"Genesee County, Michigan",5803,434,2744,390,56,93,315,273,772,369,655,377,111,128,202,220,633,513,3059,245,291,326,297,240,1383,574,417,217,374,220,233,201,64,108
0500000US26065,26065,"Ingham County, Michigan",8544,232,4392,*****,699,363,476,268,1414,309,522,217,442,352,403,256,436,345,4152,232,366,273,499,286,1178,534,926,521,495,426,470,334,218,194
0500000US26081,26081,"Kent County, Michigan",28706,*****,16479,*****,5508,1347,3258,1143,3630,959,1571,757,364,386,1588,687,560,382,12227,*****,3179,898,2202,779,3224,939,1535,616,484,287,1353,661,250,212
0500000US26099,26099,"Macomb County, Michigan",9140,494,4720,394,709,402,611,338,1500,512,630,309,443,332,443,263,384,283,4420,323,417,393,395,271,1010,404,1396,508,383,322,578,392,241,185
0500000US26125,26125,"Oakland County, Michigan",19965,*****,10434,*****,1751,606,1579,604,2132,567,1702,473,633,335,1390,516,1247,436,9531,*****,1120,478,1156,539,2426,684,1556,464,621,292,1583,582,1069,406
0500000US26139,26139,"Ottawa County, Michigan",9445,316,4760,316,546,339,614,390,1995,666,924,553,252,278,225,223,204,242,4685,*****,568,318,974,405,1577,587,682,323,396,244,432,250,56,94
0500000US26145,26145,"Saginaw County, Michigan",7515,193,3444,193,338,347,369,286,1514,432,527,313,335,250,189,188,172,182,4071,*****,271,228,358,245,1801,371,1121,370,181,172,278,233,61,95
0500000US26159,26159,"Van Buren County, Michigan",3031,383,1662,291,604,210,235,163,278,204,257,226,8,18,116,104,164,176,1369,265,570,212,140,171,153,110,183,199,207,200,76,99,40,49
0500000US26161,26161,"Washtenaw County, Michigan",5679,392,3055,337,135,168,835,441,810,511,399,261,0,235,344,227,532,306,2624,414,273,220,74,125,403,288,678,360,0,235,958,503,238,219
0500000US26163,26163,"Wayne County, Michigan",51307,*****,27675,*****,6772,1569,5252,1299,8106,1435,4624,1199,550,383,1834,822,537,260,23632,*****,3776,940,3700,1038,6912,1190,4241,1063,915,480,3010,888,1078,673
0500000US27003,27003,"Anoka County, Minnesota",4102,378,2453,332,290,260,250,231,540,282,806,355,193,174,244,209,130,130,1649,313,282,215,173,165,400,253,312,221,58,70,295,157,129,135
0500000US27037,27037,"Dakota County, Minnesota",8341,*****,4417,204,828,424,452,352,1694,646,776,424,95,110,400,345,172,134,3924,204,228,211,561,388,1147,418,1028,458,218,210,412,282,330,229
0500000US27053,27053,"Hennepin County, Minnesota",36121,*****,21244,*****,5909,1415,2842,1166,6035,1347,2408,957,725,448,2600,787,725,455,14877,*****,3333,715,2332,675,4501,978,1779,643,967,507,1222,432,743,355
0500000US27123,27123,"Ramsey County, Minnesota",15483,*****,8473,*****,1462,569,1517,554,2797,850,1247,474,276,226,784,423,390,287,7010,*****,1142,453,899,404,2509,590,820,368,384,312,1025,376,231,207
0500000US27163,27163,"Washington County, Minnesota",3061,272,1788,231,253,315,230,182,474,292,234,217,0,208,356,299,241,331,1273,307,57,99,58,92,310,219,256,222,54,90,229,219,309,311
0500000US29047,29047,"Clay County, Missouri",5538,192,2856,276,272,393,193,201,640,377,904,399,227,276,361,350,259,277,2682,170,283,185,455,290,589,401,636,337,319,283,277,289,123,133
0500000US29077,29077,"Greene County, Missouri",2895,365,1590,295,35,66,257,233,516,324,274,228,28,51,423,215,57,92,1305,267,300,249,288,252,134,146,146,158,101,115,336,203,0,253
0500000US29095,29095,"Jackson County, Missouri",25570,*****,13940,*****,3693,974,2559,772,4226,1174,1143,453,571,424,1395,630,353,274,11630,*****,2693,721,1570,588,3664,873,1924,695,462,385,872,419,445,282
0500000US29189,29189,"St. Louis County, Missouri",11089,*****,5655,*****,417,307,824,554,1197,721,746,571,353,371,988,492,1130,594,5434,*****,392,265,371,458,1108,613,515,347,227,191,1865,535,956,409
0500000US29510,29510,"St. Louis city, Missouri",5290,185,3012,218,426,340,498,361,830,453,371,295,0,253,512,381,375,348,2278,290,525,300,30,50,555,320,269,178,296,290,335,198,268,219
0500000US31055,31055,"Douglas County, Nebraska",23033,*****,13224,*****,4790,977,1992,689,3265,868,1419,481,206,176,1202,598,350,217,9809,*****,2502,758,1548,656,2836,657,1439,531,163,156,936,438,385,248
0500000US31109,31109,"Lancaster County, Nebraska",6508,417,3806,491,469,314,688,415,1154,588,835,484,0,213,391,350,269,211,2702,379,615,386,194,231,708,412,363,346,218,272,548,364,56,92
0500000US31153,31153,"Sarpy County, Nebraska",3512,252,1433,181,335,187,120,124,222,117,368,229,63,77,153,122,172,161,2079,168,531,337,256,182,444,194,528,263,44,77,177,154,99,105
0500000US32003,32003,"Clark County, Nevada",258264,*****,139065,*****,36089,3168,26978,3103,44935,3207,18318,2397,3885,1280,6690,1360,2170,593,119199,*****,28256,2527,21233,2080,36489,2962,19900,2383,4670,994,6333,1244,2318,706
0500000US32031,32031,"Washoe County, Nevada",41274,*****,22197,*****,4540,1009,4564,1384,7390,1093,3325,928,627,485,976,480,775,476,19077,*****,3586,955,5246,1238,5038,987,3103,905,284,203,1290,572,530,303
0500000US33011,33011,"Hillsborough County, New Hampshire",9283,358,5179,197,813,628,183,242,2588,972,413,312,300,444,777,419,105,147,4104,419,88,127,401,400,1332,622,858,491,498,481,474,391,453,404
0500000US34001,34001,"Atlantic County, New Jersey",21694,*****,11204,*****,1760,506,1362,610,4812,902,2278,812,432,300,405,313,155,168,10490,*****,1376,508,1377,709,3424,819,1796,799,1135,721,1382,675,0,273
0500000US34003,34003,"Bergen County, New Jersey",81076,*****,40056,*****,4789,1625,3313,1214,11659,1847,9216,1957,2552,1117,5604,1224,2923,1042,41020,*****,4303,1190,3473,1019,12935,1594,6028,1147,4146,1191,6847,1359,3288,803
0500000US34005,34005,"Burlington County, New Jersey",14385,800,7766,458,1711,767,1041,355,2076,567,1045,464,582,433,1126,612,185,144,6619,475,397,286,513,312,2792,833,1244,535,590,312,1047,437,36,62
0500000US34007,34007,"Camden County, New Jersey",32550,*****,15896,*****,4563,1019,4109,899,4091,822,1186,530,651,415,958,558,338,248,16654,*****,4069,814,2254,580,5010,1032,2522,765,796,489,1539,510,464,352
0500000US34011,34011,"Cumberland County, New Jersey",19133,*****,10636,*****,3075,899,3773,1005,2351,814,844,508,0,273,529,658,64,109,8497,*****,1593,641,1701,545,3216,870,1434,604,142,166,369,441,42,70
0500000US34013,34013,"Essex County, New Jersey",84313,*****,43425,*****,11843,1791,6644,1374,12417,1619,6095,1347,960,448,3957,1135,1509,534,40888,*****,8216,1403,6752,1346,11917,1752,5995,1109,1417,518,4886,1105,1705,656
0500000US34015,34015,"Gloucester County, New Jersey",5375,432,2656,157,191,217,181,170,935,494,538,350,218,194,420,345,173,146,2719,384,140,220,248,301,1101,354,60,80,340,284,572,390,258,276
0500000US34017,34017,"Hudson County, New Jersey",158187,*****,75873,*****,13253,1595,12331,1951,25990,2284,10387,1982,3019,873,8283,1722,2610,850,82314,*****,17541,2091,10979,2100,24826,2109,12259,1898,4488,1184,8881,1664,3340,833
0500000US34019,34019,"Hunterdon County, New Jersey",2978,521,1542,317,316,275,0,273,229,173,144,145,57,90,308,297,488,273,1436,325,71,119,120,205,354,207,368,207,79,135,309,244,135,158
0500000US34021,34021,"Mercer County, New Jersey",26624,*****,15056,*****,3841,1206,2083,988,4726,1611,1817,704,786,535,940,767,863,486,11568,*****,2232,807,1603,865,3470,1073,2132,762,642,479,833,390,656,414
0500000US34023,34023,"Middlesex County, New Jersey",76518,*****,38827,*****,7841,2247,6597,1464,11734,1825,5764,1229,1574,656,3552,1147,1765,732,37691,*****,5674,1200,5891,1371,12595,1471,5887,1138,1937,837,3804,1188,1903,642
0500000US34025,34025,"Monmouth County, New Jersey",29448,*****,15572,*****,3534,854,3106,854,4293,927,1394,694,411,282,1994,799,840,486,13876,*****,2425,840,1857,627,4363,738,2435,717,332,253,1775,592,689,354
0500000US34027,34027,"Morris County, New Jersey",31488,*****,16351,*****,802,458,1606,974,7255,1365,2890,1057,1256,693,1642,619,900,490,15137,*****,1197,637,1031,510,7364,1652,2005,666,785,517,1924,972,831,363
0500000US34029,34029,"Ocean County, New Jersey",21003,*****,10838,*****,1441,633,970,515,5538,807,1276,550,286,217,1215,440,112,123,10165,*****,1335,573,1161,528,4117,862,1367,621,835,552,1058,505,292,203
0500000US34031,34031,"Passaic County, New Jersey",97299,*****,47933,*****,10843,1821,5110,1291,18332,2118,6583,1467,2008,841,3581,1018,1476,984,49366,*****,10896,1862,5201,1178,19080,1782,5700,1407,2336,884,5043,1611,1110,501
0500000US34035,34035,"Somerset County, New Jersey",23334,*****,12471,*****,1432,601,1643,847,5512,1138,1199,654,857,487,1285,619,543,341,10863,*****,1501,626,1349,564,3105,832,2189,795,446,394,1473,600,800,458
0500000US34037,34037,"Sussex County, New Jersey",4695,574,2215,350,166,111,260,166,803,424,482,320,43,55,376,254,85,82,2480,417,200,181,94,99,674,335,554,287,284,273,495,287,179,159
0500000US34039,34039,"Union County, New Jersey",80460,*****,40945,*****,10309,1718,6616,1419,13262,1708,5554,1114,1156,619,2563,914,1485,604,39515,*****,7692,1250,5793,1209,12862,1562,5581,1090,1980,770,4889,1114,718,342
0500000US35001,35001,"Bernalillo County, New Mexico",159954,*****,77270,*****,10410,1720,13065,1882,23995,2386,13681,1913,4298,1083,7364,1319,4457,930,82684,*****,9378,1718,12886,1851,24071,2286,18953,1912,4992,1097,7279,1308,5125,1076
0500000US35013,35013,"Dona Ana County, New Mexico",66563,*****,32317,*****,8120,1086,5239,1519,9198,1511,4754,1172,1536,750,2067,754,1403,658,34246,*****,8677,1346,4208,1083,9299,1498,6254,1386,2498,930,1757,645,1553,617
0500000US35031,35031,"McKinley County, New Mexico",5130,375,2490,330,682,536,400,347,717,370,360,318,180,190,151,193,0,279,2640,336,284,287,467,347,961,496,660,508,167,236,101,170,0,279
0500000US35043,35043,"Sandoval County, New Mexico",20678,699,10167,*****,636,317,1375,605,3339,718,1799,681,1148,536,1163,484,707,398,10511,699,918,397,516,278,3537,640,2172,616,1180,536,1577,713,611,373
0500000US35045,35045,"San Juan County, New Mexico",11266,695,5381,434,1046,519,748,485,1797,607,726,534,809,436,89,120,166,202,5885,513,967,721,956,428,2378,608,951,458,134,164,401,467,98,131
0500000US35049,35049,"Santa Fe County, New Mexico",43915,*****,22167,*****,2981,757,3790,1141,7437,1148,3548,911,541,266,2827,772,1043,492,21748,*****,2415,667,3937,909,7644,1085,3638,819,974,402,1947,644,1193,522
0500000US35061,35061,"Valencia County, New Mexico",21711,1058,11090,433,1339,531,2560,920,3631,802,1862,571,289,240,811,409,598,384,10621,827,1126,595,2405,904,3522,666,1914,647,795,385,455,322,404,280
0500000US36001,36001,"Albany County, New York",5260,298,3027,319,337,196,504,379,1321,458,176,155,83,106,407,255,199,160,2233,233,237,211,234,179,506,230,364,301,579,390,156,168,157,150
0500000US36005,36005,"Bronx County, New York",394979,*****,176368,*****,38134,3683,35877,3307,54148,3930,23293,2688,8516,1712,10838,1875,5562,1232,218611,*****,45835,2864,42828,3058,53996,3262,32041,2534,17492,2350,17004,2079,9415,1800
0500000US36027,36027,"Dutchess County, New York",13926,694,7373,423,1069,565,1018,403,2268,506,1457,551,461,334,761,315,339,184,6553,568,484,391,1117,649,1703,603,1219,548,547,354,1304,656,179,133
0500000US36029,36029,"Erie County, New York",17274,*****,8628,*****,2152,639,1634,595,2065,597,1563,612,342,300,358,249,514,344,8646,*****,1290,455,1697,661,1895,723,1968,603,527,318,775,361,494,254
0500000US36047,36047,"Kings County, New York",291719,*****,137237,*****,34995,3198,21222,2575,42584,3315,15297,1951,5774,1227,11590,1769,5775,1233,154482,*****,37196,2473,23563,2368,48336,3303,16389,2030,7932,1795,14885,2076,6181,1256
0500000US36055,36055,"Monroe County, New York",21112,*****,9982,*****,1276,468,1633,498,3602,1020,1481,784,1009,579,905,485,76,96,11130,*****,1577,615,1827,773,3464,924,1828,605,831,428,950,566,653,400
0500000US36059,36059,"Nassau County, New York",94855,*****,48156,*****,9457,2583,4475,1190,15721,2360,7710,1463,2661,1114,5692,1516,2440,750,46699,*****,7407,1797,4869,1222,12463,1893,6563,1384,3034,828,7354,1397,5009,1404
0500000US36061,36061,"New York County, New York",263178,*****,121636,*****,27227,3180,19267,2749,33414,3394,14733,2822,3277,976,14682,2226,9036,1801,141542,*****,34818,2980,21695,2491,35119,3657,15769,2104,7973,1606,17211,2268,8957,1699
0500000US36065,36065,"Oneida County, New York",4843,412,3475,390,409,292,1361,448,944,358,445,292,82,114,171,173,63,84,1368,247,413,291,340,274,271,193,117,118,117,141,49,61,61,112
0500000US36067,36067,"Onondaga County, New York",5870,416,3001,294,85,141,366,235,857,415,583,322,399,301,312,187,399,227,2869,403,485,298,93,108,1011,380,518,349,357,273,77,140,328,215
0500000US36071,36071,"Orange County, New York",32713,*****,17384,*****,3608,954,2320,837,6419,1339,2167,865,682,405,1581,714,607,496,15329,*****,2201,915,2227,707,5486,1164,1685,675,941,533,1833,702,956,489
0500000US36079,36079,"Putnam County, New York",5050,580,2424,370,462,379,147,131,810,444,501,338,191,192,313,318,0,269,2626,358,216,250,65,117,645,327,695,482,419,288,217,266,369,325
0500000US36081,36081,"Queens County, New York",375730,*****,186099,*****,32946,3950,25179,2597,63845,4262,27369,2776,10687,1939,18064,2406,8009,1724,189631,*****,32227,2764,26078,2628,57810,2974,26374,2597,14607,1927,23121,2086,9414,1669
0500000US36085,36085,"Richmond County, New York",40817,*****,20143,*****,2294,989,2429,905,7814,1395,3967,998,2168,953,1116,512,355,293,20674,*****,2033,630,2089,979,6354,1154,3900,1001,1725,830,2977,914,1596,736
0500000US36087,36087,"Rockland County, New York",22074,*****,11715,*****,2401,728,2094,826,2949,914,1701,663,963,645,547,338,1060,521,10359,*****,1799,630,1305,546,1861,758,1591,471,683,440,1914,828,1206,535
0500000US36103,36103,"Suffolk County, New York",110018,*****,57375,*****,11512,2220,7612,1683,17546,1891,9411,1727,2630,922,5724,1360,2940,995,52643,*****,8208,1543,5548,1324,19163,2152,8606,1533,3872,1019,3937,1008,3309,788
0500000US36105,36105,"Sullivan County, New York",4827,415,2710,405,274,158,734,449,721,299,779,590,137,160,16,28,49,88,2117,232,0,269,161,172,811,389,501,314,540,400,0,269,104,158
0500000US36111,36111,"Ulster County, New York",7233,579,3742,523,322,269,1238,501,1473,454,434,300,67,105,126,116,82,102,3491,461,266,193,651,394,588,381,791,371,317,271,591,331,287,222
0500000US36119,36119,"Westchester County, New York",104296,*****,53840,*****,9738,1967,6222,1436,22573,2436,6020,1357,2128,806,4299,1221,2860,881,50456,*****,8019,1587,6389,1241,17146,2228,5548,1184,2173,858,6039,1249,5142,1204
0500000US37001,37001,"Alamance County, North Carolina",7255,592,4104,458,1981,767,1026,720,737,443,123,201,79,133,40,68,118,158,3151,404,835,488,658,380,799,320,363,252,166,234,0,281,330,346
0500000US37025,37025,"Cabarrus County, North Carolina",6077,292,3629,243,910,530,329,332,1191,480,589,366,286,316,324,260,0,281,2448,334,380,269,470,367,840,409,235,255,145,216,231,252,147,129
0500000US37035,37035,"Catawba County, North Carolina",7302,493,4111,501,1232,483,574,406,1632,610,558,418,10,19,50,86,55,98,3191,255,684,369,888,467,723,491,100,123,98,120,463,523,235,281
0500000US37051,37051,"Cumberland County, North Carolina",7635,330,3022,*****,192,187,129,108,976,374,810,358,339,206,560,324,16,29,4613,330,574,343,241,232,1130,541,1105,418,777,461,462,311,324,285
0500000US37063,37063,"Durham County, North Carolina",16482,*****,10575,223,3322,1051,2703,1172,3254,1164,364,366,0,281,572,413,360,307,5907,223,2394,606,1081,534,894,523,424,359,224,250,543,399,347,247
0500000US37067,37067,"Forsyth County, North Carolina",17539,*****,9982,414,2902,1039,2632,1173,2122,925,914,538,558,494,252,251,602,354,7557,414,2235,912,1873,690,1329,510,887,494,428,415,509,331,296,209
0500000US37081,37081,"Guilford County, North Carolina",13950,308,8851,347,3213,815,2042,628,1294,712,1005,545,199,164,879,492,219,191,5099,497,1662,511,1549,529,947,493,247,170,132,155,356,296,206,181
0500000US37085,37085,"Harnett County, North Carolina",4060,105,2548,146,756,336,755,510,341,205,111,81,263,244,312,305,10,17,1512,160,336,247,140,126,614,324,309,292,37,63,22,29,54,46
0500000US37119,37119,"Mecklenburg County, North Carolina",45854,*****,27851,*****,7361,1872,4604,1483,8713,1932,3000,1113,1030,683,2146,803,997,549,18003,*****,3191,1037,3505,961,4936,1240,1708,662,780,379,2418,730,1465,750
0500000US37135,37135,"Orange County, North Carolina",3244,477,2151,313,491,349,278,226,759,417,76,128,25,41,327,252,195,195,1093,288,347,225,25,42,270,232,64,77,22,37,195,176,170,142
0500000US37151,37151,"Randolph County, North Carolina",7783,479,4349,441,1994,715,1078,926,527,465,750,609,0,281,0,281,0,281,3434,342,1269,620,981,575,484,436,511,347,0,281,189,282,0,281
0500000US37179,37179,"Union County, North Carolina",8003,420,4779,243,1480,525,1739,737,872,625,254,284,138,188,198,281,98,164,3224,439,1079,540,696,465,639,512,141,190,176,186,342,296,151,187
0500000US37183,37183,"Wake County, North Carolina",34284,*****,20221,478,6873,1837,3307,1318,5177,1337,1533,721,728,465,1767,710,836,473,14063,477,4552,1121,1813,931,2979,1046,938,499,616,321,2368,904,797,386
0500000US39017,39017,"Butler County, Ohio",4007,324,2282,340,464,419,324,309,851,528,153,199,0,261,227,270,263,252,1725,178,101,124,196,158,336,305,710,406,170,272,183,178,29,52
0500000US39035,39035,"Cuyahoga County, Ohio",27869,*****,13443,*****,2390,1014,2146,864,3979,682,2522,780,358,324,674,382,1374,684,14426,*****,2021,792,1801,742,4103,1010,2883,620,1222,510,1473,464,923,426
0500000US39049,39049,"Franklin County, Ohio",20847,*****,12269,*****,1778,628,1185,567,4552,909,2078,812,243,213,1510,532,923,476,8578,*****,1563,512,1165,380,2816,695,978,428,378,237,1295,541,383,245
0500000US39061,39061,"Hamilton County, Ohio",6834,116,3914,209,382,295,871,521,1361,594,382,261,46,80,488,321,384,256,2920,241,392,283,489,372,521,338,483,312,98,121,581,332,356,243
0500000US39093,39093,"Lorain County, Ohio",10337,469,5251,369,502,268,1367,549,1481,553,625,359,171,174,708,409,397,292,5086,220,657,369,709,436,1359,473,1252,450,237,161,312,335,560,454
0500000US39095,39095,"Lucas County, Ohio",11325,*****,5757,*****,650,359,1066,426,2420,575,813,440,237,228,312,264,259,224,5568,*****,545,303,882,410,1574,516,1296,493,664,525,280,194,327,312
0500000US39099,39099,"Mahoning County, Ohio",4722,298,2697,251,232,167,683,284,783,289,878,349,41,68,0,261,80,106,2025,279,153,117,450,240,920,331,230,174,160,191,49,80,63,103
0500000US39113,39113,"Montgomery County, Ohio",4866,367,2454,307,304,304,239,193,584,331,603,420,0,261,543,319,181,145,2412,352,335,263,0,261,289,182,803,356,411,320,493,336,81,96
0500000US40027,40027,"Cleveland County, Oklahoma",6048,378,3102,458,386,361,400,312,895,486,490,280,110,100,528,289,293,228,2946,174,218,177,434,328,576,288,443,224,294,182,713,295,268,273
0500000US40031,40031,"Comanche County, Oklahoma",4066,315,1957,370,0,244,163,164,646,281,595,266,268,228,263,163,22,44,2109,194,48,82,245,231,659,286,471,291,148,154,504,284,34,64
0500000US40109,40109,"Oklahoma County, Oklahoma",41070,*****,22442,*****,8609,1530,4140,904,4756,1124,2897,914,600,356,1091,452,349,267,18628,*****,6165,1020,3183,902,4023,909,2949,771,571,369,1234,497,503,215
0500000US40143,40143,"Tulsa County, Oklahoma",26760,*****,15377,*****,4195,1328,1613,773,5296,1463,1632,864,768,550,989,485,884,563,11383,*****,3015,1015,1761,671,2682,831,2071,724,363,272,1185,549,306,281
0500000US41005,41005,"Clackamas County, Oregon",13149,*****,7292,*****,1930,1286,1130,473,1761,785,1780,924,216,250,310,333,165,199,5857,*****,1289,601,923,361,1326,545,1034,451,310,278,644,338,331,185
0500000US41017,41017,"Deschutes County, Oregon",4273,313,2199,345,355,258,706,374,450,304,493,313,97,120,98,116,0,269,2074,357,221,223,676,480,339,273,342,341,68,116,282,289,146,185
0500000US41029,41029,"Jackson County, Oregon",8029,806,3808,535,1015,752,503,269,1168,519,392,297,0,269,585,455,145,265,4221,502,1186,725,326,268,1079,549,596,352,260,171,551,335,223,214
0500000US41039,41039,"Lane County, Oregon",10575,*****,5660,*****,1518,628,1234,563,1370,648,851,577,269,225,157,184,261,218,4915,*****,1197,576,456,293,912,393,1130,488,440,375,683,410,97,162
0500000US41047,41047,"Marion County, Oregon",32786,*****,19463,*****,8180,1627,2597,962,4832,1658,1806,792,704,482,755,387,589,437,13323,*****,5620,945,2639,808,2322,746,1646,592,457,281,584,389,55,88
0500000US41051,41051,"Multnomah County, Oregon",36996,*****,21493,*****,6505,1200,3533,1592,5061,1263,2888,922,726,764,1596,679,1184,822,15503,*****,5669,1126,1467,624,2849,781,2554,761,718,422,1383,638,863,428
0500000US41059,41059,"Umatilla County, Oregon",6643,467,3670,330,1288,460,661,367,886,715,374,326,461,415,0,269,0,269,2973,516,1166,435,796,526,639,426,0,269,372,370,0,269,0,269
0500000US41067,41067,"Washington County, Oregon",39152,*****,21212,317,5801,1405,4147,1772,6427,1675,2149,811,946,720,1191,711,551,550,17940,317,4659,1277,2140,986,4446,1158,3260,954,923,503,1290,533,1222,662
0500000US42003,42003,"Allegheny County, Pennsylvania",8370,231,4109,*****,219,242,138,163,337,306,715,422,255,216,1017,432,1428,585,4261,230,395,283,43,75,909,568,838,448,154,168,1375,592,547,365
0500000US42011,42011,"Berks County, Pennsylvania",25593,*****,13239,*****,3233,764,3726,745,3689,778,1482,657,242,190,781,520,86,121,12354,*****,2754,685,3362,847,3356,783,1396,505,541,403,607,345,338,225
0500000US42017,42017,"Bucks County, Pennsylvania",10291,436,5424,286,945,432,897,527,2000,702,607,215,595,594,279,192,101,127,4867,335,881,445,729,366,1215,471,1286,529,200,211,413,320,143,156
0500000US42029,42029,"Chester County, Pennsylvania",10484,*****,6509,304,1915,564,1105,483,1779,406,514,307,242,223,648,398,306,212,3975,303,1040,362,814,437,865,276,144,152,210,158,864,366,38,67
0500000US42043,42043,"Dauphin County, Pennsylvania",6572,461,2950,316,417,308,397,277,1241,509,384,278,43,73,356,333,112,128,3622,366,369,295,511,297,1652,456,303,204,126,180,301,242,360,355
0500000US42045,42045,"Delaware County, Pennsylvania",5967,375,3005,198,312,229,601,279,788,407,656,389,157,212,405,226,86,107,2962,340,283,215,119,164,751,446,893,362,135,177,311,255,470,318
0500000US42071,42071,"Lancaster County, Pennsylvania",16826,*****,8298,*****,1077,548,2512,632,2736,724,904,429,44,72,691,453,334,282,8528,*****,1414,487,2000,781,2277,714,1550,587,635,381,404,324,248,203
0500000US42075,42075,"Lebanon County, Pennsylvania",4034,352,1886,424,506,292,520,299,179,172,479,349,116,143,0,240,86,109,2148,319,262,247,664,330,518,307,497,305,45,79,148,163,14,25
0500000US42077,42077,"Lehigh County, Pennsylvania",24851,*****,12186,*****,2254,848,1728,852,4958,1073,1852,654,369,321,855,477,170,154,12665,*****,2357,881,1927,727,3474,822,2469,870,1620,606,494,322,324,208
0500000US42079,42079,"Luzerne County, Pennsylvania",5653,338,2867,314,408,327,1079,460,969,417,77,84,0,240,195,233,139,172,2786,272,355,259,652,318,882,361,452,249,214,244,193,220,38,73
0500000US42089,42089,"Monroe County, Pennsylvania",9896,716,4853,494,357,420,777,619,1855,834,1116,623,340,534,336,309,72,101,5043,458,337,350,283,291,1674,839,1068,588,367,364,868,523,446,457
0500000US42091,42091,"Montgomery County, Pennsylvania",11754,428,6245,428,736,403,783,333,2251,588,563,226,137,120,873,413,902,468,5509,*****,758,366,402,344,1325,474,659,325,335,203,1360,561,670,339
0500000US42095,42095,"Northampton County, Pennsylvania",12722,*****,6253,*****,657,347,1403,545,2012,545,677,372,244,176,1092,514,168,172,6469,*****,1048,458,1449,547,1719,574,1077,378,383,244,709,332,84,92
0500000US42101,42101,"Philadelphia County, Pennsylvania",79438,*****,38176,*****,8273,1625,8650,1678,12619,2137,4207,1194,885,529,2124,932,1418,608,41262,*****,8422,1321,7357,1537,13043,1882,5857,1287,1692,864,2151,670,2740,961
0500000US42133,42133,"York County, Pennsylvania",8006,330,3596,414,474,297,1176,456,801,338,715,330,74,128,184,167,172,164,4410,239,511,301,778,353,1404,520,1088,420,432,359,135,140,62,107
0500000US44007,44007,"Providence County, Rhode Island",56189,*****,27231,*****,7404,1156,5294,1297,8215,1358,2630,837,958,672,2298,742,432,301,28958,*****,7013,1461,4378,1067,8272,1170,3693,1149,1782,692,3098,969,722,502
0500000US45013,45013,"Beaufort County, South Carolina",6129,219,3900,189,435,364,634,351,1769,494,560,414,143,159,263,149,96,119,2229,302,368,286,106,119,853,412,646,383,51,82,94,107,111,112
0500000US45019,45019,"Charleston County, South Carolina",5636,366,3149,410,449,401,984,532,617,379,384,263,464,407,251,231,0,283,2487,345,614,379,279,285,540,301,326,245,0,283,647,416,81,100
0500000US45045,45045,"Greenville County, South Carolina",14677,413,9138,*****,3057,976,1315,721,2542,946,564,506,154,199,1387,584,119,169,5539,414,1381,568,981,432,1336,726,1136,579,189,157,247,156,269,215
0500000US45079,45079,"Richland County, South Carolina",5558,262,2405,268,481,281,359,396,340,245,592,274,30,50,399,207,204,226,3153,280,595,471,87,135,839,561,349,363,331,331,796,498,156,204
0500000US47037,47037,"Davidson County, Tennessee",22892,*****,13717,310,6205,1262,1739,731,2686,911,1660,672,287,395,618,377,522,347,9175,309,2793,868,701,415,2647,854,1222,628,459,342,765,362,588,336
0500000US47157,47157,"Shelby County, Tennessee",18949,*****,11693,432,5072,832,1516,662,2779,1082,992,463,191,250,298,207,845,405,7256,431,2584,622,957,515,1577,720,970,525,201,252,786,379,181,148
0500000US48005,48005,"Angelina County, Texas",6825,576,3664,362,1438,576,756,376,878,522,339,342,188,247,12,19,53,93,3161,328,1200,398,866,443,451,294,457,303,116,149,71,117,0,281
0500000US48021,48021,"Bastrop County, Texas",8176,1398,4542,775,1039,519,910,450,1128,557,654,418,74,131,637,421,100,160,3634,895,517,362,848,604,1147,401,783,588,110,140,112,134,117,136
0500000US48027,48027,"Bell County, Texas",24969,*****,12650,*****,1402,526,1648,632,4614,895,2595,845,616,349,800,405,975,485,12319,*****,1737,501,1422,698,4326,1011,2872,793,1059,663,687,444,216,200
0500000US48029,48029,"Bexar County, Texas",502613,*****,239063,*****,35939,2964,38498,3118,78933,3999,41240,3312,13677,2259,21813,1821,8963,1467,263550,*****,44135,3718,36069,3565,81120,4066,53375,3381,13187,1724,25244,2482,10420,1468
0500000US48039,48039,"Brazoria County, Texas",39382,*****,21328,*****,6151,1360,2818,899,6198,1073,2741,808,1364,632,1350,511,706,426,18054,*****,3576,943,4026,895,4373,1122,2817,772,880,488,1674,737,708,383
0500000US48041,48041,"Brazos County, Texas",14926,623,8407,*****,2463,859,1060,567,2754,775,1205,547,85,150,544,352,296,359,6519,622,963,604,1393,626,2223,672,1309,500,332,240,175,203,124,119
0500000US48061,48061,"Cameron County, Texas",172225,*****,78115,*****,20999,2046,11385,1781,21784,2222,10512,1689,4605,1227,5791,1296,3039,812,94110,*****,29995,1790,13068,1615,23375,2008,12433,1644,5325,1187,8095,1365,1819,627
0500000US48085,48085,"Collin County, Texas",52313,*****,28764,*****,9320,1880,4069,1342,4351,1435,3085,870,1337,657,3864,937,2738,815,23549,*****,3835,929,3469,1057,3927,985,4959,1339,1631,652,4209,1058,1519,626
0500000US48091,48091,"Comal County, Texas",13835,*****,7034,*****,1114,606,843,526,2021,597,1551,692,597,375,651,341,257,209,6801,*****,877,393,918,486,2354,595,1340,397,514,382,443,295,355,226
0500000US48099,48099,"Coryell County, Texas",4699,443,2387,384,431,359,4,8,277,199,1090,556,281,269,188,163,116,136,2312,296,223,216,182,192,333,232,389,335,207,226,826,554,152,185
0500000US48113,48113,"Dallas County, Texas",469322,*****,265929,*****,95910,6086,58026,4869,61723,5440,23518,2773,7843,1745,13089,2252,5820,1642,203393,*****,61977,4013,46326,3649,46865,4182,22987,2632,7229,1674,12506,2320,5503,1289
0500000US48121,48121,"Denton County, Texas",50921,*****,28147,*****,3469,1110,4324,1157,8016,1590,4913,1538,1484,723,5101,1701,840,488,22774,*****,4054,1163,3220,978,6090,1278,3479,824,1150,585,3690,1242,1091,586
0500000US48135,48135,"Ector County, Texas",31436,*****,15189,*****,3835,908,4704,1030,3966,955,1629,614,521,366,477,388,57,102,16247,*****,4817,879,2428,649,5122,1040,2369,738,387,314,998,632,126,166
0500000US48139,48139,"Ellis County, Texas",15772,*****,8768,*****,2042,703,2117,750,2636,969,1141,455,411,401,200,192,221,265,7004,*****,1159,569,1840,598,2288,697,1179,485,153,165,279,200,106,167
0500000US48141,48141,"El Paso County, Texas",324818,*****,144106,*****,31605,2472,21506,2091,35523,2553,28134,2058,8922,1474,11865,1757,6551,1345,180712,*****,47380,2634,24258,2880,41424,2768,34731,2460,10035,1540,17407,1928,5477,1037
0500000US48157,48157,"Fort Bend County, Texas",62519,*****,32035,*****,4424,1240,4358,1653,12377,2328,3767,1316,1994,735,3664,1133,1451,653,30484,*****,6220,1460,4265,1409,9814,1651,4828,1333,1928,637,2261,698,1168,591
0500000US48167,48167,"Galveston County, Texas",31931,*****,16161,*****,3532,825,2526,812,4700,956,2208,717,1328,507,1276,703,591,455,15770,*****,3361,1032,2507,785,3280,898,3478,809,1136,629,1476,638,532,320
0500000US48183,48183,"Gregg County, Texas",7115,484,3916,126,1126,548,873,406,1185,549,111,144,35,64,540,500,46,86,3199,510,891,449,934,413,307,252,483,361,164,213,328,278,92,117
0500000US48187,48187,"Guadalupe County, Texas",20269,*****,10045,*****,2156,755,2629,823,3014,749,532,333,371,296,1287,600,56,90,10224,*****,1705,560,3067,936,2250,630,1407,604,900,535,819,434,76,108
0500000US48201,48201,"Harris County, Texas",795392,*****,421333,*****,129103,6576,89106,6164,107101,7155,45768,3852,11269,2062,28571,3441,10415,1832,374059,*****,114545,5037,66281,4578,94369,4725,47725,3402,15225,2274,27790,2888,8124,1620
0500000US48209,48209,"Hays County, Texas",21326,*****,10935,*****,2457,992,1508,664,4162,1131,1086,599,286,203,1107,482,329,261,10391,*****,1556,423,1416,635,3233,703,2424,739,369,296,1029,435,364,283
0500000US48215,48215,"Hidalgo County, Texas",318222,*****,148900,*****,42644,2429,22360,2250,36412,3133,24943,2759,5881,1527,10573,1699,6087,1389,169322,*****,54130,2930,23732,2383,39393,3099,23247,2420,7708,1482,15775,2361,5337,1023
0500000US48245,48245,"Jefferson County, Texas",18308,*****,11126,*****,3511,1214,2346,842,2725,585,1286,452,476,402,510,363,272,205,7182,*****,1994,561,1914,697,2253,701,387,213,140,136,349,253,145,181
0500000US48251,48251,"Johnson County, Texas",12144,944,6275,847,1390,620,1336,963,2064,848,1145,517,0,281,340,370,0,281,5869,633,1315,563,704,550,2204,1031,647,461,166,218,211,337,622,653
0500000US48257,48257,"Kaufman County, Texas",7486,261,3672,201,1322,554,690,402,702,338,615,345,179,189,43,69,121,193,3814,320,1201,674,825,531,1050,488,231,155,329,329,178,227,0,281
0500000US48291,48291,"Liberty County, Texas",5588,431,2981,541,1798,657,281,223,448,319,253,250,201,257,0,281,0,281,2607,360,1123,480,905,320,210,197,167,161,196,203,6,10,0,281
0500000US48303,48303,"Lubbock County, Texas",40461,*****,19824,*****,4436,1053,2960,874,6274,1181,2735,914,1363,551,1600,638,456,390,20637,*****,4426,713,3677,920,6554,1016,2917,665,1276,702,1483,720,304,333
0500000US48309,48309,"McLennan County, Texas",23468,*****,12058,*****,4620,800,2699,830,2920,794,771,334,755,490,41,70,252,308,11410,*****,3854,901,1955,685,2540,749,1425,617,496,281,918,502,222,232
0500000US48329,48329,"Midland County, Texas",22175,*****,10752,*****,2573,649,2353,877,3084,882,1231,457,889,465,524,395,98,120,11423,*****,2956,622,2423,843,3218,1031,1781,591,511,365,483,325,51,89
0500000US48339,48339,"Montgomery County, Texas",35164,*****,18890,*****,4583,1049,4623,1234,5104,1057,2062,863,773,506,948,358,797,510,16274,*****,3886,1075,1919,837,4856,1131,2485,947,1338,745,1334,774,456,319
0500000US48355,48355,"Nueces County, Texas",107882,*****,50338,*****,7236,1336,9932,1697,14697,1704,9624,1550,3340,984,4287,1067,1222,533,57544,*****,10261,1429,7588,1272,17468,1602,12229,1610,2891,792,4966,1121,2141,745
0500000US48375,48375,"Potter County, Texas",19475,*****,10164,*****,2868,707,1989,692,3176,853,1350,668,290,307,430,355,61,107,9311,*****,2995,779,2382,777,2352,681,1225,589,128,131,140,144,89,152
0500000US48381,48381,"Randall County, Texas",6897,461,3623,350,213,206,728,514,1160,491,1016,420,106,108,238,202,162,159,3274,285,367,318,306,247,834,515,1171,527,330,295,153,248,113,138
0500000US48409,48409,"San Patricio County, Texas",19158,362,8826,362,2296,659,1629,515,3196,770,938,424,456,307,207,201,104,168,10332,*****,2607,582,1601,606,2981,856,2092,757,834,470,217,205,0,281
0500000US48423,48423,"Smith County, Texas",13791,*****,7441,*****,3546,651,1451,593,1015,484,934,477,63,104,343,365,89,106,6350,*****,2631,577,1289,485,1357,519,529,280,65,115,383,279,96,131
0500000US48439,48439,"Tarrant County, Texas",218068,*****,118641,*****,31965,2878,21153,2483,36445,3180,12058,1785,4288,1156,10733,1891,1999,690,99427,*****,25942,2302,16603,2127,26993,2464,15519,1764,4660,1201,7332,1325,2378,580
0500000US48441,48441,"Taylor County, Texas",12400,467,5783,468,928,479,1827,790,1839,728,607,319,289,257,293,217,0,281,6617,*****,1401,497,1080,451,1933,601,1379,433,181,153,566,414,77,96
0500000US48451,48451,"Tom Green County, Texas",18823,*****,8987,*****,1274,325,2342,877,3116,882,994,451,575,540,531,358,155,178,9836,*****,2107,520,2141,737,3130,700,1246,486,488,378,724,440,0,281
0500000US48453,48453,"Travis County, Texas",163336,*****,90795,*****,22731,2777,13276,1917,25353,2891,13034,2025,2996,1058,8760,2065,4645,1176,72541,*****,15943,1795,9864,1621,19547,2328,11628,1805,2720,905,8911,1343,3928,797
0500000US48469,48469,"Victoria County, Texas",19523,*****,9400,*****,2287,648,1609,594,2703,761,1434,590,699,386,489,380,179,175,10123,*****,2252,567,1434,554,3245,667,2399,638,322,254,435,295,36,61
0500000US48479,48479,"Webb County, Texas",110828,*****,50345,*****,12803,1506,8076,1441,11858,1529,8794,1322,3644,1094,3986,867,1184,445,60483,*****,17968,1648,9221,1618,13990,1955,7793,1171,4398,1341,4877,1103,2236,597
0500000US48485,48485,"Wichita County, Texas",9086,522,4873,547,1139,538,834,327,1883,482,706,362,37,64,189,155,85,103,4213,391,1051,545,906,481,787,398,837,379,138,135,423,311,71,114
0500000US48491,48491,"Williamson County, Texas",38475,*****,19741,*****,4317,1422,1891,832,4870,1203,4392,1262,1376,624,2293,666,602,299,18734,*****,2994,964,2154,939,4930,1152,3763,1112,1741,746,2518,764,634,304
0500000US49011,49011,"Davis County, Utah",8854,284,4471,257,339,286,418,314,1000,444,1742,572,410,299,200,174,362,239,4383,380,202,277,317,247,1904,732,1067,519,537,399,154,166,202,203
0500000US49035,49035,"Salt Lake County, Utah",77352,*****,42561,*****,10373,2443,8289,1785,11420,2044,5857,1400,1923,865,3855,1238,844,409,34791,*****,7584,1384,3841,1088,11573,1654,5181,1196,2255,749,3137,872,1220,923
0500000US49049,49049,"Utah County, Utah",19184,*****,10114,*****,1841,778,1566,662,3800,959,1150,518,367,311,1063,528,327,248,9070,*****,2091,741,1299,555,2425,777,1452,541,551,355,574,346,678,500
0500000US49057,49057,"Weber County, Utah",15369,656,7865,656,3148,999,1028,451,1737,630,723,439,240,208,890,570,99,116,7504,*****,2151,672,1179,566,2170,564,970,465,326,205,614,363,94,159
0500000US51013,51013,"Arlington County, Virginia",19718,*****,10525,*****,1690,1411,1522,938,1640,997,2058,987,224,316,1473,750,1918,1061,9193,*****,2624,941,854,575,1584,943,934,628,467,281,1694,679,1036,499
0500000US51041,51041,"Chesterfield County, Virginia",8555,*****,5015,214,1291,479,744,453,1653,524,359,211,209,247,272,177,487,283,3540,214,1318,357,570,301,670,357,470,232,278,192,151,131,83,98
0500000US51059,51059,"Fairfax County, Virginia",75229,*****,39382,*****,5951,1518,5186,1275,8645,1627,5730,1497,2492,1136,5887,1513,5491,1405,35847,*****,6836,1656,3524,1085,6101,1105,6433,1728,2423,876,6854,1423,3676,880
0500000US51087,51087,"Henrico County, Virginia",5763,485,3276,339,808,470,893,576,435,501,371,295,61,102,572,350,136,123,2487,392,668,358,304,304,379,264,321,252,45,75,487,301,283,187
0500000US51107,51107,"Loudoun County, Virginia",14967,762,7631,781,1033,666,1073,631,2125,936,752,382,242,239,1540,683,866,518,7336,300,915,648,636,500,1510,697,1173,506,498,504,1999,807,605,492
0500000US51153,51153,"Prince William County, Virginia",38110,*****,20759,*****,6355,1367,2866,1049,5760,1379,2412,778,966,522,1733,738,667,334,17351,*****,3514,991,3375,1294,4754,1123,3336,935,709,402,988,480,675,353
0500000US51179,51179,"Stafford County, Virginia",5163,299,2776,434,719,392,281,234,205,193,86,143,478,330,333,237,674,391,2387,387,130,163,155,210,297,233,593,402,729,406,189,171,294,241
0500000US51510,51510,"Alexandria city, Virginia",9865,1364,5265,1439,1584,1125,464,536,368,274,645,453,225,333,581,338,1398,627,4600,333,512,371,696,648,1036,731,214,163,205,232,1062,638,875,479
0500000US51700,51700,"Newport News city, Virginia",3544,368,1177,327,80,92,64,69,377,209,293,200,252,181,24,42,87,119,2367,243,103,116,187,226,536,263,869,401,280,250,392,247,0,279
0500000US51710,51710,"Norfolk city, Virginia",3100,478,1502,477,48,79,143,148,473,307,233,151,155,120,402,374,48,46,1598,207,239,207,96,93,426,284,373,225,118,132,155,101,191,175
0500000US51810,51810,"Virginia Beach city, Virginia",11671,*****,5494,329,616,607,630,484,1194,563,1334,562,449,388,556,364,715,518,6177,329,75,121,506,347,1994,581,1320,485,883,382,1144,492,255,193
0500000US53005,53005,"Benton County, Washington",11526,*****,5928,314,2621,633,540,413,1843,676,278,249,179,218,310,201,157,170,5598,314,2444,732,378,286,1327,510,665,319,61,76,428,296,295,249
0500000US53011,53011,"Clark County, Washington",12853,*****,7068,*****,1795,553,1282,711,1855,730,865,484,278,273,583,331,410,285,5785,*****,959,407,420,285,1727,493,1097,487,680,416,679,288,223,212
0500000US53021,53021,"Franklin County, Washington",14798,*****,8252,*****,2782,778,1833,834,1990,727,416,325,652,577,520,464,59,99,6546,*****,2733,634,1264,457,1842,689,568,386,0,267,56,90,83,136
0500000US53025,53025,"Grant County, Washington",13362,*****,7487,312,3439,922,1928,760,1153,532,720,490,247,311,0,267,0,267,5875,312,2695,619,1213,591,835,415,764,427,194,181,58,77,116,160
0500000US53033,53033,"King County, Washington",73664,*****,41525,*****,6515,1523,6168,1472,12715,1940,6046,1533,1496,677,6477,1489,2108,718,32139,*****,5507,1332,5088,1481,7696,1514,5030,973,1705,727,4847,1044,2266,841
0500000US53053,53053,"Pierce County, Washington",27015,*****,13295,416,2763,869,1624,561,4432,1006,2756,847,475,340,1138,547,107,150,13720,416,2498,998,1419,808,4509,1073,2834,773,1004,419,1062,502,394,283
0500000US53057,53057,"Skagit County, Washington",7090,963,3550,751,1428,832,705,633,942,532,251,263,208,327,16,30,0,267,3540,520,969,415,1218,517,543,269,342,273,426,387,23,52,19,34
0500000US53061,53061,"Snohomish County, Washington",22728,*****,12435,*****,3241,934,1980,1120,3356,1059,1394,729,709,534,1261,523,494,316,10293,*****,2308,960,1564,649,2082,619,2340,657,559,384,560,283,880,426
0500000US53063,53063,"Spokane County, Washington",7476,280,4179,242,750,356,357,247,854,441,1053,412,466,281,506,396,193,244,3297,360,273,200,240,239,1276,384,799,340,85,112,453,279,171,194
0500000US53067,53067,"Thurston County, Washington",6530,685,3361,477,491,443,110,137,364,302,1423,608,335,247,468,465,170,212,3169,464,58,86,323,322,1020,519,544,271,303,215,611,331,310,276
0500000US53077,53077,"Yakima County, Washington",42313,*****,22075,*****,9114,1214,5091,1107,4762,1249,2136,670,394,366,207,200,371,368,20238,*****,8567,1292,4019,1023,4488,1240,1956,823,471,288,361,340,376,308
0500000US55009,55009,"Brown County, Wisconsin",6302,513,3214,343,836,388,592,433,952,582,350,361,188,239,127,153,169,222,3088,354,399,217,157,206,1431,517,500,339,259,234,264,298,78,132
0500000US55025,55025,"Dane County, Wisconsin",12678,744,7157,517,446,380,452,265,2206,1108,1772,834,242,243,1095,495,944,528,5521,542,562,386,344,323,1257,693,1202,631,813,511,939,473,404,308
0500000US55059,55059,"Kenosha County, Wisconsin",7265,529,3764,465,350,263,385,290,1876,574,774,383,72,118,307,473,0,211,3501,256,457,372,328,243,1747,587,625,476,45,78,299,237,0,211
0500000US55079,55079,"Milwaukee County, Wisconsin",53464,*****,28892,*****,7629,1228,6075,1480,8768,1449,3688,982,551,422,1247,579,934,483,24572,*****,5537,1079,4028,1037,7943,1195,3454,859,1325,492,1266,468,1019,392
0500000US55101,55101,"Racine County, Wisconsin",9395,386,5321,470,1495,592,1010,465,1461,646,843,439,205,172,182,173,125,132,4074,240,993,403,871,408,646,307,799,358,468,385,255,148,42,66
0500000US55133,55133,"Waukesha County, Wisconsin",6399,440,3661,460,275,183,700,385,1274,572,353,234,287,215,332,193,440,607,2738,367,216,183,135,157,1042,482,593,348,87,143,395,310,270,253
0500000US56021,56021,"Laramie County, Wyoming",4971,470,2355,238,82,108,482,329,884,357,738,412,103,112,66,81,0,259,2616,376,451,352,466,279,741,339,551,261,0,259,359,277,48,78
